response_id,department,country,region,gender_group,age_band,job_level,tenure_band,work_model,Belonging,Employee Voice,Psychological Safety,Fairness & Opportunity,Inclusive Leadership,inclusion_index_1_5,inclusion_index_0_100,inclusion_outcome
R00001,Operations,IN,APAC,Women,60+,Individual contributor,1-2 years,Onsite,3.667,4.667,3.333,2.667,4.0,3.667,66.7,3.667
R00003,Operations,IN,APAC,Women,30-39,Individual contributor,1-2 years,Onsite,4.0,3.0,1.667,4.0,2.667,3.067,51.7,2.333
R00004,Operations,IN,APAC,Men,40-49,Individual contributor,3-5 years,Hybrid,5.0,4.333,3.333,3.667,3.0,3.867,71.7,3.667
R00005,Operations,IN,APAC,Men,50-59,Individual contributor,10 years +,Onsite,4.333,2.667,3.333,3.667,2.333,3.267,56.7,4.0
R00006,Operations,IN,APAC,Women,18-29,Individual contributor,3-5 years,Onsite,3.333,4.0,3.667,2.333,2.667,3.2,55.0,2.667
R00007,Operations,IN,APAC,Women,30-39,Individual contributor,< 1 year,Onsite,3.333,4.333,1.0,3.333,4.333,3.267,56.7,4.333
R00008,Operations,IN,APAC,Women,40-49,Team lead,10 years +,Onsite,4.0,4.0,2.667,3.0,3.667,3.467,61.7,3.667
R00010,Operations,IN,APAC,Men,60+,Individual contributor,10 years +,Onsite,4.333,3.333,3.333,3.0,4.333,3.667,66.7,3.667
R00011,Operations,IN,APAC,Men,40-49,Individual contributor,6-10 years,Onsite,3.0,2.333,2.333,2.333,4.667,2.933,48.3,2.667
R00012,Operations,IN,APAC,Women,30-39,Individual contributor,< 1 year,Onsite,4.0,4.0,4.0,3.333,3.0,3.667,66.7,3.333
R00013,Operations,IN,APAC,Women,30-39,Individual contributor,3-5 years,Onsite,4.333,4.333,3.333,2.667,3.667,3.667,66.7,4.333
R00015,Operations,IN,APAC,Women,40-49,Individual contributor,1-2 years,Hybrid,3.333,2.667,4.0,3.0,4.333,3.467,61.7,4.333
R00018,Operations,IN,APAC,Women,40-49,Individual contributor,< 1 year,Onsite,3.0,3.333,2.667,4.0,4.0,3.4,60.0,3.333
R00019,Operations,IN,APAC,Men,18-29,Individual contributor,3-5 years,Onsite,3.333,2.667,2.0,3.667,3.667,3.067,51.7,3.333
R00021,Operations,IN,APAC,Men,40-49,Individual contributor,3-5 years,Onsite,4.0,3.0,4.0,4.333,3.333,3.733,68.3,2.667
R00023,Operations,IN,APAC,Men,30-39,Individual contributor,3-5 years,Onsite,3.667,4.0,2.0,2.333,2.667,2.933,48.3,2.0
R00024,Operations,IN,APAC,Men,18-29,Manager,< 1 year,Remote,3.667,3.667,3.0,3.667,3.667,3.533,63.3,3.0
R00025,Operations,IN,APAC,Men,18-29,Team lead,10 years +,Onsite,4.333,4.0,4.0,3.667,2.667,3.733,68.3,3.333
R00028,Operations,IN,APAC,Men,50-59,Individual contributor,< 1 year,Onsite,2.333,2.667,3.0,2.0,3.667,2.733,43.3,2.333
R00030,Operations,IN,APAC,Men,18-29,Individual contributor,3-5 years,Onsite,3.0,2.333,4.0,1.667,3.667,2.933,48.3,2.0
R00032,Operations,IN,APAC,Men,40-49,Individual contributor,3-5 years,Onsite,3.667,4.333,2.0,3.667,4.0,3.533,63.3,4.0
R00033,Operations,IN,APAC,Women,40-49,Individual contributor,< 1 year,Remote,3.333,3.0,3.667,4.667,4.333,3.8,70.0,4.0
R00036,Operations,IN,APAC,Men,60+,Individual contributor,1-2 years,Hybrid,3.333,3.667,4.0,2.667,4.0,3.533,63.3,3.0
R00040,Operations,IN,APAC,Women,18-29,Individual contributor,3-5 years,Onsite,3.0,1.667,2.333,3.333,4.333,2.933,48.3,3.0
R00043,Operations,IN,APAC,Men,40-49,Individual contributor,6-10 years,Onsite,3.333,2.0,2.333,3.333,3.0,2.8,45.0,1.667
R00044,Operations,IN,APAC,Women,30-39,Team lead,3-5 years,Hybrid,4.667,4.0,3.0,4.333,4.667,4.133,78.3,3.0
R00046,Operations,IN,APAC,Women,18-29,Individual contributor,6-10 years,Onsite,2.667,3.667,1.333,3.667,3.333,2.933,48.3,3.333
R00047,Operations,IN,APAC,Men,30-39,Individual contributor,6-10 years,Onsite,3.667,1.667,2.667,3.667,3.333,3.0,50.0,3.0
R00048,Operations,IN,APAC,Women,60+,Individual contributor,3-5 years,Onsite,2.667,4.0,3.0,3.0,4.0,3.333,58.3,4.0
R00049,Operations,IN,APAC,Men,30-39,Individual contributor,6-10 years,Onsite,3.333,3.0,2.0,4.333,2.667,3.067,51.7,3.0
R00050,Operations,IN,APAC,Men,50-59,Individual contributor,10 years +,Onsite,4.667,2.333,4.0,2.667,2.667,3.267,56.7,5.0
R00051,Operations,IN,APAC,Women,18-29,Individual contributor,1-2 years,Onsite,3.667,2.667,2.333,3.0,2.667,2.867,46.7,3.333
R00052,Operations,IN,APAC,Women,18-29,Individual contributor,6-10 years,Onsite,3.0,2.333,2.333,4.667,4.0,3.267,56.7,2.333
R00053,Operations,US,North America,Men,40-49,Individual contributor,6-10 years,Onsite,3.667,2.0,3.667,3.667,4.667,3.533,63.3,3.667
R00054,Operations,US,North America,Men,50-59,Individual contributor,3-5 years,Hybrid,5.0,3.333,2.667,2.667,3.0,3.333,58.3,4.0
R00055,Operations,US,North America,Women,50-59,Team lead,3-5 years,Onsite,5.0,4.667,4.0,2.667,5.0,4.267,81.7,4.0
R00056,Operations,US,North America,Men,40-49,Individual contributor,1-2 years,Hybrid,3.667,4.333,4.333,4.667,4.667,4.333,83.3,4.333
R00058,Operations,US,North America,Women,30-39,Individual contributor,10 years +,Onsite,5.0,2.333,5.0,2.667,5.0,4.0,75.0,3.667
R00061,Operations,US,North America,Women,30-39,Individual contributor,6-10 years,Onsite,4.0,2.0,3.0,2.667,3.667,3.067,51.7,3.667
R00062,Operations,US,North America,Men,40-49,Individual contributor,< 1 year,Onsite,4.333,3.0,3.333,4.0,5.0,3.933,73.3,3.0
R00063,Operations,US,North America,Women,50-59,Individual contributor,1-2 years,Onsite,4.667,2.0,4.333,3.333,5.0,3.867,71.7,4.667
R00064,Operations,US,North America,Men,18-29,Manager,< 1 year,Onsite,5.0,4.0,4.667,4.667,5.0,4.667,91.7,4.667
R00065,Operations,US,North America,Women,40-49,Individual contributor,6-10 years,Onsite,4.333,2.0,4.0,4.333,5.0,3.933,73.3,4.0
R00066,Operations,US,North America,Men,40-49,Individual contributor,< 1 year,Onsite,5.0,3.333,3.667,3.667,5.0,4.133,78.3,4.667
R00067,Operations,US,North America,Men,40-49,Individual contributor,3-5 years,Remote,3.0,3.667,4.333,3.333,4.0,3.667,66.7,3.667
R00069,Operations,US,North America,Men,50-59,Manager,10 years +,Onsite,4.0,3.667,3.333,2.0,4.0,3.4,60.0,3.333
R00070,Operations,IN,APAC,Women,40-49,Team lead,1-2 years,Onsite,4.0,2.333,3.667,3.0,3.667,3.333,58.3,3.667
R00072,Operations,IN,APAC,Women,40-49,Individual contributor,6-10 years,Onsite,2.333,4.333,3.667,2.667,2.667,3.133,53.3,3.333
R00074,Operations,IN,APAC,Men,40-49,Individual contributor,< 1 year,Onsite,4.667,4.333,2.333,4.0,4.333,3.933,73.3,4.0
R00075,Operations,IN,APAC,Men,30-39,Individual contributor,1-2 years,Remote,4.333,4.0,3.0,2.667,2.333,3.267,56.7,4.0
R00076,Operations,IN,APAC,Women,30-39,Individual contributor,1-2 years,Onsite,3.667,2.667,2.333,4.0,3.667,3.267,56.7,3.0
R00078,Operations,IN,APAC,Men,50-59,Individual contributor,< 1 year,Onsite,4.667,3.333,4.667,4.333,3.333,4.067,76.7,4.333
R00080,Operations,IN,APAC,Women,40-49,Individual contributor,3-5 years,Onsite,4.0,1.333,2.667,4.333,4.667,3.4,60.0,3.667
R00081,Operations,IN,APAC,Men,18-29,Individual contributor,6-10 years,Onsite,4.333,3.0,4.667,2.0,3.333,3.467,61.7,3.0
R00082,Operations,IN,APAC,Men,30-39,Individual contributor,6-10 years,Onsite,4.333,4.333,3.0,3.333,4.333,3.867,71.7,2.0
R00087,Operations,IN,APAC,Men,40-49,Individual contributor,< 1 year,Onsite,4.0,2.667,1.0,4.333,4.0,3.2,55.0,2.667
R00088,Operations,IN,APAC,Men,40-49,Individual contributor,1-2 years,Onsite,5.0,2.667,3.333,2.667,2.333,3.2,55.0,2.333
R00089,Operations,IN,APAC,Men,30-39,Manager,3-5 years,Onsite,4.0,4.0,3.0,2.333,3.667,3.4,60.0,4.0
R00090,Operations,IN,APAC,Women,30-39,Individual contributor,3-5 years,Onsite,3.333,4.333,3.333,3.0,3.667,3.533,63.3,3.667
R00091,Operations,IN,APAC,Men,50-59,Individual contributor,1-2 years,Onsite,2.667,2.667,2.0,3.0,3.0,2.667,41.7,3.333
R00092,Operations,IN,APAC,Men,40-49,Individual contributor,3-5 years,Onsite,4.667,3.667,4.0,3.333,4.333,4.0,75.0,3.333
R00093,Operations,IN,APAC,Women,30-39,Individual contributor,1-2 years,Hybrid,2.667,3.667,2.667,2.667,4.333,3.2,55.0,3.333
R00095,Operations,IN,APAC,Men,40-49,Individual contributor,6-10 years,Onsite,4.0,4.333,4.0,4.0,4.0,4.067,76.7,5.0
R00096,Operations,IN,APAC,Non-binary / self-described,30-39,Individual contributor,6-10 years,Onsite,5.0,3.667,2.333,2.0,4.0,3.4,60.0,2.333
R00097,Operations,IN,APAC,Men,50-59,Individual contributor,1-2 years,Onsite,4.667,3.333,4.667,2.667,4.667,4.0,75.0,3.667
R00098,Operations,IN,APAC,Women,18-29,Individual contributor,3-5 years,Onsite,3.667,3.667,2.333,3.0,4.0,3.333,58.3,3.333
R00100,Operations,IN,APAC,Men,40-49,Individual contributor,3-5 years,Onsite,2.0,1.667,4.0,3.333,3.667,2.933,48.3,2.667
R00101,Operations,IN,APAC,Men,40-49,Individual contributor,6-10 years,Onsite,2.0,3.0,1.333,2.333,3.333,2.4,35.0,2.333
R00102,Operations,IN,APAC,Men,30-39,Individual contributor,10 years +,Onsite,3.0,3.0,1.0,3.333,4.0,2.867,46.7,1.667
R00103,Operations,IN,APAC,Women,50-59,Individual contributor,1-2 years,Onsite,3.0,4.0,4.0,2.0,3.667,3.333,58.3,3.0
R00104,Operations,IN,APAC,Women,60+,Individual contributor,< 1 year,Onsite,4.0,3.667,4.0,3.333,4.0,3.8,70.0,4.667
R00105,Operations,IN,APAC,Men,40-49,Individual contributor,6-10 years,Onsite,2.667,2.333,3.333,4.667,3.0,3.2,55.0,3.333
R00106,Operations,IN,APAC,Men,30-39,Individual contributor,6-10 years,Onsite,4.333,2.667,3.667,2.667,4.0,3.467,61.7,3.667
R00109,Operations,IN,APAC,Women,30-39,Individual contributor,6-10 years,Onsite,3.0,2.667,1.333,3.333,2.667,2.6,40.0,3.0
R00111,Operations,IN,APAC,Men,40-49,Team lead,< 1 year,Onsite,4.667,4.667,4.0,3.333,4.333,4.2,80.0,4.667
R00112,Operations,IN,APAC,Men,18-29,Individual contributor,1-2 years,Onsite,4.333,3.0,2.667,4.667,4.333,3.8,70.0,3.667
R00113,Operations,IN,APAC,Women,18-29,Individual contributor,3-5 years,Onsite,4.0,4.0,2.0,3.333,3.667,3.4,60.0,4.667
R00116,Operations,IN,APAC,Women,50-59,Individual contributor,6-10 years,Onsite,1.333,3.0,3.333,3.333,4.333,3.067,51.7,3.333
R00121,Operations,IN,APAC,Women,50-59,Team lead,10 years +,Onsite,3.0,3.0,2.0,2.333,4.333,2.933,48.3,3.0
R00122,Operations,DE,EMEA,Men,18-29,Individual contributor,1-2 years,Onsite,3.333,2.333,3.0,3.0,3.333,3.0,50.0,3.667
R00124,Operations,DE,EMEA,Women,18-29,Individual contributor,1-2 years,Onsite,4.333,1.667,3.667,1.667,4.667,3.2,55.0,3.0
R00126,Operations,DE,EMEA,Non-binary / self-described,40-49,Individual contributor,1-2 years,Onsite,4.0,2.333,3.0,3.333,4.0,3.333,58.3,3.333
R00130,Operations,DE,EMEA,Women,30-39,Individual contributor,1-2 years,Onsite,2.667,3.667,4.0,4.0,4.0,3.667,66.7,3.333
R00131,Operations,DE,EMEA,Women,60+,Manager,6-10 years,Onsite,4.0,4.0,4.667,3.667,4.0,4.067,76.7,3.333
R00132,Operations,DE,EMEA,Men,18-29,Individual contributor,3-5 years,Remote,4.0,2.0,2.0,4.0,3.667,3.133,53.3,3.667
R00133,Operations,DE,EMEA,Women,60+,Individual contributor,6-10 years,Onsite,3.333,3.0,3.0,2.667,4.333,3.267,56.7,2.333
R00135,Operations,DE,EMEA,Women,30-39,Individual contributor,< 1 year,Remote,3.0,4.0,4.667,2.0,3.333,3.4,60.0,3.333
R00137,Operations,DE,EMEA,Non-binary / self-described,50-59,Individual contributor,1-2 years,Onsite,5.0,2.0,3.333,3.0,3.667,3.4,60.0,4.0
R00138,Operations,DE,EMEA,Men,40-49,Team lead,3-5 years,Onsite,4.333,4.0,4.333,3.0,5.0,4.133,78.3,3.333
R00141,Operations,DE,EMEA,Women,40-49,Individual contributor,3-5 years,Hybrid,4.667,3.0,3.667,2.667,2.0,3.2,55.0,3.667
R00142,Operations,DE,EMEA,Men,50-59,Individual contributor,1-2 years,Onsite,4.333,2.667,2.667,4.0,5.0,3.733,68.3,3.667
R00143,Operations,DE,EMEA,Men,40-49,Individual contributor,3-5 years,Onsite,3.667,4.667,2.667,3.0,4.333,3.667,66.7,2.667
R00144,Operations,DE,EMEA,Women,40-49,Individual contributor,< 1 year,Onsite,3.667,2.667,3.333,3.667,4.0,3.467,61.7,5.0
R00146,Operations,DE,EMEA,Non-binary / self-described,30-39,Individual contributor,10 years +,Hybrid,3.667,3.333,3.667,2.0,3.667,3.267,56.7,3.0
R00147,Operations,DE,EMEA,Men,50-59,Team lead,1-2 years,Onsite,3.667,2.333,4.333,3.667,5.0,3.8,70.0,3.333
R00148,Operations,DE,EMEA,Women,50-59,Individual contributor,10 years +,Onsite,3.0,4.0,2.667,4.0,3.667,3.467,61.7,4.333
R00149,Operations,DE,EMEA,Men,50-59,Individual contributor,1-2 years,Onsite,4.333,3.0,2.667,4.667,3.667,3.667,66.7,3.333
R00150,Operations,DE,EMEA,Non-binary / self-described,30-39,Team lead,10 years +,Hybrid,3.667,4.0,4.333,4.0,3.333,3.867,71.7,3.0
R00151,Operations,DE,EMEA,Men,50-59,Individual contributor,1-2 years,Onsite,3.667,3.667,4.667,4.0,3.667,3.933,73.3,3.333
R00152,Operations,DE,EMEA,Women,40-49,Manager,3-5 years,Onsite,4.0,4.667,4.0,3.333,4.0,4.0,75.0,3.333
R00154,Operations,DE,EMEA,Women,30-39,Individual contributor,1-2 years,Onsite,3.0,4.333,4.0,3.667,3.667,3.733,68.3,4.0
R00155,Operations,DE,EMEA,Men,60+,Team lead,6-10 years,Onsite,3.667,4.0,4.0,3.0,4.0,3.733,68.3,2.333
R00156,Operations,DE,EMEA,Women,30-39,Individual contributor,1-2 years,Remote,3.333,2.667,3.333,4.333,3.333,3.4,60.0,4.0
R00157,Operations,DE,EMEA,Women,50-59,Team lead,3-5 years,Onsite,3.333,2.333,2.667,2.0,5.0,3.067,51.7,4.0
R00158,Operations,DE,EMEA,Women,40-49,Manager,6-10 years,Onsite,3.333,2.667,4.0,3.0,4.333,3.467,61.7,2.667
R00161,Operations,DE,EMEA,Men,18-29,Team lead,1-2 years,Onsite,4.667,4.0,3.0,2.333,4.0,3.6,65.0,3.667
R00162,Operations,DE,EMEA,Men,18-29,Team lead,10 years +,Onsite,3.667,4.333,3.667,3.667,3.333,3.733,68.3,3.667
R00165,Operations,US,North America,Women,60+,Individual contributor,< 1 year,Onsite,3.667,4.667,3.667,4.667,3.667,4.067,76.7,3.667
R00166,Operations,US,North America,Non-binary / self-described,60+,Individual contributor,10 years +,Onsite,4.667,4.0,2.333,3.667,4.333,3.8,70.0,3.667
R00167,Operations,US,North America,Women,40-49,Individual contributor,6-10 years,Onsite,3.667,3.667,3.0,3.667,4.0,3.6,65.0,4.0
R00172,Operations,US,North America,Women,18-29,Team lead,< 1 year,Onsite,4.0,4.667,2.333,5.0,4.0,4.0,75.0,4.667
R00173,Operations,US,North America,Men,40-49,Manager,3-5 years,Onsite,3.0,3.0,3.667,3.0,4.333,3.4,60.0,3.333
R00175,Operations,US,North America,Men,30-39,Individual contributor,3-5 years,Onsite,5.0,3.667,2.333,3.333,5.0,3.867,71.7,4.0
R00176,Operations,US,North America,Men,30-39,Individual contributor,6-10 years,Onsite,3.333,3.667,3.0,4.0,2.667,3.333,58.3,3.0
R00178,Operations,US,North America,Women,50-59,Individual contributor,10 years +,Onsite,4.0,3.333,3.333,2.667,3.333,3.333,58.3,4.333
R00179,Operations,US,North America,Men,30-39,Individual contributor,3-5 years,Onsite,4.333,3.667,3.333,2.667,3.667,3.533,63.3,3.0
R00180,Operations,US,North America,Men,40-49,Individual contributor,< 1 year,Onsite,4.333,4.667,2.667,4.0,2.667,3.667,66.7,4.333
R00181,Operations,DE,EMEA,Men,40-49,Individual contributor,1-2 years,Onsite,3.667,2.0,3.0,1.667,4.0,2.867,46.7,2.333
R00182,Operations,DE,EMEA,Men,18-29,Individual contributor,3-5 years,Onsite,3.667,2.0,4.0,3.0,4.0,3.333,58.3,3.667
R00183,Operations,DE,EMEA,Non-binary / self-described,30-39,Individual contributor,1-2 years,Onsite,4.333,2.667,4.333,1.667,4.667,3.533,63.3,3.667
R00187,Operations,DE,EMEA,Men,30-39,Individual contributor,3-5 years,Onsite,5.0,2.667,3.0,3.0,4.0,3.533,63.3,3.0
R00188,Operations,DE,EMEA,Men,30-39,Individual contributor,< 1 year,Onsite,3.667,2.667,4.0,3.667,3.333,3.467,61.7,3.667
R00189,Operations,DE,EMEA,Men,30-39,Individual contributor,1-2 years,Onsite,2.667,2.667,3.0,4.0,3.667,3.2,55.0,3.667
R00190,Operations,DE,EMEA,Men,30-39,Individual contributor,1-2 years,Onsite,4.0,3.667,4.0,4.667,3.667,4.0,75.0,4.667
R00191,Operations,DE,EMEA,Men,18-29,Individual contributor,3-5 years,Onsite,3.0,3.667,2.333,2.667,5.0,3.333,58.3,3.333
R00192,Operations,DE,EMEA,Men,18-29,Individual contributor,1-2 years,Onsite,4.0,3.0,4.333,4.333,4.333,4.0,75.0,5.0
R00194,Operations,DE,EMEA,Men,18-29,Individual contributor,6-10 years,Hybrid,3.667,2.333,3.667,4.0,3.333,3.4,60.0,3.0
R00196,Operations,DE,EMEA,Women,30-39,Individual contributor,6-10 years,Onsite,3.333,3.333,1.333,3.0,3.0,2.8,45.0,3.333
R00198,Operations,DE,EMEA,Women,40-49,Individual contributor,6-10 years,Hybrid,1.333,2.667,3.333,3.667,2.667,2.733,43.3,3.333
R00201,Operations,DE,EMEA,Women,30-39,Team lead,3-5 years,Onsite,3.333,2.0,2.0,2.0,4.667,2.8,45.0,2.667
R00202,Operations,DE,EMEA,Men,40-49,Individual contributor,6-10 years,Onsite,4.667,1.667,2.667,2.667,4.333,3.2,55.0,2.667
R00203,Operations,DE,EMEA,Men,40-49,Individual contributor,3-5 years,Onsite,2.0,4.0,3.0,3.667,3.0,3.133,53.3,3.0
R00204,Operations,DE,EMEA,Women,30-39,Team lead,10 years +,Onsite,4.667,4.333,2.333,3.667,4.333,3.867,71.7,3.667
R00205,Operations,PL,EMEA,Non-binary / self-described,30-39,Individual contributor,6-10 years,Remote,2.667,2.333,4.333,2.333,2.667,2.867,46.7,2.667
R00206,Operations,PL,EMEA,Women,40-49,Team lead,< 1 year,Onsite,4.667,3.0,3.0,2.333,4.333,3.467,61.7,3.333
R00207,Operations,PL,EMEA,Men,30-39,Individual contributor,3-5 years,Onsite,3.0,2.0,2.667,3.0,4.667,3.067,51.7,4.333
R00208,Operations,PL,EMEA,Men,30-39,Manager,3-5 years,Onsite,4.667,3.667,4.0,2.333,4.667,3.867,71.7,2.667
R00209,Operations,PL,EMEA,Men,40-49,Individual contributor,< 1 year,Onsite,4.667,3.0,4.333,2.667,4.667,3.867,71.7,4.333
R00210,Operations,PL,EMEA,Women,18-29,Individual contributor,3-5 years,Onsite,3.0,1.667,3.0,3.667,4.0,3.067,51.7,3.667
R00211,Operations,PL,EMEA,Women,30-39,Team lead,6-10 years,Onsite,4.0,3.0,2.667,3.0,3.667,3.267,56.7,4.333
R00212,Operations,PL,EMEA,Men,30-39,Individual contributor,6-10 years,Onsite,3.667,4.0,2.333,2.667,4.333,3.4,60.0,3.667
R00213,Operations,PL,EMEA,Women,30-39,Manager,< 1 year,Onsite,5.0,4.0,4.0,3.667,4.333,4.2,80.0,5.0
R00214,Operations,PL,EMEA,Women,50-59,Team lead,3-5 years,Onsite,3.667,4.667,4.0,2.333,2.667,3.467,61.7,3.333
R00215,Operations,PL,EMEA,Women,60+,Individual contributor,10 years +,Onsite,3.667,3.0,2.667,3.667,3.0,3.2,55.0,3.0
R00216,Operations,PL,EMEA,Women,60+,Team lead,3-5 years,Remote,5.0,4.0,4.667,3.0,5.0,4.333,83.3,4.333
R00217,Operations,PL,EMEA,Non-binary / self-described,50-59,Senior leader,< 1 year,Onsite,4.333,3.333,3.0,2.667,5.0,3.667,66.7,3.667
R00220,Operations,PL,EMEA,Men,40-49,Individual contributor,3-5 years,Onsite,3.333,3.333,2.333,3.667,4.333,3.4,60.0,4.0
R00221,Operations,PL,EMEA,Women,30-39,Individual contributor,6-10 years,Onsite,4.667,4.667,1.667,3.0,5.0,3.8,70.0,4.333
R00222,Operations,PL,EMEA,Women,50-59,Individual contributor,1-2 years,Onsite,3.0,4.333,4.667,3.0,4.333,3.867,71.7,3.333
R00224,Operations,PL,EMEA,Women,30-39,Individual contributor,3-5 years,Onsite,3.667,2.333,4.333,1.667,4.667,3.333,58.3,3.0
R00225,Operations,PL,EMEA,Women,18-29,Individual contributor,< 1 year,Onsite,4.333,2.0,3.0,3.333,5.0,3.533,63.3,4.333
R00226,Operations,PL,EMEA,Women,50-59,Individual contributor,< 1 year,Onsite,4.0,2.0,3.0,3.333,4.667,3.4,60.0,3.667
R00227,Operations,PL,EMEA,Women,18-29,Individual contributor,6-10 years,Onsite,3.667,3.333,2.667,3.0,4.0,3.333,58.3,3.667
R00228,Operations,PL,EMEA,Women,18-29,Team lead,6-10 years,Hybrid,2.333,2.333,3.333,3.333,5.0,3.267,56.7,3.0
R00231,Operations,PL,EMEA,Women,60+,Individual contributor,3-5 years,Hybrid,2.333,4.333,1.667,3.0,3.667,3.0,50.0,4.0
R00233,Operations,IN,APAC,Women,18-29,Team lead,6-10 years,Onsite,5.0,1.667,4.333,3.667,2.0,3.333,58.3,3.667
R00236,Operations,IN,APAC,Women,30-39,Senior leader,10 years +,Hybrid,4.667,4.0,4.667,4.333,4.0,4.333,83.3,5.0
R00237,Operations,IN,APAC,Men,30-39,Individual contributor,10 years +,Remote,3.667,4.667,2.333,3.667,4.0,3.667,66.7,5.0
R00239,Operations,IN,APAC,Women,40-49,Senior leader,1-2 years,Onsite,2.333,4.333,3.667,4.333,2.667,3.467,61.7,3.0
R00240,Operations,IN,APAC,Men,60+,Individual contributor,3-5 years,Onsite,2.667,3.0,4.333,2.667,2.333,3.0,50.0,2.667
R00241,Operations,IN,APAC,Women,50-59,Individual contributor,3-5 years,Onsite,2.667,3.667,2.667,3.333,4.0,3.267,56.7,2.667
R00243,Operations,IN,APAC,Women,40-49,Individual contributor,1-2 years,Hybrid,3.0,4.0,2.667,3.0,3.0,3.133,53.3,3.333
R00244,Operations,IN,APAC,Women,18-29,Senior leader,< 1 year,Hybrid,4.333,3.0,4.0,4.0,2.667,3.6,65.0,4.0
R00245,Operations,IN,APAC,Women,50-59,Individual contributor,1-2 years,Onsite,4.333,3.333,4.0,3.333,3.333,3.667,66.7,3.333
R00246,Operations,IN,APAC,Women,30-39,Individual contributor,< 1 year,Onsite,3.333,4.333,4.333,3.333,3.0,3.667,66.7,3.667
R00248,Operations,IN,APAC,Women,50-59,Individual contributor,1-2 years,Onsite,4.667,3.0,4.333,3.333,3.0,3.667,66.7,4.0
R00253,Operations,IN,APAC,Women,30-39,Manager,1-2 years,Onsite,4.0,3.0,4.333,4.0,2.667,3.6,65.0,4.333
R00254,Operations,IN,APAC,Men,60+,Individual contributor,1-2 years,Onsite,4.333,3.0,3.333,2.667,3.333,3.333,58.3,3.333
R00255,Operations,IN,APAC,Men,40-49,Manager,6-10 years,Remote,3.667,3.667,3.667,3.333,3.333,3.533,63.3,3.667
R00257,Operations,IN,APAC,Women,18-29,Individual contributor,6-10 years,Onsite,2.333,2.0,4.0,3.0,3.667,3.0,50.0,2.333
R00260,Operations,IN,APAC,Women,50-59,Individual contributor,< 1 year,Onsite,5.0,3.667,3.0,3.667,3.333,3.733,68.3,3.333
R00261,Operations,IN,APAC,Women,50-59,Individual contributor,1-2 years,Remote,4.333,3.667,3.333,3.0,2.667,3.4,60.0,4.0
R00262,Operations,IN,APAC,Men,18-29,Individual contributor,10 years +,Onsite,2.0,2.667,1.667,4.0,3.0,2.667,41.7,2.0
R00263,Operations,IN,APAC,Men,40-49,Individual contributor,< 1 year,Onsite,4.667,2.0,2.333,3.0,3.0,3.0,50.0,4.0
R00264,Operations,IN,APAC,Men,40-49,Individual contributor,1-2 years,Onsite,2.667,4.333,3.333,3.667,2.0,3.2,55.0,3.667
R00266,Operations,IN,APAC,Men,40-49,Individual contributor,6-10 years,Onsite,3.333,3.667,2.0,3.333,1.667,2.8,45.0,3.0
R00269,Operations,IN,APAC,Women,50-59,Individual contributor,< 1 year,Onsite,4.333,3.0,3.0,3.667,2.667,3.333,58.3,3.0
R00270,Operations,IN,APAC,Women,30-39,Individual contributor,10 years +,Hybrid,4.333,3.0,3.333,2.0,3.667,3.267,56.7,2.333
R00271,Operations,IN,APAC,Women,18-29,Individual contributor,10 years +,Onsite,3.0,2.667,2.667,2.333,4.0,2.933,48.3,2.667
R00272,Operations,IN,APAC,Women,40-49,Individual contributor,< 1 year,Onsite,3.333,4.0,2.0,2.667,3.667,3.133,53.3,3.667
R00273,Operations,IN,APAC,Women,60+,Team lead,< 1 year,Hybrid,2.667,4.0,3.333,4.667,2.667,3.467,61.7,3.667
R00275,Operations,IN,APAC,Women,18-29,Individual contributor,1-2 years,Hybrid,3.667,2.667,2.667,3.333,3.333,3.133,53.3,4.0
R00277,Operations,IN,APAC,Women,50-59,Team lead,3-5 years,Remote,2.333,5.0,3.333,2.667,3.0,3.267,56.7,2.0
R00281,Operations,IN,APAC,Women,18-29,Individual contributor,< 1 year,Hybrid,4.333,4.0,4.0,2.333,3.667,3.667,66.7,3.333
R00282,Operations,IN,APAC,Men,40-49,Individual contributor,6-10 years,Onsite,2.333,4.667,2.0,3.0,4.0,3.2,55.0,4.333
R00284,Operations,IN,APAC,Women,50-59,Individual contributor,6-10 years,Onsite,3.333,2.667,4.0,3.0,4.333,3.467,61.7,3.0
R00285,Operations,IN,APAC,Men,18-29,Team lead,1-2 years,Hybrid,4.0,4.333,2.667,3.667,3.333,3.6,65.0,4.333
R00286,Operations,IN,APAC,Women,30-39,Individual contributor,3-5 years,Hybrid,2.667,2.667,1.333,2.0,2.0,2.133,28.3,1.667
R00288,Operations,IN,APAC,Women,18-29,Individual contributor,3-5 years,Onsite,2.333,2.0,2.0,4.333,3.0,2.733,43.3,3.0
R00289,Operations,IN,APAC,Men,18-29,Team lead,3-5 years,Onsite,4.667,3.333,2.333,3.333,3.667,3.467,61.7,3.333
R00291,Operations,IN,APAC,Men,40-49,Individual contributor,6-10 years,Onsite,3.0,3.0,3.333,2.333,3.667,3.067,51.7,2.333
R00293,Operations,IN,APAC,Men,40-49,Team lead,3-5 years,Onsite,3.333,1.667,3.333,2.667,3.0,2.8,45.0,4.0
R00294,Operations,IN,APAC,Women,30-39,Individual contributor,< 1 year,Onsite,3.667,3.667,2.333,3.333,2.667,3.133,53.3,3.0
R00295,Operations,IN,APAC,Women,40-49,Individual contributor,1-2 years,Onsite,1.667,3.667,3.667,2.667,2.333,2.8,45.0,3.333
R00297,Operations,IN,APAC,Men,50-59,Individual contributor,3-5 years,Onsite,3.333,1.667,3.0,3.667,2.0,2.733,43.3,2.667
R00298,Operations,IN,APAC,Men,18-29,Team lead,3-5 years,Hybrid,2.0,3.0,2.0,3.667,3.333,2.8,45.0,3.0
R00299,Operations,IN,APAC,Women,18-29,Individual contributor,1-2 years,Onsite,4.667,2.333,3.0,2.667,3.0,3.133,53.3,3.333
R00300,Operations,IN,APAC,Women,60+,Individual contributor,3-5 years,Onsite,2.333,1.667,2.667,2.0,2.667,2.267,31.7,3.0
R00301,Operations,IN,APAC,Men,60+,Manager,3-5 years,Onsite,3.667,4.0,2.333,2.0,4.0,3.2,55.0,3.667
R00303,Operations,IN,APAC,Non-binary / self-described,60+,Senior leader,1-2 years,Onsite,3.667,4.0,4.333,2.333,3.0,3.467,61.7,4.0
R00305,Operations,IN,APAC,Women,30-39,Individual contributor,1-2 years,Onsite,3.0,3.0,2.0,3.333,2.667,2.8,45.0,2.0
R00307,Operations,IN,APAC,Women,40-49,Individual contributor,1-2 years,Onsite,2.667,3.0,1.0,3.0,4.667,2.867,46.7,3.333
R00310,Operations,IN,APAC,Men,30-39,Individual contributor,10 years +,Hybrid,4.667,3.667,2.333,2.667,2.667,3.2,55.0,3.667
R00313,Operations,DE,EMEA,Men,50-59,Individual contributor,3-5 years,Onsite,3.667,2.667,3.667,4.667,5.0,3.933,73.3,2.333
R00314,Operations,DE,EMEA,Men,40-49,Individual contributor,3-5 years,Onsite,4.0,4.333,4.0,3.667,3.0,3.8,70.0,4.0
R00316,Operations,DE,EMEA,Women,18-29,Team lead,6-10 years,Hybrid,2.0,2.333,3.0,3.333,3.667,2.867,46.7,3.333
R00317,Operations,DE,EMEA,Non-binary / self-described,40-49,Individual contributor,6-10 years,Onsite,5.0,2.0,1.333,2.333,3.667,2.867,46.7,2.667
R00318,Operations,DE,EMEA,Women,40-49,Individual contributor,6-10 years,Onsite,2.0,4.667,1.667,2.333,3.333,2.8,45.0,1.667
R00319,Operations,DE,EMEA,Men,60+,Individual contributor,10 years +,Onsite,2.667,4.333,1.667,2.0,3.0,2.733,43.3,3.0
R00320,Operations,DE,EMEA,Non-binary / self-described,50-59,Team lead,< 1 year,Onsite,3.667,2.667,4.0,3.333,3.333,3.4,60.0,3.333
R00321,Operations,DE,EMEA,Men,40-49,Individual contributor,3-5 years,Onsite,2.667,2.667,4.0,2.333,3.0,2.933,48.3,2.667
R00324,Operations,DE,EMEA,Women,18-29,Individual contributor,3-5 years,Onsite,3.0,3.333,3.667,2.333,3.667,3.2,55.0,4.0
R00327,Operations,DE,EMEA,Men,40-49,Team lead,1-2 years,Onsite,3.667,1.333,2.667,4.333,3.0,3.0,50.0,2.333
R00328,Operations,DE,EMEA,Women,18-29,Individual contributor,1-2 years,Onsite,3.333,3.333,2.667,3.333,4.333,3.4,60.0,4.0
R00329,Operations,DE,EMEA,Women,60+,Manager,1-2 years,Onsite,4.0,4.0,2.0,4.667,1.667,3.267,56.7,3.667
R00331,Operations,DE,EMEA,Men,40-49,Individual contributor,< 1 year,Onsite,2.333,3.667,2.0,3.0,3.0,2.8,45.0,4.0
R00332,Operations,DE,EMEA,Women,30-39,Individual contributor,3-5 years,Hybrid,3.667,1.667,1.667,2.333,4.0,2.667,41.7,2.0
R00334,Operations,DE,EMEA,Women,30-39,Individual contributor,3-5 years,Hybrid,3.667,2.667,3.667,2.667,3.0,3.133,53.3,2.667
R00335,Operations,DE,EMEA,Women,40-49,Individual contributor,< 1 year,Onsite,4.0,3.333,3.667,3.333,1.667,3.2,55.0,3.333
R00337,Operations,DE,EMEA,Men,60+,Individual contributor,10 years +,Hybrid,3.333,2.333,3.0,1.667,2.667,2.6,40.0,1.333
R00339,Operations,DE,EMEA,Women,30-39,Individual contributor,3-5 years,Onsite,2.0,3.0,3.333,2.667,4.333,3.067,51.7,3.333
R00340,Operations,DE,EMEA,Women,40-49,Individual contributor,< 1 year,Onsite,4.0,1.667,3.333,3.333,4.667,3.4,60.0,4.333
R00343,Operations,DE,EMEA,Women,30-39,Individual contributor,10 years +,Onsite,3.667,3.0,2.0,3.0,2.0,2.733,43.3,3.333
R00345,Operations,DE,EMEA,Women,30-39,Individual contributor,3-5 years,Hybrid,2.0,3.667,2.667,2.667,3.0,2.8,45.0,3.0
R00346,Operations,DE,EMEA,Women,60+,Team lead,3-5 years,Hybrid,4.667,1.333,1.667,4.667,4.333,3.333,58.3,2.667
R00347,Operations,DE,EMEA,Men,18-29,Individual contributor,< 1 year,Onsite,3.667,3.0,3.0,2.667,2.0,2.867,46.7,2.667
R00348,Operations,DE,EMEA,Men,50-59,Individual contributor,< 1 year,Onsite,2.0,3.667,4.0,4.0,2.333,3.2,55.0,3.0
R00349,Operations,DE,EMEA,Men,18-29,Team lead,1-2 years,Onsite,2.667,3.0,3.0,3.667,4.333,3.333,58.3,3.333
R00350,Operations,DE,EMEA,Men,50-59,Individual contributor,10 years +,Onsite,2.333,2.333,3.0,3.667,2.333,2.733,43.3,4.333
R00351,Operations,DE,EMEA,Men,30-39,Individual contributor,1-2 years,Onsite,4.667,3.667,2.333,3.333,3.333,3.467,61.7,3.667
R00353,Operations,US,North America,Women,30-39,Team lead,1-2 years,Hybrid,3.667,1.667,3.667,2.0,4.333,3.067,51.7,2.333
R00356,Operations,US,North America,Non-binary / self-described,50-59,Individual contributor,1-2 years,Onsite,5.0,4.0,3.667,3.333,5.0,4.2,80.0,4.333
R00357,Operations,US,North America,Women,18-29,Team lead,10 years +,Onsite,4.0,2.667,3.667,3.333,4.333,3.6,65.0,3.333
R00359,Operations,US,North America,Women,30-39,Team lead,10 years +,Onsite,4.0,4.667,3.667,3.0,4.0,3.867,71.7,4.0
R00360,Operations,US,North America,Women,18-29,Individual contributor,3-5 years,Onsite,3.333,2.667,2.0,1.333,3.0,2.467,36.7,2.0
R00361,Operations,US,North America,Men,18-29,Individual contributor,6-10 years,Onsite,4.0,3.333,5.0,3.333,5.0,4.133,78.3,3.667
R00363,Operations,US,North America,Women,50-59,Individual contributor,10 years +,Onsite,4.667,2.667,4.0,3.0,5.0,3.867,71.7,4.0
R00364,Operations,US,North America,Men,30-39,Manager,1-2 years,Onsite,3.333,4.333,3.0,3.667,5.0,3.867,71.7,3.667
R00368,Operations,US,North America,Women,40-49,Individual contributor,3-5 years,Hybrid,3.0,2.667,4.0,4.333,5.0,3.8,70.0,4.333
R00369,Operations,US,North America,Men,50-59,Individual contributor,3-5 years,Onsite,3.667,3.333,4.0,3.0,5.0,3.8,70.0,3.333
R00373,Operations,US,North America,Women,40-49,Individual contributor,1-2 years,Onsite,4.0,4.667,4.333,2.667,5.0,4.133,78.3,3.0
R00375,Operations,US,North America,Men,30-39,Manager,1-2 years,Onsite,5.0,5.0,4.0,4.333,4.0,4.467,86.7,4.333
R00378,Operations,US,North America,Men,50-59,Team lead,3-5 years,Onsite,3.667,3.333,2.667,2.333,2.667,2.933,48.3,1.667
R00379,Operations,US,North America,Men,60+,Individual contributor,6-10 years,Onsite,1.667,1.333,3.0,1.333,1.0,1.667,16.7,2.0
R00380,Operations,US,North America,Men,18-29,Individual contributor,1-2 years,Onsite,1.667,3.333,2.667,3.333,2.0,2.6,40.0,4.0
R00381,Operations,US,North America,Men,30-39,Individual contributor,< 1 year,Onsite,2.667,2.0,2.667,3.667,3.0,2.8,45.0,1.333
R00383,Operations,US,North America,Women,18-29,Individual contributor,3-5 years,Onsite,4.333,2.333,2.333,2.0,3.0,2.8,45.0,3.667
R00384,Operations,US,North America,Men,18-29,Individual contributor,6-10 years,Remote,2.333,2.667,2.333,3.333,1.0,2.333,33.3,2.667
R00385,Operations,US,North America,Men,30-39,Individual contributor,1-2 years,Onsite,4.0,2.0,1.667,3.667,3.0,2.867,46.7,3.333
R00387,Operations,DE,EMEA,Women,40-49,Individual contributor,6-10 years,Onsite,4.333,2.667,2.667,3.333,3.0,3.2,55.0,4.667
R00388,Operations,DE,EMEA,Men,30-39,Team lead,< 1 year,Onsite,3.333,3.333,2.333,4.0,5.0,3.6,65.0,3.333
R00390,Operations,DE,EMEA,Men,60+,Individual contributor,1-2 years,Onsite,3.333,1.667,4.0,4.333,4.0,3.467,61.7,3.667
R00392,Operations,DE,EMEA,Women,40-49,Individual contributor,3-5 years,Onsite,3.0,4.0,4.333,2.333,4.333,3.6,65.0,3.667
R00393,Operations,DE,EMEA,Women,40-49,Team lead,3-5 years,Onsite,4.333,4.333,3.333,4.0,4.0,4.0,75.0,4.333
R00396,Operations,DE,EMEA,Men,40-49,Individual contributor,10 years +,Hybrid,3.667,4.0,4.333,3.667,4.0,3.933,73.3,3.667
R00400,Operations,DE,EMEA,Women,30-39,Individual contributor,6-10 years,Onsite,4.667,2.333,4.0,4.333,4.333,3.933,73.3,4.0
R00401,Operations,DE,EMEA,Non-binary / self-described,30-39,Team lead,1-2 years,Hybrid,3.667,3.0,3.667,4.333,4.667,3.867,71.7,4.333
R00402,Operations,DE,EMEA,Men,18-29,Team lead,3-5 years,Onsite,3.667,4.333,3.333,4.0,4.0,3.867,71.7,4.333
R00403,Operations,DE,EMEA,Men,50-59,Team lead,3-5 years,Onsite,4.667,3.667,3.0,2.333,4.0,3.533,63.3,3.333
R00407,Operations,IN,APAC,Men,50-59,Individual contributor,1-2 years,Onsite,5.0,2.667,4.0,3.0,4.0,3.733,68.3,2.667
R00409,Operations,IN,APAC,Men,50-59,Individual contributor,< 1 year,Hybrid,4.0,3.667,5.0,4.0,5.0,4.333,83.3,5.0
R00412,Operations,IN,APAC,Women,30-39,Individual contributor,1-2 years,Onsite,3.0,4.0,3.667,4.333,3.667,3.733,68.3,4.333
R00415,Operations,IN,APAC,Men,30-39,Manager,< 1 year,Onsite,5.0,3.0,4.667,4.667,5.0,4.467,86.7,4.0
R00416,Operations,IN,APAC,Women,40-49,Individual contributor,1-2 years,Onsite,5.0,4.333,4.667,3.667,5.0,4.533,88.3,5.0
R00418,Operations,IN,APAC,Women,18-29,Individual contributor,1-2 years,Hybrid,4.667,2.333,4.333,3.333,5.0,3.933,73.3,4.0
R00421,Operations,DE,EMEA,Women,30-39,Individual contributor,6-10 years,Onsite,3.0,3.333,3.0,3.0,4.0,3.267,56.7,2.333
R00422,Operations,DE,EMEA,Men,50-59,Individual contributor,1-2 years,Onsite,3.0,3.667,2.333,4.667,3.667,3.467,61.7,3.333
R00424,Operations,DE,EMEA,Men,60+,Individual contributor,1-2 years,Onsite,4.333,3.0,4.0,4.0,4.333,3.933,73.3,4.0
R00425,Operations,DE,EMEA,Men,18-29,Individual contributor,6-10 years,Onsite,3.667,3.0,3.0,4.0,3.667,3.467,61.7,4.333
R00427,Operations,DE,EMEA,Men,40-49,Manager,3-5 years,Remote,4.667,3.333,3.667,4.667,4.333,4.133,78.3,3.667
R00428,Operations,DE,EMEA,Non-binary / self-described,40-49,Individual contributor,1-2 years,Onsite,3.667,3.667,2.333,3.667,5.0,3.667,66.7,2.333
R00429,Operations,DE,EMEA,Men,50-59,Individual contributor,3-5 years,Onsite,3.667,3.0,3.333,4.333,2.667,3.4,60.0,2.333
R00431,Operations,DE,EMEA,Men,50-59,Individual contributor,3-5 years,Onsite,3.333,4.0,5.0,4.333,3.333,4.0,75.0,5.0
R00434,Operations,DE,EMEA,Men,50-59,Individual contributor,1-2 years,Onsite,4.667,4.333,4.667,3.333,3.333,4.067,76.7,4.333
R00436,Operations,DE,EMEA,Men,40-49,Individual contributor,< 1 year,Onsite,3.333,4.0,3.333,4.667,4.0,3.867,71.7,4.333
R00440,Operations,CA,North America,Women,60+,Individual contributor,1-2 years,Onsite,2.333,3.667,2.667,3.0,4.333,3.2,55.0,3.667
R00441,Operations,CA,North America,Women,40-49,Manager,10 years +,Onsite,3.667,4.0,2.333,3.667,3.333,3.4,60.0,4.0
R00442,Operations,CA,North America,Men,60+,Individual contributor,< 1 year,Onsite,4.667,3.0,4.333,1.0,5.0,3.6,65.0,4.333
R00443,Operations,CA,North America,Women,50-59,Individual contributor,< 1 year,Onsite,2.667,2.667,2.333,4.0,2.667,2.867,46.7,3.667
R00444,Operations,CA,North America,Men,50-59,Individual contributor,1-2 years,Onsite,4.0,2.0,3.0,2.0,3.333,2.867,46.7,3.333
R00445,Operations,CA,North America,Women,30-39,Individual contributor,1-2 years,Onsite,3.667,3.333,3.333,3.333,4.667,3.667,66.7,4.0
R00446,Operations,CA,North America,Women,30-39,Individual contributor,6-10 years,Onsite,3.667,2.667,2.333,3.333,4.0,3.2,55.0,3.333
R00447,Operations,CA,North America,Women,30-39,Individual contributor,1-2 years,Onsite,4.0,3.0,5.0,3.0,3.667,3.733,68.3,3.0
R00449,Operations,CA,North America,Women,18-29,Team lead,6-10 years,Onsite,4.0,2.667,1.667,4.0,3.0,3.067,51.7,2.667
R00451,Operations,CA,North America,Women,40-49,Individual contributor,< 1 year,Onsite,5.0,4.333,4.0,4.333,4.0,4.333,83.3,4.0
R00452,Operations,CA,North America,Men,50-59,Individual contributor,6-10 years,Onsite,3.0,2.0,3.333,1.333,4.333,2.8,45.0,3.0
R00454,Operations,CA,North America,Women,50-59,Team lead,6-10 years,Onsite,3.667,2.667,3.0,3.667,4.667,3.533,63.3,2.667
R00455,Operations,CA,North America,Women,30-39,Individual contributor,10 years +,Onsite,1.667,1.667,4.333,2.667,4.667,3.0,50.0,3.0
R00457,Operations,CA,North America,Men,30-39,Individual contributor,1-2 years,Remote,4.333,3.0,2.667,3.333,2.333,3.133,53.3,2.667
R00459,Operations,CA,North America,Men,30-39,Individual contributor,1-2 years,Onsite,2.667,2.667,2.667,4.333,5.0,3.467,61.7,3.667
R00460,Operations,CA,North America,Women,30-39,Individual contributor,3-5 years,Onsite,4.0,3.667,3.667,3.333,4.0,3.733,68.3,4.333
R00461,Operations,CA,North America,Women,40-49,Individual contributor,3-5 years,Onsite,4.333,3.333,2.333,1.333,4.333,3.133,53.3,4.333
R00462,Operations,CA,North America,Women,40-49,Individual contributor,10 years +,Hybrid,3.333,3.333,2.333,1.333,4.0,2.867,46.7,3.667
R00464,Operations,DE,EMEA,Men,30-39,Team lead,3-5 years,Onsite,4.333,3.667,4.667,3.333,4.667,4.133,78.3,3.333
R00465,Operations,DE,EMEA,Men,50-59,Individual contributor,10 years +,Onsite,5.0,2.333,4.0,2.0,2.333,3.133,53.3,4.333
R00469,Operations,DE,EMEA,Women,18-29,Individual contributor,3-5 years,Onsite,3.667,2.0,4.0,3.333,4.333,3.467,61.7,3.667
R00472,Operations,DE,EMEA,Women,30-39,Individual contributor,< 1 year,Onsite,3.0,2.333,4.333,3.0,4.667,3.467,61.7,3.667
R00474,Operations,DE,EMEA,Men,60+,Team lead,< 1 year,Onsite,4.667,3.0,4.0,3.333,4.333,3.867,71.7,4.667
R00475,Operations,DE,EMEA,Women,30-39,Individual contributor,< 1 year,Onsite,4.667,2.333,2.0,2.667,5.0,3.333,58.3,3.667
R00476,Operations,DE,EMEA,Women,40-49,Individual contributor,10 years +,Onsite,2.667,2.333,3.667,2.667,4.667,3.2,55.0,3.0
R00477,Operations,DE,EMEA,Women,30-39,Individual contributor,1-2 years,Hybrid,3.333,5.0,1.667,2.333,3.333,3.133,53.3,2.0
R00479,Operations,DE,EMEA,Women,30-39,Individual contributor,1-2 years,Onsite,4.333,3.333,3.333,2.333,4.667,3.6,65.0,4.333
R00481,Operations,DE,EMEA,Men,30-39,Individual contributor,3-5 years,Onsite,4.667,3.667,4.333,2.333,5.0,4.0,75.0,3.667
R00484,Operations,DE,EMEA,Non-binary / self-described,60+,Team lead,< 1 year,Onsite,4.667,4.0,3.667,2.333,4.667,3.867,71.7,3.333
R00485,Operations,DE,EMEA,Men,50-59,Individual contributor,1-2 years,Onsite,4.333,3.0,3.667,3.333,5.0,3.867,71.7,4.333
R00486,Operations,SG,APAC,Women,18-29,Individual contributor,3-5 years,Onsite,3.333,4.667,4.0,3.333,5.0,4.067,76.7,3.667
R00489,Operations,SG,APAC,Men,18-29,Individual contributor,3-5 years,Hybrid,5.0,3.333,5.0,2.667,4.667,4.133,78.3,4.0
R00490,Operations,SG,APAC,Non-binary / self-described,50-59,Manager,6-10 years,Onsite,4.0,4.333,4.0,4.667,3.333,4.067,76.7,4.333
R00492,Operations,SG,APAC,Men,30-39,Individual contributor,6-10 years,Onsite,3.333,3.0,3.333,4.0,4.667,3.667,66.7,4.333
R00493,Operations,SG,APAC,Women,30-39,Individual contributor,6-10 years,Onsite,4.0,2.667,4.333,2.667,4.333,3.6,65.0,5.0
R00496,Operations,SG,APAC,Men,50-59,Individual contributor,10 years +,Hybrid,4.0,3.0,3.333,3.0,4.333,3.533,63.3,3.667
R00497,Operations,SG,APAC,Men,40-49,Individual contributor,< 1 year,Onsite,4.667,3.667,3.667,3.0,4.333,3.867,71.7,3.333
R00500,Operations,SG,APAC,Women,30-39,Individual contributor,6-10 years,Onsite,3.667,3.0,3.0,4.333,4.0,3.6,65.0,3.333
R00502,Operations,IN,APAC,Women,18-29,Individual contributor,10 years +,Onsite,4.333,3.333,4.333,3.0,2.333,3.467,61.7,3.667
R00506,Operations,IN,APAC,Women,30-39,Team lead,3-5 years,Remote,3.667,3.667,2.667,2.667,3.667,3.267,56.7,4.333
R00507,Operations,IN,APAC,Women,30-39,Individual contributor,6-10 years,Hybrid,4.667,3.0,3.667,4.0,4.0,3.867,71.7,3.667
R00508,Operations,IN,APAC,Women,18-29,Individual contributor,3-5 years,Onsite,3.667,2.667,2.0,3.333,3.333,3.0,50.0,3.667
R00510,Operations,IN,APAC,Men,18-29,Individual contributor,10 years +,Hybrid,4.0,2.333,3.333,3.0,3.0,3.133,53.3,2.667
R00511,Operations,IN,APAC,Men,60+,Individual contributor,3-5 years,Onsite,1.667,3.333,4.333,3.333,3.667,3.267,56.7,3.333
R00512,Operations,IN,APAC,Women,30-39,Individual contributor,1-2 years,Hybrid,3.0,1.667,2.333,3.333,4.0,2.867,46.7,2.667
R00513,Operations,IN,APAC,Men,18-29,Individual contributor,< 1 year,Onsite,4.0,4.0,2.667,2.667,3.667,3.4,60.0,3.667
R00516,Operations,IN,APAC,Women,30-39,Individual contributor,1-2 years,Onsite,3.667,3.0,2.667,3.667,2.333,3.067,51.7,3.667
R00519,Operations,US,North America,Women,50-59,Individual contributor,1-2 years,Onsite,2.0,2.667,2.667,4.0,3.667,3.0,50.0,2.333
R00521,Operations,US,North America,Men,50-59,Individual contributor,1-2 years,Onsite,3.667,3.333,2.0,2.333,4.667,3.2,55.0,3.333
R00522,Operations,US,North America,Men,40-49,Individual contributor,1-2 years,Onsite,3.667,3.0,3.667,3.0,2.667,3.2,55.0,3.667
R00525,Operations,US,North America,Men,40-49,Individual contributor,3-5 years,Onsite,3.333,4.0,1.333,4.667,3.0,3.267,56.7,4.333
R00526,Operations,US,North America,Men,18-29,Individual contributor,10 years +,Hybrid,2.0,2.333,2.667,3.333,3.667,2.8,45.0,2.667
R00528,Operations,US,North America,Women,40-49,Individual contributor,10 years +,Onsite,2.667,5.0,1.667,4.0,4.667,3.6,65.0,4.333
R00533,Operations,US,North America,Women,50-59,Individual contributor,1-2 years,Onsite,3.667,4.333,3.333,3.333,3.333,3.6,65.0,2.667
R00534,Operations,US,North America,Women,18-29,Manager,3-5 years,Onsite,3.0,5.0,1.333,3.333,4.0,3.333,58.3,3.0
R00535,Operations,US,North America,Women,50-59,Individual contributor,< 1 year,Onsite,4.0,2.0,2.0,4.0,3.0,3.0,50.0,3.333
R00536,Operations,US,North America,Men,18-29,Individual contributor,< 1 year,Onsite,3.333,3.333,1.667,3.333,4.0,3.133,53.3,4.0
R00537,Operations,US,North America,Men,30-39,Individual contributor,6-10 years,Onsite,2.0,3.667,3.0,2.333,2.667,2.733,43.3,3.333
R00539,Operations,US,North America,Non-binary / self-described,30-39,Individual contributor,< 1 year,Onsite,2.667,4.333,3.333,4.667,3.333,3.667,66.7,3.0
R00540,Operations,US,North America,Women,50-59,Individual contributor,1-2 years,Hybrid,2.0,3.667,2.667,3.333,2.667,2.867,46.7,3.667
R00541,Operations,US,North America,Women,40-49,Team lead,3-5 years,Onsite,4.0,2.0,3.333,4.333,1.667,3.067,51.7,3.667
R00542,Operations,US,North America,Non-binary / self-described,50-59,Individual contributor,1-2 years,Remote,4.667,4.667,2.667,4.0,2.333,3.667,66.7,3.667
R00543,Operations,US,North America,Men,40-49,Individual contributor,< 1 year,Onsite,4.0,3.0,2.0,2.333,2.333,2.733,43.3,2.667
R00544,Operations,US,North America,Men,50-59,Team lead,6-10 years,Remote,4.667,3.667,3.333,3.667,3.667,3.8,70.0,4.333
R00547,Operations,US,North America,Women,30-39,Individual contributor,3-5 years,Onsite,2.667,2.667,3.0,2.667,1.0,2.4,35.0,1.0
R00549,Operations,US,North America,Women,40-49,Manager,3-5 years,Onsite,4.0,4.667,3.333,5.0,4.333,4.267,81.7,4.333
R00550,Operations,US,North America,Men,30-39,Team lead,6-10 years,Onsite,2.667,3.333,3.667,3.0,4.667,3.467,61.7,4.333
R00551,Operations,US,North America,Men,30-39,Individual contributor,6-10 years,Hybrid,3.667,2.667,3.667,3.0,4.0,3.4,60.0,4.667
R00552,Operations,US,North America,Men,30-39,Individual contributor,6-10 years,Onsite,3.667,3.0,4.0,2.667,4.0,3.467,61.7,4.0
R00553,Operations,US,North America,Men,18-29,Team lead,6-10 years,Onsite,4.0,3.0,5.0,3.333,3.0,3.667,66.7,4.0
R00554,Operations,US,North America,Men,40-49,Team lead,1-2 years,Onsite,4.667,3.333,3.333,3.667,4.667,3.933,73.3,4.667
R00555,Operations,US,North America,Women,30-39,Individual contributor,10 years +,Onsite,2.0,2.333,2.0,2.667,3.0,2.4,35.0,1.667
R00556,Operations,US,North America,Men,50-59,Individual contributor,6-10 years,Onsite,3.667,3.333,3.667,3.333,3.667,3.533,63.3,2.667
R00557,Operations,US,North America,Women,50-59,Individual contributor,3-5 years,Onsite,3.333,4.0,4.0,3.333,4.333,3.8,70.0,4.333
R00558,Operations,US,North America,Men,18-29,Individual contributor,3-5 years,Onsite,1.667,4.0,2.667,3.0,2.667,2.8,45.0,3.0
R00559,Operations,US,North America,Women,40-49,Individual contributor,6-10 years,Onsite,3.333,3.0,2.667,3.0,3.0,3.0,50.0,3.333
R00562,Operations,US,North America,Women,40-49,Individual contributor,1-2 years,Onsite,3.0,4.0,4.0,3.333,3.333,3.533,63.3,4.667
R00563,Operations,US,North America,Women,18-29,Team lead,1-2 years,Onsite,3.333,2.667,3.0,4.0,3.667,3.333,58.3,3.0
R00564,Operations,US,North America,Men,60+,Individual contributor,10 years +,Hybrid,2.0,4.667,2.0,3.333,3.667,3.133,53.3,2.667
R00565,Operations,US,North America,Men,30-39,Individual contributor,1-2 years,Onsite,2.0,3.333,3.0,3.667,4.0,3.2,55.0,3.667
R00566,Operations,US,North America,Men,50-59,Individual contributor,< 1 year,Onsite,3.333,2.667,5.0,4.333,3.0,3.667,66.7,3.667
R00567,Operations,US,North America,Women,18-29,Individual contributor,10 years +,Onsite,4.667,4.0,2.0,3.667,4.333,3.733,68.3,3.0
R00568,Operations,CA,North America,Women,30-39,Individual contributor,1-2 years,Hybrid,4.333,3.0,2.667,3.333,4.333,3.533,63.3,3.333
R00571,Operations,CA,North America,Women,30-39,Team lead,10 years +,Remote,4.667,1.667,3.0,4.0,4.0,3.467,61.7,4.0
R00573,Operations,CA,North America,Men,50-59,Team lead,3-5 years,Hybrid,2.667,4.333,2.333,2.667,4.333,3.267,56.7,3.333
R00576,Operations,CA,North America,Women,30-39,Team lead,6-10 years,Onsite,3.667,2.0,4.0,3.333,3.667,3.333,58.3,3.667
R00577,Operations,CA,North America,Women,18-29,Individual contributor,3-5 years,Hybrid,3.667,3.333,3.0,3.0,3.667,3.333,58.3,4.0
R00578,Operations,DE,EMEA,Women,18-29,Individual contributor,6-10 years,Onsite,3.333,3.667,5.0,1.333,4.333,3.533,63.3,3.667
R00579,Operations,DE,EMEA,Women,30-39,Individual contributor,10 years +,Hybrid,5.0,3.333,4.333,3.333,5.0,4.2,80.0,4.333
R00580,Operations,DE,EMEA,Men,18-29,Team lead,3-5 years,Hybrid,4.667,3.333,3.667,4.0,4.667,4.067,76.7,3.667
R00581,Operations,DE,EMEA,Non-binary / self-described,60+,Team lead,6-10 years,Onsite,2.667,3.333,4.333,3.667,4.333,3.667,66.7,4.667
R00583,Operations,DE,EMEA,Women,30-39,Individual contributor,1-2 years,Onsite,4.0,3.667,4.0,3.333,5.0,4.0,75.0,5.0
R00584,Operations,DE,EMEA,Women,50-59,Individual contributor,10 years +,Hybrid,3.333,3.333,4.0,3.667,5.0,3.867,71.7,3.667
R00587,Operations,DE,EMEA,Men,30-39,Individual contributor,3-5 years,Onsite,3.667,2.333,5.0,3.667,4.667,3.867,71.7,4.0
R00588,Operations,DE,EMEA,Women,18-29,Manager,3-5 years,Hybrid,4.0,3.667,3.333,4.0,4.667,3.933,73.3,4.667
R00589,Operations,DE,EMEA,Women,30-39,Individual contributor,< 1 year,Onsite,4.667,4.0,4.0,3.0,5.0,4.133,78.3,4.0
R00592,Operations,DE,EMEA,Women,30-39,Individual contributor,1-2 years,Onsite,3.0,4.0,4.333,3.0,3.333,3.533,63.3,4.333
R00595,Operations,DE,EMEA,Men,40-49,Team lead,6-10 years,Onsite,3.667,3.667,5.0,1.667,5.0,3.8,70.0,3.667
R00596,Operations,DE,EMEA,Men,18-29,Team lead,6-10 years,Onsite,4.0,4.333,3.0,4.0,4.667,4.0,75.0,3.0
R00597,Operations,DE,EMEA,Men,18-29,Manager,3-5 years,Onsite,3.667,3.0,4.667,2.333,4.667,3.667,66.7,4.333
R00598,Operations,DE,EMEA,Men,30-39,Team lead,1-2 years,Onsite,4.0,3.333,4.667,2.667,4.0,3.733,68.3,2.667
R00600,Operations,SG,APAC,Women,40-49,Manager,1-2 years,Onsite,4.667,2.333,4.0,5.0,4.0,4.0,75.0,4.333
R00601,Operations,SG,APAC,Non-binary / self-described,30-39,Individual contributor,1-2 years,Onsite,3.0,4.333,3.333,3.0,3.333,3.4,60.0,2.667
R00602,Operations,SG,APAC,Men,18-29,Individual contributor,1-2 years,Onsite,5.0,4.667,3.0,3.333,3.667,3.933,73.3,4.0
R00603,Operations,SG,APAC,Men,18-29,Individual contributor,< 1 year,Onsite,4.0,3.0,3.667,3.333,5.0,3.8,70.0,3.667
R00606,Operations,SG,APAC,Men,40-49,Individual contributor,< 1 year,Onsite,4.333,3.667,4.0,3.0,3.0,3.6,65.0,4.333
R00608,Operations,SG,APAC,Women,18-29,Individual contributor,3-5 years,Onsite,3.333,4.0,2.0,2.667,4.333,3.267,56.7,3.0
R00609,Operations,SG,APAC,Women,18-29,Individual contributor,< 1 year,Hybrid,4.0,4.667,2.667,3.0,5.0,3.867,71.7,4.333
R00612,Operations,IN,APAC,Women,18-29,Team lead,< 1 year,Onsite,3.667,3.333,4.333,3.333,5.0,3.933,73.3,4.667
R00613,Operations,IN,APAC,Women,18-29,Team lead,3-5 years,Remote,3.0,4.667,4.0,4.0,4.333,4.0,75.0,3.333
R00615,Operations,US,North America,Men,40-49,Individual contributor,1-2 years,Onsite,5.0,4.0,4.667,3.333,4.333,4.267,81.7,4.667
R00616,Operations,US,North America,Women,50-59,Individual contributor,6-10 years,Hybrid,4.0,3.667,2.667,5.0,4.0,3.867,71.7,4.333
R00617,Operations,US,North America,Women,40-49,Individual contributor,6-10 years,Hybrid,5.0,4.667,3.333,3.333,3.667,4.0,75.0,3.667
R00618,Operations,US,North America,Men,50-59,Individual contributor,6-10 years,Onsite,4.0,3.667,3.667,4.333,4.0,3.933,73.3,4.333
R00619,Operations,US,North America,Men,18-29,Individual contributor,3-5 years,Onsite,4.333,3.667,1.667,2.333,5.0,3.4,60.0,4.0
R00620,Operations,US,North America,Women,30-39,Individual contributor,< 1 year,Onsite,3.667,4.667,4.0,3.667,3.667,3.933,73.3,3.333
R00621,Operations,US,North America,Men,40-49,Individual contributor,3-5 years,Onsite,5.0,3.333,3.333,2.667,5.0,3.867,71.7,3.667
R00622,Operations,US,North America,Men,30-39,Individual contributor,1-2 years,Onsite,4.0,4.0,4.333,3.667,5.0,4.2,80.0,4.333
R00624,Operations,US,North America,Men,50-59,Senior leader,3-5 years,Onsite,3.333,4.667,4.0,3.667,5.0,4.133,78.3,4.667
R00625,Operations,US,North America,Women,18-29,Manager,10 years +,Onsite,4.0,4.333,4.0,3.333,4.0,3.933,73.3,4.0
R00626,Operations,US,North America,Men,30-39,Team lead,3-5 years,Onsite,3.667,5.0,4.0,3.667,5.0,4.267,81.7,5.0
R00630,Operations,US,North America,Women,30-39,Individual contributor,10 years +,Onsite,4.0,4.667,3.0,3.667,3.333,3.733,68.3,4.333
R00631,Operations,US,North America,Men,40-49,Individual contributor,< 1 year,Onsite,3.667,4.333,5.0,3.667,5.0,4.333,83.3,4.333
R00632,Operations,US,North America,Women,30-39,Individual contributor,3-5 years,Onsite,4.0,4.333,4.333,2.0,4.333,3.8,70.0,4.333
R00633,Operations,US,North America,Men,40-49,Manager,10 years +,Onsite,5.0,4.0,4.0,4.667,4.667,4.467,86.7,5.0
R00634,Operations,US,North America,Men,50-59,Manager,1-2 years,Onsite,5.0,3.333,4.0,3.0,3.667,3.8,70.0,5.0
R00635,Operations,US,North America,Women,40-49,Individual contributor,3-5 years,Onsite,3.667,3.333,3.0,3.333,5.0,3.667,66.7,3.667
R00637,Operations,US,North America,Men,18-29,Individual contributor,1-2 years,Onsite,5.0,2.667,3.667,3.333,4.0,3.733,68.3,3.667
R00638,Operations,US,North America,Men,60+,Individual contributor,1-2 years,Onsite,4.0,2.667,3.667,4.333,4.333,3.8,70.0,3.667
R00639,Operations,US,North America,Non-binary / self-described,18-29,Individual contributor,1-2 years,Onsite,2.333,3.0,4.667,3.333,5.0,3.667,66.7,4.0
R00640,Operations,US,North America,Men,18-29,Individual contributor,6-10 years,Onsite,4.333,4.333,4.667,3.667,4.333,4.267,81.7,3.0
R00641,Operations,US,North America,Women,40-49,Individual contributor,1-2 years,Onsite,3.333,4.0,3.667,4.0,3.667,3.733,68.3,3.333
R00645,Operations,US,North America,Men,30-39,Individual contributor,3-5 years,Onsite,4.0,3.333,2.667,3.333,3.333,3.333,58.3,3.333
R00646,Operations,US,North America,Men,18-29,Individual contributor,1-2 years,Onsite,4.0,3.0,4.0,4.333,4.667,4.0,75.0,3.0
R00647,Operations,US,North America,Women,40-49,Individual contributor,< 1 year,Onsite,5.0,4.667,3.667,2.667,3.333,3.867,71.7,4.667
R00648,Operations,US,North America,Women,30-39,Team lead,< 1 year,Onsite,4.667,4.333,4.667,4.333,5.0,4.6,90.0,4.0
R00650,Operations,US,North America,Women,30-39,Individual contributor,1-2 years,Onsite,3.667,3.667,4.333,4.0,5.0,4.133,78.3,4.0
R00652,Operations,US,North America,Men,30-39,Individual contributor,1-2 years,Onsite,5.0,3.0,3.333,5.0,5.0,4.267,81.7,4.667
R00653,Operations,US,North America,Men,40-49,Team lead,1-2 years,Hybrid,5.0,5.0,3.667,4.667,4.667,4.6,90.0,3.667
R00654,Operations,US,North America,Men,18-29,Individual contributor,1-2 years,Onsite,4.667,4.667,3.333,3.667,4.0,4.067,76.7,3.667
R00655,Operations,US,North America,Men,50-59,Individual contributor,< 1 year,Hybrid,4.667,4.333,4.333,5.0,5.0,4.667,91.7,4.667
R00659,Operations,IN,APAC,Men,30-39,Individual contributor,< 1 year,Onsite,2.0,2.333,3.0,2.667,4.667,2.933,48.3,4.333
R00660,Operations,IN,APAC,Women,40-49,Individual contributor,1-2 years,Onsite,1.667,2.667,2.667,3.667,3.0,2.733,43.3,2.667
R00661,Operations,IN,APAC,Women,18-29,Individual contributor,1-2 years,Onsite,2.0,2.333,1.333,1.0,4.333,2.2,30.0,2.333
R00666,Operations,IN,APAC,Men,40-49,Manager,< 1 year,Onsite,2.667,1.333,3.667,2.667,2.667,2.6,40.0,3.0
R00667,Operations,IN,APAC,Women,30-39,Individual contributor,3-5 years,Onsite,2.667,2.0,2.667,1.667,3.667,2.533,38.3,2.667
R00668,Operations,IN,APAC,Women,40-49,Individual contributor,< 1 year,Onsite,4.333,2.667,3.0,3.333,3.667,3.4,60.0,4.333
R00670,Operations,IN,APAC,Men,50-59,Individual contributor,< 1 year,Hybrid,3.667,2.333,5.0,2.667,4.0,3.533,63.3,4.333
R00673,Operations,IN,APAC,Men,18-29,Manager,< 1 year,Onsite,4.333,4.333,3.0,2.0,4.667,3.667,66.7,3.333
R00674,Operations,IN,APAC,Men,40-49,Team lead,3-5 years,Onsite,3.667,2.333,3.667,3.0,3.0,3.133,53.3,2.667
R00675,Operations,IN,APAC,Women,18-29,Team lead,6-10 years,Remote,4.333,2.667,1.0,2.667,3.667,2.867,46.7,3.0
R00677,Operations,IN,APAC,Women,50-59,Manager,3-5 years,Onsite,4.333,3.667,2.667,3.667,2.667,3.4,60.0,1.333
R00679,Operations,IN,APAC,Non-binary / self-described,50-59,Individual contributor,10 years +,Onsite,2.667,2.667,4.0,3.667,4.667,3.533,63.3,2.333
R00680,Operations,IN,APAC,Men,18-29,Individual contributor,10 years +,Onsite,2.0,2.667,4.333,3.333,5.0,3.467,61.7,3.667
R00681,Operations,IN,APAC,Women,18-29,Senior leader,1-2 years,Onsite,4.667,4.667,3.333,3.333,4.0,4.0,75.0,4.333
R00682,Operations,IN,APAC,Men,40-49,Manager,3-5 years,Onsite,4.667,3.667,4.333,3.667,5.0,4.267,81.7,5.0
R00683,Operations,IN,APAC,Men,40-49,Individual contributor,6-10 years,Onsite,3.667,2.667,3.0,4.0,5.0,3.667,66.7,5.0
R00685,Operations,IN,APAC,Women,30-39,Manager,1-2 years,Onsite,4.667,3.0,4.0,5.0,4.667,4.267,81.7,3.333
R00686,Operations,IN,APAC,Women,40-49,Individual contributor,3-5 years,Hybrid,4.333,4.0,3.667,3.667,4.333,4.0,75.0,3.667
R00687,Operations,IN,APAC,Men,40-49,Team lead,3-5 years,Onsite,4.333,3.333,3.333,5.0,4.333,4.067,76.7,3.333
R00690,Operations,IN,APAC,Men,50-59,Team lead,3-5 years,Onsite,4.667,4.667,4.0,2.0,4.0,3.867,71.7,4.333
R00691,Operations,IN,APAC,Women,50-59,Individual contributor,1-2 years,Onsite,3.667,3.667,4.333,2.0,4.0,3.533,63.3,2.667
R00692,Operations,IN,APAC,Men,60+,Senior leader,< 1 year,Onsite,4.333,4.333,4.667,4.333,4.667,4.467,86.7,4.667
R00694,Operations,IN,APAC,Men,30-39,Individual contributor,< 1 year,Onsite,3.333,4.333,4.333,4.0,4.667,4.133,78.3,4.0
R00696,Operations,IN,APAC,Women,40-49,Manager,1-2 years,Onsite,4.667,3.0,4.333,4.0,3.667,3.933,73.3,4.333
R00698,Operations,IN,APAC,Men,18-29,Manager,3-5 years,Onsite,4.667,2.333,4.667,3.333,4.667,3.933,73.3,2.667
R00699,Operations,IN,APAC,Men,60+,Manager,< 1 year,Onsite,4.667,2.333,3.667,4.333,5.0,4.0,75.0,4.333
R00700,Operations,IN,APAC,Non-binary / self-described,50-59,Individual contributor,< 1 year,Onsite,4.0,2.333,4.333,5.0,4.667,4.067,76.7,4.0
R00701,Operations,IN,APAC,Women,30-39,Individual contributor,3-5 years,Onsite,4.0,3.333,2.333,3.333,5.0,3.6,65.0,2.333
R00703,Operations,IN,APAC,Men,18-29,Individual contributor,< 1 year,Hybrid,4.333,2.667,4.333,2.667,5.0,3.8,70.0,4.0
R00705,Operations,IN,APAC,Women,40-49,Individual contributor,1-2 years,Onsite,4.667,4.333,4.333,3.667,5.0,4.4,85.0,4.0
R00706,Operations,IN,APAC,Women,40-49,Individual contributor,6-10 years,Onsite,4.0,3.333,3.0,3.0,5.0,3.667,66.7,3.667
R00707,Operations,IN,APAC,Men,30-39,Individual contributor,6-10 years,Onsite,4.0,4.0,4.667,3.0,5.0,4.133,78.3,5.0
R00709,Operations,IN,APAC,Men,18-29,Manager,3-5 years,Onsite,5.0,4.0,4.333,4.0,4.333,4.333,83.3,3.0
R00710,Operations,IN,APAC,Men,18-29,Individual contributor,6-10 years,Onsite,3.667,4.0,2.0,3.0,4.667,3.467,61.7,4.0
R00711,Operations,IN,APAC,Men,40-49,Manager,10 years +,Onsite,5.0,4.0,4.333,4.667,5.0,4.6,90.0,5.0
R00712,Operations,IN,APAC,Women,18-29,Manager,10 years +,Onsite,4.0,3.667,5.0,2.667,4.333,3.933,73.3,4.0
R00713,Operations,IN,APAC,Women,40-49,Individual contributor,3-5 years,Remote,4.667,3.333,3.0,3.667,5.0,3.933,73.3,3.333
R00716,Operations,IN,APAC,Women,18-29,Team lead,10 years +,Hybrid,5.0,4.0,5.0,3.667,4.667,4.467,86.7,4.333
R00717,Operations,IN,APAC,Women,18-29,Individual contributor,10 years +,Onsite,3.333,3.333,3.0,3.667,5.0,3.667,66.7,3.667
R00718,Operations,IN,APAC,Women,18-29,Manager,3-5 years,Onsite,4.333,2.667,5.0,3.333,5.0,4.067,76.7,5.0
R00720,Operations,IN,APAC,Women,50-59,Individual contributor,3-5 years,Onsite,4.0,2.667,4.333,4.333,5.0,4.067,76.7,3.667
R00721,Operations,IN,APAC,Women,40-49,Team lead,10 years +,Onsite,4.667,3.333,4.667,1.333,4.333,3.667,66.7,5.0
R00722,Operations,IN,APAC,Women,30-39,Individual contributor,< 1 year,Onsite,4.0,4.0,3.333,2.667,4.333,3.667,66.7,3.667
R00723,Operations,IN,APAC,Men,30-39,Individual contributor,6-10 years,Onsite,4.333,3.333,4.0,2.333,5.0,3.8,70.0,3.667
R00725,Operations,IN,APAC,Women,18-29,Individual contributor,3-5 years,Onsite,4.333,3.0,4.0,5.0,4.667,4.2,80.0,3.333
R00726,Operations,IN,APAC,Women,30-39,Individual contributor,1-2 years,Hybrid,4.667,4.333,3.667,3.667,5.0,4.267,81.7,4.333
R00728,Operations,IN,APAC,Men,40-49,Individual contributor,1-2 years,Onsite,5.0,2.667,4.0,4.0,5.0,4.133,78.3,4.0
R00729,Operations,IN,APAC,Women,40-49,Individual contributor,< 1 year,Onsite,5.0,4.333,4.667,2.333,4.667,4.2,80.0,5.0
R00730,Operations,IN,APAC,Men,40-49,Individual contributor,10 years +,Onsite,4.0,3.333,4.0,2.333,5.0,3.733,68.3,4.333
R00731,Operations,IN,APAC,Men,40-49,Individual contributor,< 1 year,Hybrid,5.0,3.667,3.333,4.667,5.0,4.333,83.3,4.667
R00732,Operations,IN,APAC,Men,40-49,Individual contributor,6-10 years,Onsite,3.667,3.333,2.667,3.0,4.0,3.333,58.3,2.667
R00733,Operations,IN,APAC,Women,18-29,Team lead,1-2 years,Onsite,5.0,3.667,4.333,3.333,5.0,4.267,81.7,5.0
R00735,Operations,IN,APAC,Men,30-39,Individual contributor,< 1 year,Onsite,4.667,3.333,4.667,4.0,5.0,4.333,83.3,4.333
R00737,Operations,IN,APAC,Women,60+,Individual contributor,3-5 years,Onsite,4.0,3.0,4.333,3.0,5.0,3.867,71.7,3.667
R00738,Operations,IN,APAC,Men,40-49,Individual contributor,6-10 years,Onsite,5.0,3.333,3.333,3.0,4.333,3.8,70.0,4.667
R00741,Operations,IN,APAC,Men,18-29,Team lead,1-2 years,Onsite,4.333,4.667,3.333,3.333,5.0,4.133,78.3,5.0
R00744,Operations,PL,EMEA,Women,18-29,Individual contributor,10 years +,Onsite,3.667,4.0,3.667,2.667,5.0,3.8,70.0,3.667
R00746,Operations,PL,EMEA,Women,50-59,Individual contributor,3-5 years,Onsite,4.333,2.667,4.667,2.667,3.667,3.6,65.0,3.667
R00748,Operations,PL,EMEA,Men,50-59,Individual contributor,3-5 years,Onsite,4.0,3.667,3.667,3.667,4.667,3.933,73.3,4.0
R00750,Operations,PL,EMEA,Women,18-29,Individual contributor,3-5 years,Onsite,3.667,4.333,4.333,1.667,4.0,3.6,65.0,4.0
R00751,Operations,PL,EMEA,Men,30-39,Manager,< 1 year,Onsite,5.0,3.667,3.333,3.667,5.0,4.133,78.3,5.0
R00754,Operations,PL,EMEA,Men,40-49,Individual contributor,3-5 years,Onsite,3.667,3.667,3.667,2.333,4.333,3.533,63.3,5.0
R00756,Operations,US,North America,Women,30-39,Individual contributor,1-2 years,Onsite,3.333,4.333,3.667,5.0,3.667,4.0,75.0,4.333
R00757,Operations,US,North America,Non-binary / self-described,30-39,Team lead,6-10 years,Onsite,4.667,4.333,3.667,3.333,4.0,4.0,75.0,3.667
R00758,Operations,US,North America,Women,40-49,Team lead,3-5 years,Onsite,4.667,4.333,3.333,3.0,4.333,3.933,73.3,3.667
R00759,Operations,US,North America,Women,18-29,Senior leader,1-2 years,Onsite,5.0,3.333,4.0,5.0,4.667,4.4,85.0,5.0
R00765,Operations,US,North America,Women,40-49,Individual contributor,< 1 year,Onsite,2.667,5.0,4.0,3.0,4.667,3.867,71.7,4.333
R00767,Operations,US,North America,Men,30-39,Manager,< 1 year,Onsite,5.0,4.0,3.667,4.667,5.0,4.467,86.7,4.0
R00769,Operations,US,North America,Women,40-49,Individual contributor,6-10 years,Onsite,5.0,3.333,2.333,3.0,4.333,3.6,65.0,3.0
R00770,Operations,US,North America,Men,30-39,Individual contributor,1-2 years,Onsite,4.0,4.0,3.0,4.0,3.667,3.733,68.3,2.667
R00771,Operations,US,North America,Women,40-49,Manager,10 years +,Onsite,3.333,4.0,3.667,3.0,4.0,3.6,65.0,4.0
R00772,Operations,US,North America,Non-binary / self-described,18-29,Individual contributor,3-5 years,Onsite,2.0,5.0,3.667,3.0,4.0,3.533,63.3,3.667
R00773,Operations,US,North America,Women,50-59,Individual contributor,1-2 years,Onsite,4.667,3.0,3.333,4.667,3.0,3.733,68.3,5.0
R00774,Operations,US,North America,Women,30-39,Individual contributor,3-5 years,Onsite,4.333,3.333,3.667,2.333,3.0,3.333,58.3,3.0
R00777,Operations,US,North America,Women,30-39,Individual contributor,3-5 years,Onsite,3.0,3.667,4.0,3.333,3.667,3.533,63.3,3.333
R00778,Operations,US,North America,Women,30-39,Individual contributor,3-5 years,Onsite,3.0,4.0,2.667,3.667,3.333,3.333,58.3,3.667
R00779,Operations,US,North America,Women,30-39,Team lead,3-5 years,Hybrid,5.0,3.333,4.667,3.333,5.0,4.267,81.7,5.0
R00782,Operations,US,North America,Women,18-29,Manager,1-2 years,Hybrid,5.0,4.0,5.0,4.0,5.0,4.6,90.0,5.0
R00783,Operations,US,North America,Women,30-39,Individual contributor,< 1 year,Onsite,3.667,3.667,5.0,2.667,4.667,3.933,73.3,3.0
R00785,Operations,US,North America,Men,30-39,Individual contributor,3-5 years,Onsite,3.667,4.667,3.333,3.333,4.333,3.867,71.7,4.333
R00786,Operations,US,North America,Women,18-29,Individual contributor,6-10 years,Onsite,4.333,3.333,3.667,3.333,3.667,3.667,66.7,3.667
R00787,Operations,US,North America,Women,30-39,Team lead,< 1 year,Onsite,5.0,3.667,3.667,4.333,5.0,4.333,83.3,3.333
R00788,Operations,US,North America,Men,30-39,Team lead,6-10 years,Onsite,4.333,4.333,4.333,5.0,4.667,4.533,88.3,4.667
R00789,Operations,US,North America,Women,50-59,Team lead,3-5 years,Onsite,4.0,5.0,3.667,3.667,5.0,4.267,81.7,4.0
R00790,Operations,US,North America,Men,40-49,Individual contributor,< 1 year,Onsite,4.333,4.333,4.667,5.0,4.333,4.533,88.3,4.333
R00793,Operations,US,North America,Women,40-49,Manager,< 1 year,Onsite,4.333,3.333,3.667,3.333,5.0,3.933,73.3,4.667
R00794,Operations,US,North America,Men,30-39,Individual contributor,10 years +,Onsite,2.667,3.667,4.0,4.0,3.667,3.6,65.0,3.667
R00796,Operations,US,North America,Men,30-39,Senior leader,10 years +,Onsite,3.333,4.0,4.333,3.667,5.0,4.067,76.7,4.667
R00800,Operations,PL,EMEA,Men,30-39,Team lead,1-2 years,Remote,4.0,3.0,4.0,4.0,2.333,3.467,61.7,3.667
R00801,Operations,PL,EMEA,Women,50-59,Individual contributor,3-5 years,Onsite,4.333,3.667,2.667,4.333,4.667,3.933,73.3,4.333
R00802,Operations,PL,EMEA,Men,50-59,Individual contributor,10 years +,Remote,3.333,3.0,3.0,3.333,4.0,3.333,58.3,3.333
R00803,Operations,PL,EMEA,Women,30-39,Individual contributor,3-5 years,Onsite,3.0,4.0,3.0,4.667,2.667,3.467,61.7,3.667
R00804,Operations,PL,EMEA,Men,60+,Team lead,3-5 years,Onsite,2.667,2.667,4.333,2.0,3.667,3.067,51.7,4.0
R00806,Operations,PL,EMEA,Men,40-49,Team lead,< 1 year,Hybrid,5.0,3.0,4.667,4.333,2.667,3.933,73.3,3.333
R00807,Operations,PL,EMEA,Men,50-59,Individual contributor,1-2 years,Remote,3.0,5.0,3.0,2.333,3.667,3.4,60.0,3.0
R00808,Operations,PL,EMEA,Men,50-59,Individual contributor,10 years +,Onsite,4.0,3.333,4.0,3.0,4.333,3.733,68.3,3.667
R00809,Operations,PL,EMEA,Non-binary / self-described,50-59,Individual contributor,6-10 years,Onsite,3.0,3.333,4.667,3.333,3.333,3.533,63.3,2.667
R00811,Operations,PL,EMEA,Women,40-49,Team lead,3-5 years,Onsite,3.667,3.0,1.667,3.667,4.0,3.2,55.0,4.0
R00812,Operations,PL,EMEA,Men,30-39,Individual contributor,10 years +,Onsite,2.333,2.667,3.0,2.0,4.333,2.867,46.7,1.667
R00814,Operations,PL,EMEA,Men,18-29,Individual contributor,< 1 year,Onsite,3.0,2.0,4.0,3.667,2.333,3.0,50.0,2.667
R00815,Operations,PL,EMEA,Women,30-39,Individual contributor,1-2 years,Onsite,3.667,3.667,3.333,4.0,3.667,3.667,66.7,4.0
R00816,Operations,PL,EMEA,Men,30-39,Individual contributor,< 1 year,Onsite,4.667,2.0,3.0,4.667,3.0,3.467,61.7,2.333
R00819,Operations,PL,EMEA,Women,50-59,Individual contributor,3-5 years,Onsite,2.333,3.333,4.333,2.0,3.667,3.133,53.3,3.333
R00820,Operations,PL,EMEA,Non-binary / self-described,60+,Individual contributor,< 1 year,Onsite,3.667,3.333,2.0,3.333,4.333,3.333,58.3,2.667
R00821,Operations,PL,EMEA,Men,18-29,Individual contributor,3-5 years,Onsite,3.0,4.333,3.667,3.0,4.0,3.6,65.0,4.0
R00824,Operations,PL,EMEA,Women,40-49,Individual contributor,1-2 years,Onsite,4.333,3.0,5.0,2.667,3.667,3.733,68.3,4.0
R00828,Operations,PL,EMEA,Women,30-39,Individual contributor,1-2 years,Onsite,2.667,1.0,1.333,2.333,4.333,2.333,33.3,2.0
R00831,Operations,PL,EMEA,Women,30-39,Individual contributor,< 1 year,Onsite,3.0,3.667,4.333,3.667,3.667,3.667,66.7,3.667
R00832,Operations,PL,EMEA,Men,18-29,Individual contributor,3-5 years,Hybrid,3.0,3.333,3.0,3.667,4.0,3.4,60.0,2.333
R00834,Operations,CA,North America,Men,50-59,Individual contributor,1-2 years,Onsite,3.333,2.333,2.667,2.333,5.0,3.133,53.3,4.0
R00835,Operations,CA,North America,Women,50-59,Individual contributor,10 years +,Onsite,4.333,2.667,4.667,2.333,2.0,3.2,55.0,2.667
R00836,Operations,CA,North America,Men,30-39,Individual contributor,6-10 years,Hybrid,4.0,3.333,4.333,3.667,4.333,3.933,73.3,4.667
R00837,Operations,CA,North America,Men,40-49,Team lead,< 1 year,Onsite,4.333,2.333,3.333,3.667,4.333,3.6,65.0,4.667
R00838,Operations,CA,North America,Women,30-39,Team lead,< 1 year,Onsite,5.0,2.667,4.0,3.667,5.0,4.067,76.7,4.667
R00839,Operations,CA,North America,Women,30-39,Individual contributor,< 1 year,Onsite,3.333,3.667,3.667,3.333,5.0,3.8,70.0,2.333
R00840,Operations,CA,North America,Women,30-39,Individual contributor,1-2 years,Onsite,3.0,3.333,2.667,4.333,3.0,3.267,56.7,2.333
R00842,Operations,CA,North America,Women,30-39,Individual contributor,6-10 years,Onsite,3.0,3.667,3.333,3.667,2.333,3.2,55.0,4.0
R00844,Operations,CA,North America,Men,40-49,Individual contributor,6-10 years,Hybrid,4.333,3.0,2.667,2.667,5.0,3.533,63.3,4.0
R00845,Operations,CA,North America,Men,30-39,Manager,3-5 years,Onsite,4.0,3.667,5.0,4.333,4.333,4.267,81.7,4.0
R00846,Operations,CA,North America,Women,50-59,Team lead,3-5 years,Onsite,4.333,2.667,5.0,2.333,3.667,3.6,65.0,3.333
R00848,Operations,CA,North America,Women,50-59,Team lead,3-5 years,Hybrid,4.0,3.333,3.667,4.0,4.333,3.867,71.7,5.0
R00849,Operations,CA,North America,Women,40-49,Manager,< 1 year,Onsite,4.0,3.0,4.333,3.667,5.0,4.0,75.0,4.667
R00850,Operations,CA,North America,Men,18-29,Team lead,3-5 years,Onsite,4.0,2.667,3.667,1.667,4.0,3.2,55.0,2.667
R00851,Operations,CA,North America,Women,40-49,Individual contributor,3-5 years,Onsite,2.333,2.333,3.333,3.0,2.333,2.667,41.7,3.667
R00852,Operations,CA,North America,Women,40-49,Team lead,3-5 years,Hybrid,3.667,2.667,3.333,2.333,4.0,3.2,55.0,4.333
R00853,Operations,CA,North America,Women,30-39,Individual contributor,3-5 years,Onsite,4.333,2.0,2.667,3.0,2.667,2.933,48.3,2.667
R00854,Operations,CA,North America,Non-binary / self-described,30-39,Team lead,3-5 years,Remote,4.333,4.0,2.0,2.0,2.667,3.0,50.0,3.0
R00855,Operations,CA,North America,Men,40-49,Individual contributor,10 years +,Onsite,4.0,4.667,4.333,4.333,4.333,4.333,83.3,3.667
R00856,Operations,CA,North America,Men,30-39,Individual contributor,1-2 years,Onsite,3.333,3.0,3.667,4.0,4.333,3.667,66.7,4.0
R00857,Operations,CA,North America,Women,30-39,Individual contributor,6-10 years,Onsite,3.333,2.0,4.0,4.333,4.667,3.667,66.7,4.667
R00858,Operations,CA,North America,Men,40-49,Individual contributor,< 1 year,Onsite,3.667,2.667,3.0,4.0,5.0,3.667,66.7,3.0
R00860,Operations,CA,North America,Women,40-49,Manager,6-10 years,Onsite,4.333,4.0,2.667,2.333,4.333,3.533,63.3,4.0
R00861,Operations,CA,North America,Men,30-39,Individual contributor,1-2 years,Onsite,2.667,2.0,3.0,3.667,4.333,3.133,53.3,2.333
R00862,Operations,CA,North America,Women,40-49,Individual contributor,10 years +,Onsite,4.333,3.667,3.333,2.333,5.0,3.733,68.3,4.0
R00864,Operations,CA,North America,Men,50-59,Team lead,6-10 years,Hybrid,3.333,2.667,3.333,2.333,4.0,3.133,53.3,3.333
R00865,Operations,CA,North America,Men,30-39,Individual contributor,10 years +,Hybrid,3.333,3.0,3.333,3.667,4.0,3.467,61.7,3.333
R00866,Operations,CA,North America,Women,40-49,Individual contributor,10 years +,Hybrid,3.667,2.667,3.667,1.667,4.0,3.133,53.3,4.0
R00868,Operations,CA,North America,Men,30-39,Manager,6-10 years,Onsite,4.333,2.333,2.0,3.333,4.0,3.2,55.0,3.0
R00870,Operations,CA,North America,Women,18-29,Individual contributor,3-5 years,Onsite,4.667,2.667,4.333,3.333,3.667,3.733,68.3,4.333
R00871,Operations,CA,North America,Men,40-49,Team lead,< 1 year,Onsite,5.0,2.667,3.667,3.333,5.0,3.933,73.3,2.667
R00872,Operations,SG,APAC,Men,40-49,Individual contributor,6-10 years,Hybrid,3.667,2.667,2.333,4.333,3.667,3.333,58.3,3.0
R00873,Operations,SG,APAC,Men,18-29,Individual contributor,1-2 years,Onsite,3.333,4.0,4.0,3.0,4.333,3.733,68.3,3.333
R00874,Operations,SG,APAC,Women,30-39,Individual contributor,3-5 years,Onsite,3.667,3.667,3.667,3.333,4.667,3.8,70.0,4.333
R00875,Operations,SG,APAC,Women,40-49,Individual contributor,6-10 years,Onsite,2.333,3.0,3.667,3.0,2.667,2.933,48.3,3.0
R00876,Operations,SG,APAC,Women,18-29,Individual contributor,6-10 years,Onsite,2.667,3.0,2.333,2.0,3.333,2.667,41.7,3.667
R00878,Operations,SG,APAC,Men,30-39,Individual contributor,< 1 year,Onsite,2.667,3.333,3.333,3.0,3.667,3.2,55.0,3.333
R00883,Operations,SG,APAC,Women,30-39,Team lead,3-5 years,Onsite,3.0,4.667,3.0,3.667,3.333,3.533,63.3,4.0
R00886,Operations,SG,APAC,Men,18-29,Individual contributor,< 1 year,Hybrid,4.667,4.667,2.667,3.333,5.0,4.067,76.7,4.0
R00887,Operations,SG,APAC,Women,50-59,Individual contributor,6-10 years,Onsite,4.333,1.667,3.0,3.667,2.667,3.067,51.7,2.667
R00890,Operations,SG,APAC,Women,50-59,Individual contributor,1-2 years,Hybrid,3.333,3.333,2.333,4.333,3.333,3.333,58.3,3.667
R00891,Operations,SG,APAC,Men,18-29,Individual contributor,10 years +,Onsite,3.333,1.333,3.333,3.0,3.333,2.867,46.7,3.667
R00892,Operations,SG,APAC,Women,40-49,Team lead,1-2 years,Onsite,3.0,3.0,3.667,5.0,3.0,3.533,63.3,2.667
R00893,Operations,SG,APAC,Men,40-49,Individual contributor,3-5 years,Onsite,4.0,2.667,2.0,2.667,4.333,3.133,53.3,3.667
R00895,Operations,SG,APAC,Women,60+,Individual contributor,3-5 years,Onsite,2.333,2.0,1.667,4.333,3.333,2.733,43.3,2.667
R00896,Operations,SG,APAC,Men,18-29,Individual contributor,10 years +,Onsite,3.0,3.667,2.667,3.333,1.667,2.867,46.7,4.667
R00897,Operations,SG,APAC,Women,18-29,Individual contributor,1-2 years,Hybrid,2.667,3.0,4.0,2.667,3.667,3.2,55.0,3.667
R00898,Operations,SG,APAC,Women,18-29,Individual contributor,3-5 years,Onsite,2.0,2.667,4.667,4.0,2.667,3.2,55.0,4.0
R00900,Operations,SG,APAC,Women,30-39,Individual contributor,1-2 years,Onsite,3.667,3.333,4.0,4.0,2.333,3.467,61.7,3.667
R00902,Operations,SG,APAC,Men,40-49,Individual contributor,3-5 years,Hybrid,4.333,4.333,4.333,3.333,2.333,3.733,68.3,3.0
R00903,Operations,SG,APAC,Men,40-49,Individual contributor,3-5 years,Onsite,3.333,3.0,3.0,3.333,3.333,3.2,55.0,3.333
R00906,Operations,SG,APAC,Women,30-39,Individual contributor,3-5 years,Onsite,4.333,3.0,4.333,4.333,3.0,3.8,70.0,3.0
R00907,Operations,DE,EMEA,Men,30-39,Individual contributor,1-2 years,Onsite,3.333,4.333,5.0,4.0,5.0,4.333,83.3,4.333
R00908,Operations,DE,EMEA,Women,30-39,Individual contributor,6-10 years,Onsite,3.667,5.0,2.667,2.0,3.0,3.267,56.7,3.667
R00909,Operations,DE,EMEA,Women,40-49,Individual contributor,6-10 years,Onsite,5.0,4.0,2.333,4.0,3.667,3.8,70.0,3.667
R00913,Operations,DE,EMEA,Men,50-59,Manager,1-2 years,Onsite,3.0,3.667,5.0,4.667,4.0,4.067,76.7,4.333
R00914,Operations,DE,EMEA,Women,30-39,Individual contributor,1-2 years,Onsite,4.667,3.667,3.0,4.667,4.667,4.133,78.3,4.333
R00917,Operations,CA,North America,Women,30-39,Individual contributor,3-5 years,Hybrid,5.0,3.0,5.0,1.667,4.333,3.8,70.0,5.0
R00918,Operations,CA,North America,Men,18-29,Manager,6-10 years,Onsite,3.333,4.333,4.333,3.0,5.0,4.0,75.0,4.667
R00919,Operations,CA,North America,Men,30-39,Individual contributor,6-10 years,Onsite,5.0,3.0,4.333,2.0,5.0,3.867,71.7,4.333
R00920,Operations,CA,North America,Women,40-49,Individual contributor,< 1 year,Hybrid,5.0,4.333,5.0,4.333,5.0,4.733,93.3,4.333
R00921,Operations,CA,North America,Women,60+,Individual contributor,< 1 year,Onsite,4.333,3.0,4.333,4.0,5.0,4.133,78.3,4.667
R00923,Operations,CA,North America,Men,30-39,Individual contributor,1-2 years,Hybrid,5.0,2.667,3.0,2.667,5.0,3.667,66.7,3.0
R00925,Operations,CA,North America,Men,50-59,Individual contributor,6-10 years,Onsite,3.667,5.0,2.667,3.333,5.0,3.933,73.3,3.0
R00926,Operations,CA,North America,Women,50-59,Individual contributor,3-5 years,Remote,4.667,2.667,5.0,2.333,4.0,3.733,68.3,4.0
R00928,Operations,CA,North America,Men,40-49,Individual contributor,10 years +,Onsite,4.667,3.333,4.0,3.333,4.333,3.933,73.3,4.0
R00929,Operations,CA,North America,Women,50-59,Individual contributor,1-2 years,Onsite,4.333,3.667,4.333,3.667,5.0,4.2,80.0,4.333
R00930,Operations,CA,North America,Men,30-39,Individual contributor,1-2 years,Onsite,4.667,2.333,4.0,3.333,5.0,3.867,71.7,4.333
R00932,Operations,CA,North America,Women,18-29,Team lead,6-10 years,Onsite,3.667,4.0,4.0,4.0,5.0,4.133,78.3,3.333
R00933,Operations,CA,North America,Women,40-49,Individual contributor,3-5 years,Onsite,4.667,2.667,4.667,2.333,5.0,3.867,71.7,5.0
R00934,Operations,CA,North America,Women,30-39,Team lead,3-5 years,Onsite,4.333,3.0,4.667,3.0,5.0,4.0,75.0,4.0
R00936,Operations,CA,North America,Men,18-29,Individual contributor,1-2 years,Onsite,5.0,4.333,3.333,2.667,5.0,4.067,76.7,3.333
R00937,Operations,CA,North America,Men,60+,Senior leader,< 1 year,Onsite,5.0,5.0,5.0,4.667,5.0,4.933,98.3,4.333
R00941,Operations,SG,APAC,Men,40-49,Manager,< 1 year,Onsite,4.333,4.333,3.667,3.0,4.667,4.0,75.0,4.333
R00942,Operations,SG,APAC,Men,18-29,Individual contributor,3-5 years,Onsite,3.333,4.333,3.667,2.667,3.667,3.533,63.3,2.0
R00943,Operations,SG,APAC,Non-binary / self-described,18-29,Team lead,3-5 years,Onsite,4.0,2.0,3.0,3.667,1.667,2.867,46.7,3.667
R00946,Operations,SG,APAC,Men,18-29,Individual contributor,3-5 years,Onsite,4.0,4.333,4.0,2.333,4.667,3.867,71.7,4.0
R00947,Operations,SG,APAC,Men,40-49,Team lead,1-2 years,Onsite,4.0,3.333,2.667,3.0,3.333,3.267,56.7,2.667
R00948,Operations,SG,APAC,Women,18-29,Team lead,3-5 years,Onsite,4.0,3.667,2.333,2.667,3.333,3.2,55.0,2.667
R00949,Operations,SG,APAC,Women,18-29,Individual contributor,1-2 years,Onsite,4.0,3.0,3.667,3.333,3.333,3.467,61.7,4.0
R00950,Operations,SG,APAC,Women,30-39,Individual contributor,1-2 years,Onsite,3.0,3.667,3.333,2.0,5.0,3.4,60.0,3.333
R00952,Operations,SG,APAC,Men,50-59,Individual contributor,1-2 years,Hybrid,4.667,3.333,2.667,4.0,4.333,3.8,70.0,3.667
R00953,Operations,SG,APAC,Women,30-39,Individual contributor,10 years +,Onsite,4.0,3.667,3.333,3.333,4.667,3.8,70.0,4.0
R00955,Operations,US,North America,Women,40-49,Individual contributor,3-5 years,Onsite,3.333,4.667,4.0,2.667,4.0,3.733,68.3,4.0
R00956,Operations,US,North America,Men,30-39,Individual contributor,3-5 years,Onsite,2.667,3.333,3.333,2.667,4.0,3.2,55.0,3.333
R00958,Operations,US,North America,Men,40-49,Individual contributor,1-2 years,Onsite,3.333,4.0,2.667,3.0,2.333,3.067,51.7,4.667
R00959,Operations,US,North America,Women,40-49,Team lead,< 1 year,Onsite,4.333,4.333,4.333,4.667,3.667,4.267,81.7,4.0
R00960,Operations,US,North America,Women,40-49,Individual contributor,6-10 years,Onsite,3.0,2.333,2.667,4.667,3.0,3.133,53.3,2.333
R00961,Operations,US,North America,Women,40-49,Individual contributor,1-2 years,Onsite,3.0,3.0,3.333,4.0,2.0,3.067,51.7,4.0
R00963,Operations,US,North America,Men,40-49,Team lead,< 1 year,Onsite,4.333,5.0,4.333,4.0,4.333,4.4,85.0,4.667
R00964,Operations,US,North America,Women,40-49,Senior leader,6-10 years,Onsite,4.333,1.667,2.333,4.667,2.667,3.133,53.3,4.0
R00965,Operations,US,North America,Men,40-49,Senior leader,3-5 years,Onsite,3.667,3.667,3.0,4.333,5.0,3.933,73.3,3.667
R00968,Operations,US,North America,Women,40-49,Individual contributor,3-5 years,Hybrid,3.333,3.667,2.0,2.333,4.0,3.067,51.7,3.0
R00969,Operations,US,North America,Men,50-59,Individual contributor,3-5 years,Onsite,3.667,2.667,3.667,3.333,4.0,3.467,61.7,4.0
R00970,Operations,US,North America,Women,30-39,Individual contributor,3-5 years,Onsite,4.667,4.333,1.667,4.667,2.667,3.6,65.0,4.667
R00972,Operations,US,North America,Women,40-49,Individual contributor,1-2 years,Onsite,4.333,4.667,2.333,4.667,4.0,4.0,75.0,3.667
R00973,Operations,US,North America,Women,60+,Individual contributor,3-5 years,Onsite,3.667,3.667,3.0,3.667,2.667,3.333,58.3,2.667
R00975,Operations,US,North America,Women,40-49,Team lead,1-2 years,Onsite,2.0,4.333,5.0,3.333,3.0,3.533,63.3,4.333
R00977,Operations,US,North America,Men,30-39,Manager,3-5 years,Onsite,4.0,4.0,2.333,3.667,4.333,3.667,66.7,4.667
R00979,Operations,US,North America,Women,50-59,Individual contributor,< 1 year,Onsite,4.0,5.0,2.333,4.333,3.667,3.867,71.7,4.0
R00980,Operations,US,North America,Men,50-59,Individual contributor,1-2 years,Onsite,4.333,4.333,2.333,3.333,2.667,3.4,60.0,3.333
R00982,Operations,US,North America,Men,60+,Individual contributor,6-10 years,Onsite,4.667,2.667,2.667,3.333,3.333,3.333,58.3,3.333
R00983,Operations,US,North America,Men,18-29,Team lead,< 1 year,Onsite,2.667,3.333,4.0,4.667,4.0,3.733,68.3,3.0
R00984,Operations,US,North America,Men,40-49,Individual contributor,3-5 years,Onsite,3.0,3.0,4.333,3.0,2.667,3.2,55.0,3.0
R00986,Operations,US,North America,Men,40-49,Manager,6-10 years,Onsite,3.0,4.333,3.667,2.667,3.333,3.4,60.0,4.0
R00987,Operations,US,North America,Non-binary / self-described,30-39,Team lead,1-2 years,Onsite,3.0,5.0,2.667,3.333,3.667,3.533,63.3,4.333
R00989,Operations,US,North America,Men,30-39,Individual contributor,10 years +,Onsite,3.0,4.0,2.0,4.0,4.0,3.4,60.0,2.667
R00990,Operations,US,North America,Men,18-29,Individual contributor,6-10 years,Onsite,3.0,2.333,4.333,4.0,1.0,2.933,48.3,4.667
R00993,Operations,US,North America,Men,18-29,Manager,< 1 year,Hybrid,3.0,4.0,3.667,4.333,4.667,3.933,73.3,4.667
R00994,Operations,US,North America,Men,40-49,Team lead,6-10 years,Hybrid,3.333,3.333,3.667,4.333,5.0,3.933,73.3,4.0
R00995,Operations,US,North America,Women,30-39,Individual contributor,1-2 years,Onsite,3.667,4.0,3.0,3.667,3.667,3.6,65.0,3.667
R00996,Operations,US,North America,Men,30-39,Individual contributor,1-2 years,Onsite,4.667,4.0,3.333,3.667,4.0,3.933,73.3,2.667
R01001,Operations,US,North America,Women,40-49,Team lead,6-10 years,Onsite,3.333,3.667,4.667,2.667,4.667,3.8,70.0,3.333
R01002,Operations,US,North America,Men,30-39,Individual contributor,3-5 years,Onsite,4.333,3.333,3.0,3.333,3.667,3.533,63.3,4.333
R01003,Operations,US,North America,Men,50-59,Team lead,1-2 years,Onsite,5.0,2.0,3.0,4.333,5.0,3.867,71.7,3.0
R01004,Operations,US,North America,Women,60+,Individual contributor,1-2 years,Onsite,5.0,3.333,2.667,2.667,5.0,3.733,68.3,3.333
R01005,Operations,US,North America,Women,50-59,Individual contributor,3-5 years,Onsite,3.333,4.0,2.333,3.333,4.333,3.467,61.7,3.0
R01006,Operations,US,North America,Women,30-39,Individual contributor,6-10 years,Onsite,5.0,3.0,2.333,2.667,4.0,3.4,60.0,2.333
R01007,Operations,US,North America,Men,18-29,Individual contributor,3-5 years,Hybrid,3.333,3.333,3.0,3.667,3.0,3.267,56.7,4.667
R01008,Operations,US,North America,Men,40-49,Manager,3-5 years,Onsite,4.0,3.667,3.0,3.0,5.0,3.733,68.3,4.0
R01009,Operations,US,North America,Men,30-39,Manager,6-10 years,Hybrid,4.333,3.667,2.667,4.0,5.0,3.933,73.3,3.0
R01010,Operations,US,North America,Women,40-49,Individual contributor,3-5 years,Onsite,3.0,2.667,3.667,3.0,5.0,3.467,61.7,4.0
R01013,Operations,IN,APAC,Men,18-29,Individual contributor,3-5 years,Onsite,4.0,2.0,1.0,4.0,4.667,3.133,53.3,3.333
R01014,Operations,IN,APAC,Men,50-59,Individual contributor,3-5 years,Onsite,2.667,2.0,3.0,3.0,4.333,3.0,50.0,2.333
R01016,Operations,IN,APAC,Women,40-49,Manager,1-2 years,Onsite,3.0,4.333,4.333,3.333,4.667,3.933,73.3,3.333
R01017,Operations,IN,APAC,Men,30-39,Team lead,< 1 year,Onsite,3.667,2.333,3.333,4.0,4.0,3.467,61.7,3.667
R01018,Operations,IN,APAC,Women,50-59,Team lead,< 1 year,Onsite,4.667,3.333,4.0,2.667,4.333,3.8,70.0,3.333
R01022,Operations,IN,APAC,Women,40-49,Individual contributor,10 years +,Onsite,4.0,1.667,3.667,3.0,4.333,3.333,58.3,4.0
R01024,Operations,IN,APAC,Men,50-59,Team lead,10 years +,Onsite,4.0,3.333,3.0,3.0,4.667,3.6,65.0,4.333
R01025,Operations,IN,APAC,Women,50-59,Individual contributor,6-10 years,Hybrid,2.333,2.333,2.333,3.0,4.333,2.867,46.7,3.0
R01026,Operations,IN,APAC,Men,18-29,Individual contributor,3-5 years,Onsite,3.0,2.0,4.333,3.0,3.0,3.067,51.7,3.667
R01027,Operations,IN,APAC,Men,30-39,Individual contributor,3-5 years,Hybrid,3.0,2.0,2.333,2.667,3.667,2.733,43.3,2.667
R01028,Operations,IN,APAC,Women,30-39,Team lead,3-5 years,Onsite,2.667,2.333,3.0,2.333,3.667,2.8,45.0,3.0
R01029,Operations,IN,APAC,Men,30-39,Individual contributor,6-10 years,Onsite,3.667,3.667,3.333,3.0,3.667,3.467,61.7,1.667
R01031,Operations,IN,APAC,Women,18-29,Team lead,1-2 years,Onsite,3.333,1.667,3.333,4.0,4.0,3.267,56.7,4.0
R01032,Operations,IN,APAC,Women,50-59,Team lead,10 years +,Hybrid,4.667,3.667,3.667,2.667,3.333,3.6,65.0,2.667
R01033,Operations,IN,APAC,Women,18-29,Manager,6-10 years,Onsite,3.667,2.333,4.333,3.333,4.667,3.667,66.7,3.667
R01034,Operations,IN,APAC,Women,30-39,Individual contributor,< 1 year,Hybrid,3.0,4.333,4.0,4.333,3.333,3.8,70.0,3.0
R01037,Operations,DE,EMEA,Women,30-39,Individual contributor,< 1 year,Onsite,4.0,3.0,2.667,4.0,3.333,3.4,60.0,4.667
R01038,Operations,DE,EMEA,Men,40-49,Individual contributor,1-2 years,Onsite,4.667,4.667,1.333,4.667,5.0,4.067,76.7,4.667
R01039,Operations,DE,EMEA,Women,40-49,Individual contributor,10 years +,Onsite,4.0,3.333,4.667,3.0,3.0,3.6,65.0,3.333
R01040,Operations,DE,EMEA,Men,40-49,Individual contributor,3-5 years,Onsite,3.0,2.333,4.0,3.0,3.333,3.133,53.3,2.333
R01041,Operations,DE,EMEA,Men,50-59,Individual contributor,< 1 year,Onsite,4.0,2.667,2.667,5.0,2.0,3.267,56.7,3.333
R01042,Operations,DE,EMEA,Women,50-59,Individual contributor,1-2 years,Onsite,3.333,4.333,4.0,4.333,2.667,3.733,68.3,3.333
R01044,Operations,DE,EMEA,Women,50-59,Individual contributor,10 years +,Onsite,2.667,4.667,2.333,3.0,2.333,3.0,50.0,3.0
R01045,Operations,DE,EMEA,Women,18-29,Team lead,1-2 years,Onsite,3.333,3.667,4.667,4.667,2.0,3.667,66.7,3.333
R01047,Operations,DE,EMEA,Women,50-59,Individual contributor,3-5 years,Onsite,2.0,3.0,2.667,4.0,3.0,2.933,48.3,2.667
R01048,Operations,DE,EMEA,Men,60+,Team lead,1-2 years,Onsite,4.667,4.667,3.333,4.667,1.667,3.8,70.0,3.667
R01050,Operations,DE,EMEA,Women,50-59,Individual contributor,1-2 years,Onsite,2.667,4.0,3.667,3.0,4.333,3.533,63.3,3.333
R01052,Operations,DE,EMEA,Women,40-49,Individual contributor,3-5 years,Hybrid,2.667,5.0,4.333,3.667,2.333,3.6,65.0,3.333
R01053,Operations,DE,EMEA,Men,30-39,Individual contributor,6-10 years,Onsite,3.667,4.0,2.667,3.667,3.667,3.533,63.3,3.0
R01054,Operations,DE,EMEA,Men,60+,Individual contributor,1-2 years,Onsite,3.667,2.667,2.667,4.0,4.333,3.467,61.7,3.333
R01057,Operations,DE,EMEA,Men,18-29,Individual contributor,6-10 years,Onsite,4.0,3.0,2.0,4.0,4.0,3.4,60.0,3.0
R01058,Operations,DE,EMEA,Women,18-29,Team lead,6-10 years,Onsite,3.333,3.333,3.0,3.0,2.667,3.067,51.7,3.0
R01059,Operations,DE,EMEA,Women,50-59,Individual contributor,10 years +,Onsite,4.0,5.0,3.667,3.667,3.667,4.0,75.0,4.667
R01061,Operations,DE,EMEA,Men,18-29,Individual contributor,< 1 year,Onsite,3.333,4.0,3.333,4.333,3.333,3.667,66.7,3.333
R01062,Operations,DE,EMEA,Men,18-29,Individual contributor,10 years +,Onsite,3.333,2.0,5.0,4.333,2.333,3.4,60.0,4.667
R01065,Operations,DE,EMEA,Men,30-39,Individual contributor,1-2 years,Onsite,3.0,3.333,2.667,4.333,3.0,3.267,56.7,3.0
R01066,Operations,DE,EMEA,Women,40-49,Individual contributor,3-5 years,Onsite,2.333,4.0,2.333,2.667,3.667,3.0,50.0,3.0
R01069,Operations,DE,EMEA,Women,50-59,Individual contributor,6-10 years,Onsite,3.333,4.0,2.667,3.667,3.0,3.333,58.3,4.667
R01070,Operations,DE,EMEA,Women,50-59,Manager,< 1 year,Onsite,5.0,3.667,4.0,3.667,3.333,3.933,73.3,3.333
R01071,Operations,DE,EMEA,Non-binary / self-described,18-29,Team lead,1-2 years,Onsite,3.333,4.0,3.333,4.333,4.0,3.8,70.0,5.0
R01074,Operations,DE,EMEA,Women,40-49,Senior leader,6-10 years,Onsite,5.0,3.0,3.667,4.333,4.333,4.067,76.7,3.333
R01075,Operations,DE,EMEA,Non-binary / self-described,40-49,Individual contributor,1-2 years,Remote,3.333,2.333,2.667,3.0,3.667,3.0,50.0,4.0
R01077,Operations,DE,EMEA,Women,18-29,Manager,10 years +,Onsite,4.333,4.333,4.333,3.0,4.667,4.133,78.3,5.0
R01078,Operations,DE,EMEA,Men,40-49,Individual contributor,10 years +,Onsite,3.0,4.0,3.333,4.333,4.0,3.733,68.3,4.0
R01082,Operations,DE,EMEA,Men,50-59,Individual contributor,< 1 year,Onsite,4.667,3.667,2.667,4.667,4.0,3.933,73.3,4.0
R01083,Operations,DE,EMEA,Women,30-39,Team lead,10 years +,Onsite,3.0,2.333,3.333,3.333,3.333,3.067,51.7,2.333
R01085,Operations,DE,EMEA,Women,50-59,Individual contributor,6-10 years,Onsite,4.333,3.667,2.667,4.0,2.333,3.4,60.0,3.667
R01089,Operations,IN,APAC,Women,30-39,Senior leader,6-10 years,Onsite,5.0,4.333,5.0,5.0,4.0,4.667,91.7,4.333
R01090,Operations,IN,APAC,Women,40-49,Manager,3-5 years,Hybrid,4.0,3.667,4.333,5.0,4.0,4.2,80.0,3.667
R01091,Operations,IN,APAC,Men,30-39,Team lead,6-10 years,Onsite,5.0,4.333,4.667,4.667,5.0,4.733,93.3,4.667
R01093,Operations,IN,APAC,Women,30-39,Individual contributor,10 years +,Onsite,5.0,4.0,4.333,3.0,4.667,4.2,80.0,4.667
R01094,Operations,IN,APAC,Men,40-49,Team lead,10 years +,Onsite,4.333,3.333,3.667,3.667,5.0,4.0,75.0,4.0
R01095,Operations,IN,APAC,Women,50-59,Individual contributor,3-5 years,Onsite,3.667,5.0,3.0,4.667,4.0,4.067,76.7,4.0
R01096,Operations,IN,APAC,Women,40-49,Individual contributor,3-5 years,Onsite,4.667,3.667,4.667,4.0,4.667,4.333,83.3,4.0
R01097,Operations,IN,APAC,Men,18-29,Individual contributor,6-10 years,Onsite,3.333,2.667,4.333,3.667,4.667,3.733,68.3,3.333
R01098,Operations,IN,APAC,Men,30-39,Individual contributor,1-2 years,Onsite,5.0,4.333,5.0,2.0,4.333,4.133,78.3,3.667
R01099,Operations,IN,APAC,Women,18-29,Individual contributor,1-2 years,Onsite,4.667,3.667,2.333,5.0,3.333,3.8,70.0,3.0
R01102,Operations,US,North America,Men,18-29,Manager,3-5 years,Onsite,3.667,3.333,3.0,3.0,4.333,3.467,61.7,3.667
R01103,Operations,US,North America,Men,50-59,Senior leader,1-2 years,Onsite,2.333,4.333,4.333,4.333,4.667,4.0,75.0,3.667
R01104,Operations,US,North America,Women,18-29,Individual contributor,1-2 years,Onsite,4.333,3.333,3.333,3.667,5.0,3.933,73.3,2.333
R01105,Operations,US,North America,Women,18-29,Individual contributor,< 1 year,Onsite,3.667,3.667,4.0,3.0,3.333,3.533,63.3,4.0
R01106,Operations,US,North America,Men,40-49,Individual contributor,1-2 years,Onsite,3.333,3.333,4.667,3.0,4.0,3.667,66.7,5.0
R01107,Operations,US,North America,Men,60+,Individual contributor,1-2 years,Onsite,4.333,1.667,4.333,2.0,3.667,3.2,55.0,4.0
R01108,Operations,US,North America,Men,30-39,Individual contributor,3-5 years,Onsite,4.333,2.667,2.667,2.667,2.667,3.0,50.0,1.667
R01109,Operations,US,North America,Women,40-49,Manager,3-5 years,Onsite,4.0,3.333,3.667,3.333,4.333,3.733,68.3,4.333
R01110,Operations,US,North America,Women,30-39,Individual contributor,6-10 years,Onsite,4.333,3.333,2.667,2.667,4.667,3.533,63.3,4.333
R01111,Operations,US,North America,Non-binary / self-described,30-39,Individual contributor,3-5 years,Remote,3.0,3.333,3.0,4.0,4.333,3.533,63.3,2.667
R01112,Operations,US,North America,Men,30-39,Individual contributor,3-5 years,Onsite,4.333,4.0,3.333,4.0,4.0,3.933,73.3,2.667
R01114,Operations,US,North America,Men,40-49,Individual contributor,< 1 year,Onsite,4.333,4.333,3.667,2.333,4.333,3.8,70.0,4.0
R01115,Operations,IN,APAC,Non-binary / self-described,40-49,Senior leader,< 1 year,Onsite,5.0,4.0,4.667,4.0,5.0,4.533,88.3,4.667
R01118,Operations,IN,APAC,Women,18-29,Manager,3-5 years,Hybrid,4.667,3.333,4.667,1.667,5.0,3.867,71.7,3.333
R01119,Operations,IN,APAC,Women,18-29,Team lead,1-2 years,Onsite,4.0,3.333,4.333,3.333,4.667,3.933,73.3,4.0
R01121,Operations,IN,APAC,Women,40-49,Individual contributor,< 1 year,Onsite,5.0,3.333,4.333,3.667,5.0,4.267,81.7,5.0
R01122,Operations,IN,APAC,Women,50-59,Individual contributor,3-5 years,Onsite,2.667,2.667,3.667,3.667,5.0,3.533,63.3,3.667
R01123,Operations,IN,APAC,Men,50-59,Individual contributor,1-2 years,Onsite,4.667,2.667,4.333,3.667,5.0,4.067,76.7,5.0
R01124,Operations,IN,APAC,Women,50-59,Individual contributor,3-5 years,Hybrid,3.667,3.333,5.0,4.0,5.0,4.2,80.0,3.333
R01125,Operations,IN,APAC,Men,60+,Individual contributor,1-2 years,Onsite,3.667,4.0,3.333,3.333,5.0,3.867,71.7,5.0
R01126,Operations,IN,APAC,Women,40-49,Individual contributor,3-5 years,Onsite,4.667,4.333,3.333,3.0,5.0,4.067,76.7,4.667
R01127,Operations,IN,APAC,Women,30-39,Individual contributor,1-2 years,Onsite,4.333,2.667,2.667,3.333,5.0,3.6,65.0,3.667
R01128,Operations,IN,APAC,Men,60+,Team lead,3-5 years,Onsite,5.0,3.667,4.0,3.0,5.0,4.133,78.3,5.0
R01129,Operations,IN,APAC,Men,50-59,Individual contributor,6-10 years,Hybrid,4.667,3.667,3.667,3.667,4.667,4.067,76.7,4.333
R01131,Operations,IN,APAC,Women,30-39,Individual contributor,3-5 years,Remote,3.667,3.667,3.667,2.667,5.0,3.733,68.3,3.667
R01132,Operations,IN,APAC,Men,40-49,Individual contributor,1-2 years,Onsite,5.0,4.0,4.333,3.667,5.0,4.4,85.0,4.667
R01133,Operations,IN,APAC,Men,40-49,Individual contributor,< 1 year,Onsite,3.333,4.333,5.0,4.0,5.0,4.333,83.3,5.0
R01134,Operations,IN,APAC,Non-binary / self-described,50-59,Individual contributor,1-2 years,Onsite,3.667,3.667,5.0,3.0,4.0,3.867,71.7,3.667
R01135,Operations,IN,APAC,Women,30-39,Individual contributor,10 years +,Onsite,5.0,2.0,3.0,2.0,5.0,3.4,60.0,4.0
R01136,Operations,IN,APAC,Men,50-59,Individual contributor,1-2 years,Onsite,4.333,3.0,2.333,3.667,4.667,3.6,65.0,3.333
R01137,Operations,IN,APAC,Men,40-49,Individual contributor,10 years +,Hybrid,5.0,4.0,3.0,3.0,5.0,4.0,75.0,3.667
R01139,Operations,IN,APAC,Non-binary / self-described,60+,Team lead,1-2 years,Onsite,5.0,4.333,4.333,3.667,5.0,4.467,86.7,3.667
R01140,Operations,IN,APAC,Men,30-39,Individual contributor,3-5 years,Onsite,4.0,1.667,3.667,2.667,4.667,3.333,58.3,4.0
R01141,Operations,IN,APAC,Men,30-39,Individual contributor,3-5 years,Onsite,4.333,1.333,4.667,4.667,5.0,4.0,75.0,5.0
R01142,Operations,CA,North America,Men,30-39,Individual contributor,< 1 year,Onsite,3.667,4.333,3.333,3.0,3.0,3.467,61.7,3.0
R01143,Operations,CA,North America,Men,18-29,Team lead,< 1 year,Onsite,4.667,3.333,3.667,4.0,2.667,3.667,66.7,3.333
R01145,Operations,CA,North America,Women,30-39,Individual contributor,6-10 years,Onsite,4.667,2.667,1.333,2.0,2.667,2.667,41.7,2.333
R01146,Operations,CA,North America,Women,60+,Senior leader,3-5 years,Onsite,4.667,4.333,3.333,2.667,3.333,3.667,66.7,4.667
R01149,Operations,CA,North America,Men,18-29,Individual contributor,10 years +,Onsite,3.667,2.667,3.667,3.333,3.667,3.4,60.0,3.333
R01150,Operations,CA,North America,Women,40-49,Individual contributor,< 1 year,Onsite,3.333,4.333,4.333,2.667,4.333,3.8,70.0,3.0
R01151,Operations,CA,North America,Women,40-49,Individual contributor,6-10 years,Onsite,3.667,4.333,2.667,3.333,3.0,3.4,60.0,3.0
R01152,Operations,CA,North America,Women,30-39,Individual contributor,3-5 years,Hybrid,4.667,4.667,3.0,3.333,2.667,3.667,66.7,4.333
R01155,Operations,CA,North America,Women,40-49,Individual contributor,6-10 years,Onsite,1.667,2.667,3.0,2.0,3.0,2.467,36.7,3.0
R01156,Operations,CA,North America,Women,40-49,Individual contributor,1-2 years,Remote,4.667,4.667,4.0,4.667,3.333,4.267,81.7,4.333
R01157,Operations,CA,North America,Men,40-49,Manager,3-5 years,Onsite,3.0,2.667,1.667,4.667,4.667,3.333,58.3,3.667
R01159,Operations,CA,North America,Men,40-49,Individual contributor,6-10 years,Onsite,1.667,3.0,4.333,4.667,4.0,3.533,63.3,3.333
R01160,Operations,CA,North America,Women,60+,Individual contributor,3-5 years,Onsite,2.667,2.667,2.0,1.0,4.0,2.467,36.7,2.333
R01161,Operations,CA,North America,Women,50-59,Individual contributor,< 1 year,Onsite,5.0,4.0,3.667,4.0,3.667,4.067,76.7,4.0
R01162,Operations,CA,North America,Women,18-29,Individual contributor,3-5 years,Onsite,4.333,4.0,4.0,2.667,4.333,3.867,71.7,3.0
R01163,Operations,CA,North America,Men,50-59,Team lead,3-5 years,Onsite,4.0,1.667,4.0,5.0,4.0,3.733,68.3,4.333
R01164,Operations,CA,North America,Women,30-39,Individual contributor,1-2 years,Onsite,3.667,3.333,2.333,3.0,2.667,3.0,50.0,2.333
R01167,Operations,CA,North America,Women,40-49,Team lead,3-5 years,Onsite,4.333,4.0,3.0,4.333,4.0,3.933,73.3,4.333
R01168,Operations,DE,EMEA,Women,50-59,Manager,6-10 years,Onsite,5.0,4.0,4.333,4.333,3.667,4.267,81.7,2.667
R01171,Operations,DE,EMEA,Non-binary / self-described,40-49,Individual contributor,1-2 years,Onsite,3.0,4.0,3.0,4.667,3.667,3.667,66.7,3.0
R01173,Operations,DE,EMEA,Women,50-59,Manager,6-10 years,Onsite,4.333,3.667,4.0,2.333,4.333,3.733,68.3,2.667
R01174,Operations,DE,EMEA,Women,18-29,Individual contributor,1-2 years,Onsite,3.333,3.667,3.0,2.333,4.667,3.4,60.0,2.667
R01175,Operations,DE,EMEA,Women,18-29,Individual contributor,6-10 years,Remote,3.0,3.0,3.0,4.0,4.0,3.4,60.0,3.667
R01177,Operations,DE,EMEA,Women,30-39,Individual contributor,3-5 years,Onsite,4.667,2.0,4.333,3.0,4.333,3.667,66.7,3.667
R01179,Customer Service,PL,EMEA,Women,18-29,Individual contributor,6-10 years,Onsite,4.333,4.667,4.333,2.333,4.667,4.067,76.7,4.333
R01180,Customer Service,PL,EMEA,Women,30-39,Individual contributor,3-5 years,Onsite,5.0,4.333,4.333,2.667,3.667,4.0,75.0,4.667
R01181,Customer Service,PL,EMEA,Men,60+,Team lead,1-2 years,Onsite,5.0,2.667,3.333,4.0,5.0,4.0,75.0,3.667
R01182,Customer Service,PL,EMEA,Women,50-59,Individual contributor,10 years +,Hybrid,4.333,3.667,2.667,3.333,5.0,3.8,70.0,4.667
R01184,Customer Service,PL,EMEA,Women,40-49,Manager,6-10 years,Onsite,4.333,4.667,5.0,4.333,5.0,4.667,91.7,4.667
R01185,Customer Service,PL,EMEA,Women,50-59,Individual contributor,3-5 years,Remote,4.333,5.0,4.333,4.0,4.333,4.4,85.0,4.0
R01186,Customer Service,PL,EMEA,Non-binary / self-described,50-59,Team lead,< 1 year,Onsite,5.0,4.0,4.333,5.0,5.0,4.667,91.7,4.667
R01189,Customer Service,PL,EMEA,Non-binary / self-described,30-39,Individual contributor,6-10 years,Onsite,4.667,4.0,3.667,2.667,5.0,4.0,75.0,4.333
R01190,Customer Service,PL,EMEA,Women,18-29,Individual contributor,6-10 years,Onsite,4.333,5.0,3.667,2.667,5.0,4.133,78.3,3.333
R01191,Customer Service,PL,EMEA,Men,40-49,Individual contributor,3-5 years,Onsite,4.333,5.0,4.0,3.0,4.333,4.133,78.3,4.667
R01192,Customer Service,PL,EMEA,Men,40-49,Individual contributor,6-10 years,Onsite,4.0,4.0,4.667,4.0,5.0,4.333,83.3,4.667
R01193,Customer Service,PL,EMEA,Men,18-29,Individual contributor,1-2 years,Onsite,4.333,2.333,4.667,3.667,4.0,3.8,70.0,3.333
R01194,Customer Service,PL,EMEA,Women,50-59,Individual contributor,6-10 years,Onsite,3.333,4.667,5.0,2.0,3.667,3.733,68.3,3.667
R01195,Customer Service,PL,EMEA,Women,30-39,Individual contributor,< 1 year,Onsite,4.667,4.0,2.333,4.667,5.0,4.133,78.3,4.667
R01196,Customer Service,PL,EMEA,Men,40-49,Individual contributor,1-2 years,Remote,5.0,5.0,4.667,3.333,4.667,4.533,88.3,5.0
R01197,Customer Service,PL,EMEA,Women,50-59,Manager,< 1 year,Onsite,5.0,4.667,4.333,3.667,3.333,4.2,80.0,3.667
R01199,Customer Service,PL,EMEA,Men,40-49,Individual contributor,3-5 years,Onsite,4.667,3.333,2.0,3.333,5.0,3.667,66.7,2.667
R01201,Customer Service,PL,EMEA,Women,30-39,Individual contributor,1-2 years,Onsite,3.0,4.0,3.0,3.333,4.667,3.6,65.0,4.0
R01202,Customer Service,PL,EMEA,Men,40-49,Individual contributor,6-10 years,Onsite,4.0,4.0,3.0,3.0,3.333,3.467,61.7,4.0
R01205,Customer Service,PL,EMEA,Women,30-39,Individual contributor,6-10 years,Onsite,5.0,5.0,3.667,2.333,4.333,4.067,76.7,3.333
R01206,Customer Service,PL,EMEA,Men,30-39,Individual contributor,3-5 years,Onsite,3.0,3.333,3.0,2.667,3.667,3.133,53.3,3.667
R01207,Customer Service,PL,EMEA,Women,30-39,Team lead,< 1 year,Remote,4.333,4.333,4.0,2.333,4.0,3.8,70.0,3.0
R01209,Customer Service,PL,EMEA,Men,18-29,Individual contributor,6-10 years,Remote,3.333,3.333,4.333,2.667,4.333,3.6,65.0,3.0
R01210,Customer Service,PL,EMEA,Men,18-29,Individual contributor,1-2 years,Hybrid,3.667,5.0,3.333,2.333,4.0,3.667,66.7,3.333
R01211,Customer Service,PL,EMEA,Men,30-39,Individual contributor,< 1 year,Hybrid,3.667,2.333,3.667,2.333,4.0,3.2,55.0,2.0
R01212,Customer Service,PL,EMEA,Women,60+,Individual contributor,3-5 years,Onsite,4.0,2.0,4.667,2.667,3.333,3.333,58.3,3.0
R01213,Customer Service,PL,EMEA,Men,40-49,Manager,6-10 years,Hybrid,5.0,3.667,4.667,3.0,5.0,4.267,81.7,4.667
R01214,Customer Service,PL,EMEA,Men,30-39,Individual contributor,3-5 years,Onsite,4.667,3.333,4.0,2.667,4.0,3.733,68.3,3.667
R01215,Customer Service,PL,EMEA,Men,40-49,Team lead,3-5 years,Remote,4.667,3.667,3.333,4.0,4.667,4.067,76.7,3.667
R01217,Customer Service,PL,EMEA,Men,18-29,Individual contributor,6-10 years,Onsite,3.333,2.667,3.667,4.333,5.0,3.8,70.0,3.667
R01218,Customer Service,PL,EMEA,Women,40-49,Team lead,6-10 years,Onsite,4.667,3.333,2.333,2.333,5.0,3.533,63.3,3.333
R01221,Customer Service,PL,EMEA,Women,40-49,Individual contributor,10 years +,Onsite,4.333,4.333,4.333,3.667,3.667,4.067,76.7,4.333
R01222,Customer Service,PL,EMEA,Women,18-29,Individual contributor,< 1 year,Onsite,4.667,4.667,2.667,3.667,4.333,4.0,75.0,2.667
R01223,Customer Service,PL,EMEA,Men,18-29,Team lead,6-10 years,Hybrid,3.667,5.0,2.333,2.0,4.0,3.4,60.0,3.0
R01224,Customer Service,PL,EMEA,Men,18-29,Individual contributor,3-5 years,Remote,4.333,3.667,3.667,3.0,2.667,3.467,61.7,3.0
R01225,Customer Service,PL,EMEA,Women,50-59,Team lead,6-10 years,Hybrid,5.0,4.333,4.0,2.0,5.0,4.067,76.7,4.0
R01226,Customer Service,PL,EMEA,Men,40-49,Individual contributor,6-10 years,Onsite,3.333,3.0,3.0,1.667,4.667,3.133,53.3,3.0
R01227,Customer Service,PL,EMEA,Men,18-29,Individual contributor,< 1 year,Onsite,5.0,2.0,3.0,4.0,4.333,3.667,66.7,2.0
R01228,Customer Service,PL,EMEA,Men,40-49,Manager,1-2 years,Onsite,4.333,3.333,4.667,5.0,5.0,4.467,86.7,5.0
R01229,Customer Service,PL,EMEA,Women,40-49,Individual contributor,6-10 years,Onsite,5.0,3.0,4.0,3.333,3.333,3.733,68.3,4.0
R01230,Customer Service,PL,EMEA,Women,60+,Team lead,< 1 year,Onsite,4.667,5.0,3.667,5.0,5.0,4.667,91.7,4.667
R01231,Customer Service,PL,EMEA,Men,30-39,Individual contributor,1-2 years,Onsite,3.0,3.667,4.333,2.667,3.333,3.4,60.0,3.0
R01232,Customer Service,PL,EMEA,Women,40-49,Team lead,< 1 year,Hybrid,4.333,4.667,4.333,4.667,3.667,4.333,83.3,5.0
R01235,Customer Service,PL,EMEA,Non-binary / self-described,30-39,Individual contributor,1-2 years,Onsite,4.667,2.667,2.333,4.0,4.0,3.533,63.3,4.0
R01236,Customer Service,PL,EMEA,Men,18-29,Individual contributor,1-2 years,Hybrid,4.0,3.333,3.667,2.667,4.667,3.667,66.7,4.0
R01237,Customer Service,PL,EMEA,Men,18-29,Team lead,6-10 years,Onsite,4.333,4.0,3.0,3.0,4.667,3.8,70.0,3.667
R01238,Customer Service,PL,EMEA,Men,30-39,Individual contributor,3-5 years,Onsite,4.0,4.0,3.333,3.0,5.0,3.867,71.7,4.0
R01239,Customer Service,PL,EMEA,Women,40-49,Team lead,6-10 years,Onsite,4.0,4.667,3.333,2.0,4.0,3.6,65.0,4.333
R01240,Customer Service,PL,EMEA,Women,30-39,Individual contributor,10 years +,Onsite,3.333,4.0,3.0,2.667,5.0,3.6,65.0,3.0
R01241,Customer Service,PL,EMEA,Men,30-39,Individual contributor,3-5 years,Onsite,3.667,3.667,5.0,4.333,2.667,3.867,71.7,3.667
R01242,Customer Service,PL,EMEA,Men,30-39,Team lead,3-5 years,Onsite,3.333,4.667,3.333,4.0,4.667,4.0,75.0,3.667
R01243,Customer Service,PL,EMEA,Non-binary / self-described,60+,Individual contributor,3-5 years,Onsite,2.333,4.0,2.667,3.0,3.667,3.133,53.3,3.0
R01244,Customer Service,PL,EMEA,Men,50-59,Individual contributor,3-5 years,Onsite,3.333,4.333,4.0,3.667,3.333,3.733,68.3,3.667
R01245,Customer Service,PL,EMEA,Men,18-29,Team lead,3-5 years,Onsite,4.0,4.0,4.0,3.333,3.667,3.8,70.0,3.0
R01246,Customer Service,IN,APAC,Men,40-49,Team lead,6-10 years,Onsite,4.0,2.667,3.667,3.333,3.667,3.467,61.7,4.333
R01247,Customer Service,IN,APAC,Men,30-39,Team lead,3-5 years,Onsite,4.667,4.0,3.667,3.333,4.667,4.067,76.7,2.667
R01248,Customer Service,IN,APAC,Women,30-39,Individual contributor,3-5 years,Onsite,2.667,3.333,2.333,2.333,2.667,2.667,41.7,1.667
R01249,Customer Service,IN,APAC,Men,30-39,Individual contributor,6-10 years,Onsite,2.667,4.0,3.333,4.0,3.667,3.533,63.3,3.333
R01254,Customer Service,IN,APAC,Men,18-29,Team lead,3-5 years,Onsite,5.0,3.0,4.0,2.667,3.333,3.6,65.0,3.667
R01255,Customer Service,IN,APAC,Women,50-59,Individual contributor,3-5 years,Onsite,3.333,3.333,2.333,4.0,3.0,3.2,55.0,2.333
R01257,Customer Service,IN,APAC,Women,40-49,Individual contributor,6-10 years,Onsite,2.0,2.333,2.667,3.0,3.0,2.6,40.0,3.667
R01260,Customer Service,IN,APAC,Men,30-39,Individual contributor,1-2 years,Hybrid,4.667,2.333,4.667,4.667,2.667,3.8,70.0,3.333
R01261,Customer Service,PL,EMEA,Women,18-29,Manager,10 years +,Onsite,4.667,4.333,2.333,3.667,5.0,4.0,75.0,4.333
R01262,Customer Service,PL,EMEA,Women,18-29,Individual contributor,3-5 years,Onsite,2.333,4.333,3.333,3.667,3.0,3.333,58.3,3.0
R01265,Customer Service,PL,EMEA,Women,40-49,Individual contributor,3-5 years,Remote,3.667,4.0,3.0,2.333,4.667,3.533,63.3,3.0
R01266,Customer Service,PL,EMEA,Women,30-39,Individual contributor,3-5 years,Onsite,3.333,3.667,3.0,4.333,2.333,3.333,58.3,4.0
R01267,Customer Service,PL,EMEA,Men,18-29,Manager,10 years +,Onsite,3.0,4.0,3.0,3.0,4.0,3.4,60.0,3.0
R01268,Customer Service,PL,EMEA,Women,50-59,Individual contributor,10 years +,Onsite,5.0,4.333,2.667,4.0,3.667,3.933,73.3,4.333
R01269,Customer Service,PL,EMEA,Women,30-39,Individual contributor,6-10 years,Onsite,2.667,3.0,4.667,3.667,4.667,3.733,68.3,4.0
R01270,Customer Service,PL,EMEA,Men,40-49,Individual contributor,6-10 years,Onsite,3.667,3.667,4.667,3.0,2.667,3.533,63.3,3.667
R01271,Customer Service,PL,EMEA,Men,30-39,Individual contributor,10 years +,Onsite,3.333,5.0,4.0,3.0,3.667,3.8,70.0,4.0
R01276,Customer Service,PL,EMEA,Women,18-29,Team lead,3-5 years,Hybrid,4.0,3.667,3.667,3.667,3.667,3.733,68.3,4.0
R01277,Customer Service,PL,EMEA,Men,40-49,Individual contributor,< 1 year,Onsite,5.0,4.667,3.667,2.667,5.0,4.2,80.0,4.0
R01278,Customer Service,PL,EMEA,Non-binary / self-described,40-49,Team lead,10 years +,Onsite,4.0,3.333,3.333,4.333,4.0,3.8,70.0,4.0
R01279,Customer Service,PL,EMEA,Women,60+,Individual contributor,6-10 years,Onsite,3.667,3.333,3.667,4.667,4.0,3.867,71.7,4.333
R01280,Customer Service,PL,EMEA,Women,50-59,Individual contributor,3-5 years,Hybrid,2.667,3.667,4.333,4.0,3.667,3.667,66.7,4.667
R01282,Customer Service,PL,EMEA,Men,30-39,Manager,6-10 years,Onsite,5.0,4.0,3.333,4.0,4.667,4.2,80.0,3.667
R01284,Customer Service,PL,EMEA,Men,18-29,Manager,6-10 years,Onsite,4.667,3.667,2.0,3.333,4.667,3.667,66.7,3.0
R01285,Customer Service,PL,EMEA,Women,40-49,Manager,3-5 years,Onsite,4.333,5.0,4.333,2.667,4.0,4.067,76.7,3.333
R01286,Customer Service,PL,EMEA,Women,30-39,Manager,6-10 years,Hybrid,3.667,4.333,3.0,3.0,4.667,3.733,68.3,3.667
R01292,Customer Service,PL,EMEA,Men,18-29,Individual contributor,3-5 years,Hybrid,3.667,2.333,3.667,1.667,4.0,3.067,51.7,3.333
R01293,Customer Service,PL,EMEA,Men,18-29,Individual contributor,< 1 year,Remote,3.0,2.667,3.0,4.0,3.667,3.267,56.7,3.667
R01294,Customer Service,PL,EMEA,Women,18-29,Individual contributor,6-10 years,Remote,4.333,2.667,2.667,3.333,4.333,3.467,61.7,3.333
R01296,Customer Service,IN,APAC,Women,30-39,Individual contributor,3-5 years,Onsite,4.667,4.0,3.0,3.0,3.667,3.667,66.7,3.333
R01301,Customer Service,IN,APAC,Women,30-39,Individual contributor,< 1 year,Hybrid,4.667,2.333,4.0,4.667,4.333,4.0,75.0,4.333
R01302,Customer Service,IN,APAC,Men,30-39,Team lead,1-2 years,Onsite,3.0,2.333,2.667,4.333,2.0,2.867,46.7,4.0
R01304,Customer Service,IN,APAC,Women,18-29,Manager,6-10 years,Onsite,3.667,3.667,2.667,4.0,4.0,3.6,65.0,4.0
R01305,Customer Service,IN,APAC,Women,40-49,Senior leader,1-2 years,Onsite,3.0,3.333,2.333,3.667,4.0,3.267,56.7,3.333
R01306,Customer Service,IN,APAC,Women,18-29,Individual contributor,< 1 year,Onsite,3.0,3.667,5.0,3.667,2.667,3.6,65.0,3.333
R01307,Customer Service,IN,APAC,Women,60+,Individual contributor,6-10 years,Onsite,2.667,2.333,4.0,3.333,2.0,2.867,46.7,3.667
R01309,Customer Service,IN,APAC,Women,60+,Individual contributor,3-5 years,Hybrid,3.667,1.667,1.0,4.333,3.0,2.733,43.3,3.333
R01310,Customer Service,IN,APAC,Men,40-49,Individual contributor,1-2 years,Onsite,4.667,2.667,3.333,2.0,3.333,3.2,55.0,3.333
R01311,Customer Service,IN,APAC,Women,18-29,Individual contributor,10 years +,Onsite,4.0,3.0,2.667,4.667,2.333,3.333,58.3,3.0
R01312,Customer Service,IN,APAC,Non-binary / self-described,40-49,Individual contributor,< 1 year,Hybrid,4.667,4.667,4.0,3.667,2.0,3.8,70.0,4.333
R01314,Customer Service,IN,APAC,Men,40-49,Individual contributor,1-2 years,Onsite,3.0,5.0,3.333,2.0,4.0,3.467,61.7,4.667
R01315,Customer Service,IN,APAC,Men,50-59,Manager,10 years +,Onsite,5.0,4.333,2.333,2.667,3.667,3.6,65.0,4.333
R01316,Customer Service,IN,APAC,Men,50-59,Individual contributor,10 years +,Onsite,4.0,4.0,2.0,2.333,4.0,3.267,56.7,2.667
R01317,Customer Service,IN,APAC,Women,18-29,Individual contributor,< 1 year,Hybrid,3.333,3.667,1.667,5.0,2.667,3.267,56.7,4.667
R01318,Customer Service,IN,APAC,Women,18-29,Team lead,6-10 years,Onsite,5.0,3.333,4.333,4.0,3.667,4.067,76.7,3.333
R01321,Customer Service,IN,APAC,Women,40-49,Individual contributor,1-2 years,Onsite,4.333,2.667,3.333,3.0,2.333,3.133,53.3,3.667
R01322,Customer Service,IN,APAC,Women,30-39,Individual contributor,1-2 years,Remote,5.0,3.667,2.333,2.667,3.0,3.333,58.3,3.667
R01323,Customer Service,IN,APAC,Women,30-39,Individual contributor,3-5 years,Onsite,3.333,3.667,1.667,3.0,3.0,2.933,48.3,2.667
R01324,Customer Service,IN,APAC,Women,50-59,Team lead,3-5 years,Onsite,2.333,4.0,4.333,2.0,3.0,3.133,53.3,4.0
R01325,Customer Service,IN,APAC,Men,40-49,Individual contributor,3-5 years,Onsite,3.667,3.0,2.0,3.0,3.333,3.0,50.0,2.667
R01327,Customer Service,IN,APAC,Men,18-29,Individual contributor,3-5 years,Onsite,2.667,3.0,2.667,3.667,2.667,2.933,48.3,2.333
R01328,Customer Service,IN,APAC,Men,40-49,Individual contributor,3-5 years,Hybrid,3.0,3.0,2.333,3.667,2.333,2.867,46.7,3.333
R01330,Customer Service,IN,APAC,Women,30-39,Individual contributor,1-2 years,Onsite,4.0,2.667,3.667,3.333,3.333,3.4,60.0,3.333
R01331,Customer Service,IN,APAC,Men,50-59,Individual contributor,1-2 years,Hybrid,3.333,4.667,3.333,3.333,2.667,3.467,61.7,3.667
R01332,Customer Service,PL,EMEA,Men,50-59,Individual contributor,10 years +,Onsite,3.667,4.333,4.333,3.0,2.333,3.533,63.3,3.333
R01333,Customer Service,PL,EMEA,Non-binary / self-described,18-29,Individual contributor,6-10 years,Onsite,4.333,2.333,3.667,2.0,1.667,2.8,45.0,3.0
R01334,Customer Service,PL,EMEA,Men,18-29,Individual contributor,< 1 year,Onsite,2.667,4.333,3.333,3.0,2.667,3.2,55.0,3.667
R01335,Customer Service,PL,EMEA,Women,40-49,Individual contributor,10 years +,Onsite,4.0,4.0,3.667,1.667,3.0,3.267,56.7,2.333
R01337,Customer Service,PL,EMEA,Men,18-29,Individual contributor,3-5 years,Onsite,3.333,3.333,2.667,4.0,2.667,3.2,55.0,4.333
R01340,Customer Service,PL,EMEA,Men,30-39,Individual contributor,3-5 years,Onsite,3.667,3.333,1.667,3.667,3.0,3.067,51.7,3.667
R01343,Customer Service,PL,EMEA,Men,50-59,Individual contributor,3-5 years,Onsite,2.0,3.0,5.0,3.0,2.0,3.0,50.0,2.667
R01344,Customer Service,PL,EMEA,Women,40-49,Team lead,< 1 year,Onsite,4.333,4.667,3.667,3.333,2.667,3.733,68.3,3.333
R01345,Customer Service,PL,EMEA,Women,50-59,Individual contributor,6-10 years,Remote,4.333,4.0,2.667,3.667,2.333,3.4,60.0,4.333
R01347,Customer Service,PL,EMEA,Men,18-29,Individual contributor,< 1 year,Hybrid,4.0,4.333,3.0,3.333,4.333,3.8,70.0,5.0
R01348,Customer Service,PL,EMEA,Men,50-59,Individual contributor,3-5 years,Remote,4.0,3.667,2.667,1.0,3.0,2.867,46.7,3.333
R01349,Customer Service,PL,EMEA,Men,40-49,Individual contributor,10 years +,Onsite,3.0,4.0,3.0,3.0,2.667,3.133,53.3,2.333
R01350,Customer Service,PL,EMEA,Women,30-39,Manager,3-5 years,Onsite,4.667,4.667,3.0,4.0,1.667,3.6,65.0,3.667
R01351,Customer Service,PL,EMEA,Men,40-49,Individual contributor,< 1 year,Onsite,4.0,4.0,3.667,3.667,3.333,3.733,68.3,3.0
R01352,Customer Service,PL,EMEA,Men,18-29,Individual contributor,< 1 year,Hybrid,4.667,4.667,3.667,2.667,3.333,3.8,70.0,4.0
R01353,Customer Service,PL,EMEA,Women,18-29,Team lead,3-5 years,Onsite,3.667,3.667,3.333,3.333,3.667,3.533,63.3,3.0
R01354,Customer Service,PL,EMEA,Women,50-59,Manager,6-10 years,Onsite,4.333,3.0,3.0,3.333,3.667,3.467,61.7,3.0
R01355,Customer Service,PL,EMEA,Men,30-39,Individual contributor,1-2 years,Onsite,3.667,4.0,2.333,3.333,3.667,3.4,60.0,3.667
R01356,Customer Service,PL,EMEA,Men,30-39,Individual contributor,< 1 year,Onsite,2.333,4.667,3.333,3.0,2.333,3.133,53.3,4.0
R01357,Customer Service,PL,EMEA,Men,40-49,Individual contributor,10 years +,Onsite,4.0,3.667,3.667,3.667,2.0,3.4,60.0,2.667
R01358,Customer Service,PL,EMEA,Men,30-39,Individual contributor,3-5 years,Onsite,4.0,2.0,4.0,3.0,3.667,3.333,58.3,3.667
R01363,Customer Service,PL,EMEA,Women,18-29,Individual contributor,3-5 years,Onsite,2.667,3.0,2.0,2.0,3.0,2.533,38.3,3.333
R01364,Customer Service,PL,EMEA,Women,18-29,Individual contributor,1-2 years,Remote,4.0,4.667,1.0,4.0,3.0,3.333,58.3,3.0
R01366,Customer Service,PL,EMEA,Women,50-59,Team lead,6-10 years,Onsite,3.333,4.667,3.0,3.333,1.667,3.2,55.0,2.667
R01367,Customer Service,PL,EMEA,Men,30-39,Team lead,3-5 years,Onsite,4.333,4.0,2.333,2.667,3.333,3.333,58.3,2.667
R01368,Customer Service,US,North America,Men,40-49,Individual contributor,6-10 years,Onsite,4.333,3.667,3.333,2.333,4.0,3.533,63.3,4.0
R01369,Customer Service,US,North America,Women,40-49,Individual contributor,10 years +,Onsite,4.667,1.0,4.333,3.667,2.0,3.133,53.3,3.0
R01371,Customer Service,US,North America,Women,40-49,Senior leader,1-2 years,Onsite,4.667,4.333,4.667,3.667,3.333,4.133,78.3,3.333
R01372,Customer Service,US,North America,Men,18-29,Individual contributor,3-5 years,Onsite,3.667,3.667,2.667,2.667,3.0,3.133,53.3,4.333
R01373,Customer Service,US,North America,Women,18-29,Team lead,10 years +,Onsite,3.667,2.333,2.667,3.0,2.333,2.8,45.0,3.667
R01374,Customer Service,US,North America,Women,30-39,Manager,3-5 years,Hybrid,2.333,3.667,3.667,2.0,3.333,3.0,50.0,4.0
R01375,Customer Service,US,North America,Women,30-39,Team lead,1-2 years,Onsite,3.667,4.333,4.0,4.0,2.667,3.733,68.3,3.667
R01377,Customer Service,US,North America,Men,50-59,Team lead,10 years +,Onsite,5.0,3.333,2.667,3.667,5.0,3.933,73.3,2.667
R01378,Customer Service,US,North America,Men,60+,Team lead,6-10 years,Hybrid,4.333,5.0,3.0,4.667,3.333,4.067,76.7,3.333
R01379,Customer Service,US,North America,Men,40-49,Individual contributor,< 1 year,Onsite,3.667,3.667,4.333,4.333,4.0,4.0,75.0,3.333
R01380,Customer Service,US,North America,Non-binary / self-described,40-49,Individual contributor,3-5 years,Onsite,4.0,4.333,2.0,3.333,3.333,3.4,60.0,2.667
R01381,Customer Service,US,North America,Women,30-39,Individual contributor,1-2 years,Onsite,2.667,2.667,4.333,2.0,3.0,2.933,48.3,3.0
R01382,Customer Service,US,North America,Women,18-29,Individual contributor,1-2 years,Onsite,4.0,3.667,3.333,4.0,2.667,3.533,63.3,3.0
R01383,Customer Service,US,North America,Women,50-59,Manager,< 1 year,Onsite,4.667,5.0,4.333,4.333,4.667,4.6,90.0,4.0
R01385,Customer Service,US,North America,Non-binary / self-described,50-59,Individual contributor,3-5 years,Remote,3.0,2.0,3.333,3.333,3.333,3.0,50.0,3.667
R01386,Customer Service,US,North America,Men,40-49,Senior leader,3-5 years,Onsite,4.0,2.667,4.333,3.333,4.667,3.8,70.0,3.667
R01388,Customer Service,US,North America,Women,18-29,Team lead,1-2 years,Onsite,3.333,1.667,2.667,3.667,3.333,2.933,48.3,3.333
R01389,Customer Service,US,North America,Women,50-59,Individual contributor,3-5 years,Onsite,4.667,4.0,3.0,4.0,4.0,3.933,73.3,4.0
R01390,Customer Service,US,North America,Men,60+,Manager,3-5 years,Hybrid,4.0,3.333,3.667,4.0,3.0,3.6,65.0,3.333
R01391,Customer Service,PL,EMEA,Non-binary / self-described,40-49,Individual contributor,6-10 years,Onsite,4.0,3.667,3.0,2.333,2.667,3.133,53.3,3.0
R01392,Customer Service,PL,EMEA,Men,40-49,Individual contributor,1-2 years,Onsite,3.667,4.333,2.667,2.0,2.333,3.0,50.0,2.667
R01393,Customer Service,PL,EMEA,Men,40-49,Individual contributor,6-10 years,Hybrid,2.667,4.333,4.0,4.0,2.0,3.4,60.0,3.333
R01394,Customer Service,PL,EMEA,Women,40-49,Individual contributor,6-10 years,Onsite,3.667,3.667,2.667,3.0,2.333,3.067,51.7,3.0
R01395,Customer Service,PL,EMEA,Men,40-49,Team lead,< 1 year,Onsite,4.667,4.0,2.667,4.667,2.0,3.6,65.0,3.333
R01396,Customer Service,PL,EMEA,Women,50-59,Individual contributor,1-2 years,Remote,2.333,5.0,4.0,3.0,4.0,3.667,66.7,3.667
R01397,Customer Service,PL,EMEA,Women,40-49,Individual contributor,6-10 years,Onsite,5.0,3.667,3.333,4.0,3.0,3.8,70.0,4.0
R01398,Customer Service,PL,EMEA,Women,50-59,Individual contributor,10 years +,Onsite,3.667,5.0,2.0,1.667,2.667,3.0,50.0,2.667
R01399,Customer Service,PL,EMEA,Women,50-59,Team lead,1-2 years,Onsite,3.667,1.667,4.333,3.667,4.0,3.467,61.7,3.0
R01401,Customer Service,PL,EMEA,Women,40-49,Senior leader,1-2 years,Onsite,4.333,4.0,4.667,4.0,2.667,3.933,73.3,3.0
R01403,Customer Service,PL,EMEA,Women,18-29,Individual contributor,1-2 years,Onsite,4.333,4.333,2.0,2.667,3.333,3.333,58.3,3.667
R01404,Customer Service,PL,EMEA,Non-binary / self-described,50-59,Individual contributor,10 years +,Onsite,3.333,3.667,2.667,4.333,1.333,3.067,51.7,2.333
R01405,Customer Service,PL,EMEA,Women,40-49,Individual contributor,3-5 years,Onsite,4.667,2.0,2.0,2.667,2.0,2.667,41.7,3.333
R01406,Customer Service,PL,EMEA,Women,30-39,Individual contributor,10 years +,Onsite,2.333,3.333,2.667,3.0,3.667,3.0,50.0,2.667
R01407,Customer Service,PL,EMEA,Men,30-39,Team lead,6-10 years,Onsite,4.667,4.667,3.0,3.667,1.667,3.533,63.3,3.667
R01409,Customer Service,PL,EMEA,Women,30-39,Individual contributor,1-2 years,Onsite,3.667,4.0,4.0,3.333,3.0,3.6,65.0,3.0
R01411,Customer Service,PL,EMEA,Men,40-49,Senior leader,1-2 years,Onsite,3.667,5.0,4.0,3.667,4.667,4.2,80.0,5.0
R01413,Customer Service,PL,EMEA,Men,50-59,Individual contributor,1-2 years,Onsite,3.667,4.333,2.333,4.333,2.333,3.4,60.0,3.333
R01414,Customer Service,PL,EMEA,Men,18-29,Individual contributor,3-5 years,Onsite,1.333,3.667,1.333,2.0,1.667,2.0,25.0,2.333
R01415,Customer Service,CA,North America,Men,18-29,Individual contributor,< 1 year,Onsite,3.667,4.333,4.333,4.0,4.333,4.133,78.3,3.667
R01416,Customer Service,CA,North America,Women,18-29,Individual contributor,< 1 year,Hybrid,5.0,5.0,4.667,4.0,4.667,4.667,91.7,4.333
R01418,Customer Service,CA,North America,Women,30-39,Individual contributor,1-2 years,Onsite,3.333,4.0,4.333,3.0,4.0,3.733,68.3,3.333
R01420,Customer Service,CA,North America,Women,40-49,Individual contributor,6-10 years,Onsite,4.667,3.0,2.667,4.333,4.333,3.8,70.0,3.0
R01421,Customer Service,CA,North America,Women,30-39,Individual contributor,6-10 years,Onsite,4.0,3.667,3.333,4.667,3.667,3.867,71.7,3.0
R01422,Customer Service,CA,North America,Women,18-29,Individual contributor,10 years +,Hybrid,3.667,4.0,5.0,4.667,3.667,4.2,80.0,4.667
R01423,Customer Service,CA,North America,Men,40-49,Senior leader,6-10 years,Onsite,4.667,5.0,4.667,5.0,4.333,4.733,93.3,3.667
R01424,Customer Service,CA,North America,Men,40-49,Individual contributor,6-10 years,Remote,4.667,3.667,4.333,3.0,4.0,3.933,73.3,5.0
R01426,Customer Service,CA,North America,Men,30-39,Individual contributor,3-5 years,Onsite,3.667,2.667,4.667,3.0,4.667,3.733,68.3,4.333
R01428,Customer Service,CA,North America,Men,40-49,Individual contributor,3-5 years,Hybrid,4.333,3.333,4.667,4.667,4.667,4.333,83.3,5.0
R01430,Customer Service,CA,North America,Women,30-39,Senior leader,6-10 years,Onsite,4.667,5.0,4.0,3.0,5.0,4.333,83.3,4.667
R01432,Customer Service,CA,North America,Women,40-49,Individual contributor,3-5 years,Onsite,4.667,5.0,3.333,3.667,3.333,4.0,75.0,3.0
R01433,Customer Service,CA,North America,Men,30-39,Team lead,3-5 years,Hybrid,3.0,3.667,4.0,5.0,4.0,3.933,73.3,3.333
R01434,Customer Service,CA,North America,Women,30-39,Individual contributor,3-5 years,Onsite,4.667,3.333,2.333,3.667,4.0,3.6,65.0,3.667
R01435,Customer Service,CA,North America,Men,40-49,Team lead,1-2 years,Onsite,4.667,5.0,4.333,5.0,5.0,4.8,95.0,5.0
R01436,Customer Service,CA,North America,Women,18-29,Team lead,< 1 year,Onsite,4.667,4.333,3.667,2.333,5.0,4.0,75.0,4.667
R01437,Customer Service,CA,North America,Women,30-39,Individual contributor,3-5 years,Onsite,3.667,3.667,3.0,3.0,3.0,3.267,56.7,2.0
R01438,Customer Service,CA,North America,Men,60+,Team lead,1-2 years,Onsite,4.333,4.333,4.667,4.0,4.667,4.4,85.0,4.667
R01439,Customer Service,CA,North America,Women,40-49,Individual contributor,3-5 years,Onsite,2.667,2.667,4.333,4.333,4.333,3.667,66.7,4.0
R01442,Customer Service,CA,North America,Men,30-39,Individual contributor,3-5 years,Onsite,3.667,4.0,3.0,2.333,5.0,3.6,65.0,4.667
R01443,Customer Service,CA,North America,Women,18-29,Individual contributor,1-2 years,Onsite,4.667,5.0,1.667,2.667,4.333,3.667,66.7,4.333
R01444,Customer Service,CA,North America,Women,18-29,Individual contributor,1-2 years,Onsite,5.0,3.0,5.0,3.667,5.0,4.333,83.3,4.667
R01445,Customer Service,CA,North America,Women,30-39,Individual contributor,10 years +,Onsite,3.667,4.333,3.333,3.0,5.0,3.867,71.7,4.333
R01446,Customer Service,CA,North America,Men,40-49,Individual contributor,10 years +,Onsite,4.667,4.333,3.667,3.0,5.0,4.133,78.3,4.667
R01448,Customer Service,CA,North America,Men,30-39,Team lead,3-5 years,Onsite,5.0,4.667,3.667,3.333,3.333,4.0,75.0,3.667
R01449,Customer Service,CA,North America,Men,50-59,Individual contributor,3-5 years,Hybrid,4.667,3.667,4.0,4.667,5.0,4.4,85.0,3.333
R01450,Customer Service,CA,North America,Men,60+,Individual contributor,6-10 years,Onsite,4.0,4.333,3.0,4.667,2.667,3.733,68.3,4.0
R01451,Customer Service,CA,North America,Men,30-39,Individual contributor,10 years +,Onsite,5.0,2.333,5.0,4.0,5.0,4.267,81.7,5.0
R01452,Customer Service,CA,North America,Women,50-59,Individual contributor,10 years +,Onsite,3.333,4.667,2.667,4.667,4.0,3.867,71.7,4.333
R01453,Customer Service,CA,North America,Women,30-39,Team lead,3-5 years,Onsite,4.0,3.333,4.0,4.0,4.667,4.0,75.0,3.667
R01454,Customer Service,CA,North America,Men,18-29,Team lead,6-10 years,Onsite,5.0,4.667,4.667,2.333,4.333,4.2,80.0,4.667
R01455,Customer Service,CA,North America,Men,40-49,Individual contributor,1-2 years,Onsite,4.667,3.333,5.0,4.0,4.667,4.333,83.3,3.667
R01456,Customer Service,CA,North America,Men,40-49,Individual contributor,3-5 years,Onsite,4.0,5.0,3.667,3.333,3.333,3.867,71.7,3.333
R01457,Customer Service,IN,APAC,Men,30-39,Manager,10 years +,Onsite,4.0,3.333,4.667,3.667,5.0,4.133,78.3,4.0
R01459,Customer Service,IN,APAC,Men,30-39,Individual contributor,1-2 years,Onsite,4.333,4.0,3.667,3.333,4.667,4.0,75.0,4.0
R01460,Customer Service,IN,APAC,Women,50-59,Manager,3-5 years,Onsite,4.667,3.667,4.667,3.667,4.333,4.2,80.0,3.667
R01461,Customer Service,IN,APAC,Women,30-39,Manager,6-10 years,Onsite,3.667,3.333,5.0,4.333,3.667,4.0,75.0,3.667
R01462,Customer Service,IN,APAC,Non-binary / self-described,30-39,Individual contributor,6-10 years,Hybrid,4.333,4.333,4.0,3.0,4.0,3.933,73.3,3.0
R01463,Customer Service,IN,APAC,Men,18-29,Team lead,10 years +,Onsite,4.333,3.667,4.333,4.667,4.0,4.2,80.0,4.667
R01466,Customer Service,IN,APAC,Men,30-39,Team lead,< 1 year,Onsite,4.667,4.0,3.333,3.333,4.667,4.0,75.0,4.333
R01467,Customer Service,IN,APAC,Men,60+,Individual contributor,< 1 year,Onsite,4.0,4.0,3.0,3.333,4.333,3.733,68.3,3.333
R01468,Customer Service,IN,APAC,Women,18-29,Individual contributor,3-5 years,Onsite,2.333,4.0,5.0,2.333,3.667,3.467,61.7,4.333
R01469,Customer Service,IN,APAC,Women,30-39,Team lead,3-5 years,Hybrid,5.0,4.333,4.667,3.333,4.333,4.333,83.3,5.0
R01473,Customer Service,IN,APAC,Women,30-39,Individual contributor,10 years +,Onsite,3.333,4.333,4.0,2.0,4.667,3.667,66.7,4.0
R01474,Customer Service,IN,APAC,Men,30-39,Team lead,10 years +,Remote,3.333,3.667,3.667,2.333,4.667,3.533,63.3,4.0
R01475,Customer Service,IN,APAC,Men,50-59,Team lead,< 1 year,Onsite,4.667,3.333,4.667,3.0,5.0,4.133,78.3,4.667
R01476,Customer Service,IN,APAC,Women,30-39,Team lead,3-5 years,Onsite,3.0,4.333,4.0,2.667,4.667,3.733,68.3,4.333
R01477,Customer Service,IN,APAC,Men,30-39,Individual contributor,< 1 year,Remote,4.333,4.333,4.0,3.0,4.667,4.067,76.7,4.0
R01478,Customer Service,IN,APAC,Men,60+,Individual contributor,3-5 years,Onsite,5.0,3.0,4.0,2.333,4.0,3.667,66.7,4.0
R01480,Customer Service,IN,APAC,Men,18-29,Individual contributor,< 1 year,Onsite,4.333,3.667,4.333,4.0,4.333,4.133,78.3,4.0
R01481,Customer Service,IN,APAC,Men,18-29,Individual contributor,3-5 years,Onsite,4.667,3.667,4.0,3.667,5.0,4.2,80.0,4.0
R01482,Customer Service,IN,APAC,Women,30-39,Individual contributor,3-5 years,Onsite,4.667,4.0,4.333,3.0,3.333,3.867,71.7,4.667
R01483,Customer Service,IN,APAC,Men,50-59,Individual contributor,1-2 years,Onsite,4.333,4.333,5.0,4.333,4.0,4.4,85.0,4.0
R01484,Customer Service,IN,APAC,Women,18-29,Individual contributor,1-2 years,Remote,4.667,4.0,4.667,2.0,3.667,3.8,70.0,4.667
R01485,Customer Service,IN,APAC,Women,18-29,Team lead,6-10 years,Onsite,4.333,4.0,4.333,4.333,4.667,4.333,83.3,3.667
R01486,Customer Service,IN,APAC,Men,50-59,Team lead,6-10 years,Onsite,3.667,4.667,3.667,3.333,3.667,3.8,70.0,3.667
R01488,Customer Service,IN,APAC,Men,18-29,Individual contributor,1-2 years,Onsite,5.0,4.0,3.333,4.0,5.0,4.267,81.7,4.667
R01489,Customer Service,IN,APAC,Men,30-39,Individual contributor,6-10 years,Hybrid,3.333,3.333,3.0,3.667,5.0,3.667,66.7,3.667
R01490,Customer Service,IN,APAC,Women,50-59,Individual contributor,3-5 years,Onsite,4.0,3.667,3.0,3.0,5.0,3.733,68.3,2.0
R01491,Customer Service,IN,APAC,Women,18-29,Individual contributor,6-10 years,Hybrid,4.333,4.667,4.667,2.667,5.0,4.267,81.7,4.0
R01493,Customer Service,IN,APAC,Women,18-29,Individual contributor,1-2 years,Onsite,4.333,3.0,4.0,3.667,4.0,3.8,70.0,4.333
R01494,Customer Service,IN,APAC,Women,30-39,Individual contributor,< 1 year,Onsite,5.0,1.333,4.667,4.667,3.667,3.867,71.7,4.333
R01495,Customer Service,IN,APAC,Men,18-29,Individual contributor,1-2 years,Hybrid,3.667,3.333,3.333,2.333,4.667,3.467,61.7,4.333
R01497,Customer Service,IN,APAC,Women,40-49,Team lead,3-5 years,Remote,3.0,4.333,2.333,3.0,2.667,3.067,51.7,2.667
R01499,Customer Service,IN,APAC,Women,30-39,Individual contributor,6-10 years,Hybrid,4.667,3.333,2.333,2.667,3.333,3.267,56.7,3.667
R01501,Customer Service,IN,APAC,Men,40-49,Individual contributor,1-2 years,Onsite,2.333,3.667,3.333,3.333,3.0,3.133,53.3,2.0
R01504,Customer Service,IN,APAC,Women,60+,Team lead,1-2 years,Onsite,3.0,1.333,4.333,3.0,3.0,2.933,48.3,4.0
R01505,Customer Service,IN,APAC,Women,40-49,Individual contributor,1-2 years,Hybrid,4.667,4.0,2.0,2.333,3.0,3.2,55.0,3.333
R01508,Customer Service,IN,APAC,Women,30-39,Individual contributor,1-2 years,Onsite,2.0,3.0,1.667,1.667,2.667,2.2,30.0,2.667
R01511,Customer Service,IN,APAC,Men,30-39,Manager,1-2 years,Onsite,3.667,2.667,1.667,2.667,3.0,2.733,43.3,3.333
R01513,Customer Service,IN,APAC,Men,18-29,Individual contributor,1-2 years,Onsite,3.333,2.333,3.333,2.667,3.0,2.933,48.3,3.0
R01514,Customer Service,US,North America,Women,60+,Individual contributor,1-2 years,Onsite,3.0,4.0,3.667,3.333,5.0,3.8,70.0,3.333
R01515,Customer Service,US,North America,Men,50-59,Individual contributor,3-5 years,Onsite,3.333,2.667,3.0,3.333,5.0,3.467,61.7,3.333
R01516,Customer Service,US,North America,Men,60+,Individual contributor,1-2 years,Onsite,3.0,2.667,2.667,3.667,3.0,3.0,50.0,2.333
R01519,Customer Service,US,North America,Men,40-49,Team lead,1-2 years,Onsite,4.667,3.333,4.667,3.0,3.0,3.733,68.3,4.333
R01522,Customer Service,US,North America,Men,40-49,Individual contributor,3-5 years,Remote,3.667,2.667,2.667,3.667,4.0,3.333,58.3,3.333
R01523,Customer Service,US,North America,Men,40-49,Team lead,6-10 years,Onsite,4.667,2.667,2.333,4.0,5.0,3.733,68.3,4.0
R01524,Customer Service,US,North America,Women,18-29,Individual contributor,< 1 year,Onsite,4.667,3.0,3.667,3.333,4.0,3.733,68.3,3.333
R01525,Customer Service,US,North America,Women,40-49,Team lead,1-2 years,Onsite,4.333,4.0,4.0,3.0,4.667,4.0,75.0,3.667
R01526,Customer Service,US,North America,Women,18-29,Individual contributor,6-10 years,Onsite,4.333,3.0,4.0,2.667,4.333,3.667,66.7,3.333
R01529,Customer Service,SG,APAC,Men,40-49,Individual contributor,< 1 year,Hybrid,4.667,4.667,3.333,3.667,4.333,4.133,78.3,4.333
R01530,Customer Service,SG,APAC,Men,30-39,Individual contributor,3-5 years,Onsite,4.0,2.0,1.667,4.0,3.333,3.0,50.0,2.667
R01534,Customer Service,SG,APAC,Men,18-29,Individual contributor,3-5 years,Onsite,2.333,3.667,4.0,2.333,4.0,3.267,56.7,3.333
R01535,Customer Service,SG,APAC,Men,18-29,Individual contributor,1-2 years,Onsite,5.0,2.667,3.333,1.333,4.333,3.333,58.3,4.0
R01536,Customer Service,SG,APAC,Men,30-39,Individual contributor,6-10 years,Onsite,4.667,3.0,2.667,4.0,4.333,3.733,68.3,4.333
R01537,Customer Service,SG,APAC,Men,30-39,Individual contributor,3-5 years,Hybrid,5.0,4.333,3.667,2.667,5.0,4.133,78.3,4.333
R01538,Customer Service,SG,APAC,Men,18-29,Individual contributor,3-5 years,Hybrid,5.0,3.667,3.667,2.667,3.667,3.733,68.3,3.333
R01539,Customer Service,SG,APAC,Women,40-49,Individual contributor,10 years +,Onsite,4.0,2.333,4.333,3.333,4.333,3.667,66.7,2.667
R01540,Customer Service,SG,APAC,Men,30-39,Individual contributor,1-2 years,Hybrid,4.667,3.667,4.667,3.0,4.667,4.133,78.3,4.0
R01541,Customer Service,SG,APAC,Women,40-49,Team lead,< 1 year,Onsite,4.333,4.0,2.667,1.667,3.667,3.267,56.7,1.667
R01543,Customer Service,SG,APAC,Men,30-39,Individual contributor,1-2 years,Onsite,3.333,2.667,4.333,4.333,4.0,3.733,68.3,3.0
R01544,Customer Service,SG,APAC,Women,30-39,Individual contributor,< 1 year,Remote,4.333,4.667,3.667,3.0,4.0,3.933,73.3,2.667
R01545,Customer Service,SG,APAC,Women,40-49,Senior leader,1-2 years,Onsite,4.333,4.0,3.333,4.333,4.667,4.133,78.3,4.667
R01546,Customer Service,SG,APAC,Men,40-49,Individual contributor,1-2 years,Onsite,5.0,3.667,3.333,3.667,4.667,4.067,76.7,4.667
R01547,Customer Service,SG,APAC,Women,50-59,Individual contributor,< 1 year,Hybrid,3.333,3.667,5.0,2.667,4.333,3.8,70.0,4.0
R01550,Customer Service,SG,APAC,Women,50-59,Individual contributor,3-5 years,Onsite,4.0,3.333,3.0,4.0,3.667,3.6,65.0,4.333
R01552,Customer Service,SG,APAC,Men,18-29,Team lead,10 years +,Hybrid,5.0,5.0,2.667,3.0,5.0,4.133,78.3,4.667
R01553,Customer Service,SG,APAC,Men,40-49,Manager,1-2 years,Onsite,5.0,4.0,5.0,3.333,4.0,4.267,81.7,4.0
R01557,Customer Service,SG,APAC,Women,30-39,Team lead,3-5 years,Onsite,4.667,4.333,3.333,1.333,4.333,3.6,65.0,4.333
R01558,Customer Service,SG,APAC,Men,18-29,Individual contributor,3-5 years,Onsite,3.667,3.0,4.667,4.667,5.0,4.2,80.0,4.0
R01559,Customer Service,SG,APAC,Women,50-59,Manager,1-2 years,Onsite,5.0,4.0,4.0,3.667,3.333,4.0,75.0,4.0
R01562,Customer Service,SG,APAC,Men,30-39,Individual contributor,3-5 years,Onsite,5.0,4.0,3.333,2.333,5.0,3.933,73.3,4.0
R01563,Customer Service,SG,APAC,Men,18-29,Individual contributor,6-10 years,Onsite,3.333,2.333,3.0,3.667,3.0,3.067,51.7,2.333
R01564,Customer Service,SG,APAC,Men,50-59,Senior leader,3-5 years,Onsite,5.0,3.667,3.333,5.0,4.667,4.333,83.3,5.0
R01565,Customer Service,SG,APAC,Women,30-39,Individual contributor,< 1 year,Onsite,4.667,3.667,3.667,4.0,4.667,4.133,78.3,3.667
R01568,Customer Service,SG,APAC,Men,50-59,Individual contributor,6-10 years,Onsite,4.0,4.667,2.0,2.0,4.667,3.467,61.7,2.0
R01571,Customer Service,SG,APAC,Men,30-39,Individual contributor,< 1 year,Remote,3.0,4.0,4.333,3.0,5.0,3.867,71.7,4.333
R01572,Customer Service,SG,APAC,Men,30-39,Manager,6-10 years,Onsite,4.667,4.333,4.0,4.333,5.0,4.467,86.7,4.333
R01573,Customer Service,SG,APAC,Women,30-39,Manager,10 years +,Onsite,5.0,3.333,3.667,5.0,4.667,4.333,83.3,5.0
R01574,Customer Service,SG,APAC,Women,18-29,Team lead,< 1 year,Onsite,4.0,5.0,4.0,2.667,3.667,3.867,71.7,4.333
R01575,Customer Service,SG,APAC,Men,50-59,Team lead,3-5 years,Onsite,5.0,2.667,3.333,3.333,5.0,3.867,71.7,3.667
R01576,Customer Service,SG,APAC,Women,30-39,Individual contributor,1-2 years,Onsite,3.667,4.333,3.667,3.667,4.0,3.867,71.7,3.667
R01577,Customer Service,SG,APAC,Women,50-59,Individual contributor,1-2 years,Onsite,4.667,2.0,2.0,5.0,3.667,3.467,61.7,3.333
R01578,Customer Service,SG,APAC,Men,50-59,Team lead,< 1 year,Onsite,4.0,4.0,4.0,3.667,4.333,4.0,75.0,3.333
R01579,Customer Service,SG,APAC,Men,50-59,Individual contributor,< 1 year,Onsite,3.333,4.667,3.333,3.333,4.0,3.733,68.3,4.667
R01581,Customer Service,US,North America,Men,60+,Individual contributor,6-10 years,Hybrid,3.667,3.0,2.333,2.667,4.333,3.2,55.0,3.667
R01583,Customer Service,US,North America,Women,18-29,Individual contributor,< 1 year,Onsite,5.0,5.0,4.667,4.333,4.667,4.733,93.3,4.667
R01584,Customer Service,US,North America,Men,40-49,Manager,10 years +,Onsite,5.0,4.333,4.667,3.333,4.667,4.4,85.0,4.667
R01585,Customer Service,US,North America,Men,30-39,Team lead,< 1 year,Hybrid,4.667,5.0,5.0,4.667,4.333,4.733,93.3,5.0
R01587,Customer Service,US,North America,Women,18-29,Team lead,< 1 year,Onsite,5.0,4.0,3.667,4.333,4.333,4.267,81.7,5.0
R01588,Customer Service,US,North America,Men,50-59,Individual contributor,1-2 years,Remote,4.667,3.667,5.0,3.667,4.667,4.333,83.3,4.0
R01590,Customer Service,US,North America,Men,30-39,Individual contributor,< 1 year,Onsite,5.0,3.667,4.0,2.333,4.333,3.867,71.7,4.667
R01591,Customer Service,US,North America,Women,40-49,Individual contributor,1-2 years,Onsite,5.0,4.0,4.667,3.333,5.0,4.4,85.0,4.667
R01594,Customer Service,US,North America,Women,18-29,Individual contributor,1-2 years,Onsite,4.333,3.333,3.0,3.0,4.0,3.533,63.3,4.0
R01595,Customer Service,US,North America,Women,60+,Individual contributor,1-2 years,Hybrid,4.333,4.667,4.0,5.0,3.333,4.267,81.7,4.0
R01597,Customer Service,US,North America,Women,50-59,Individual contributor,10 years +,Onsite,4.333,2.667,4.0,3.0,4.667,3.733,68.3,3.667
R01598,Customer Service,US,North America,Women,18-29,Manager,10 years +,Hybrid,5.0,3.667,4.0,4.0,4.333,4.2,80.0,4.667
R01599,Customer Service,US,North America,Men,18-29,Individual contributor,< 1 year,Onsite,4.0,3.333,3.333,3.667,4.667,3.8,70.0,4.667
R01600,Customer Service,US,North America,Women,60+,Individual contributor,< 1 year,Onsite,4.333,4.0,3.667,3.333,4.0,3.867,71.7,3.333
R01601,Customer Service,US,North America,Men,40-49,Team lead,1-2 years,Onsite,4.667,4.667,3.667,3.333,5.0,4.267,81.7,4.333
R01602,Customer Service,US,North America,Men,50-59,Individual contributor,6-10 years,Onsite,4.333,3.667,3.667,4.333,5.0,4.2,80.0,3.0
R01603,Customer Service,US,North America,Men,40-49,Team lead,6-10 years,Remote,5.0,3.333,3.667,4.333,5.0,4.267,81.7,3.333
R01604,Customer Service,US,North America,Women,18-29,Individual contributor,1-2 years,Onsite,5.0,4.0,4.333,3.0,5.0,4.267,81.7,5.0
R01606,Customer Service,US,North America,Men,30-39,Individual contributor,6-10 years,Onsite,3.0,3.667,3.0,2.667,5.0,3.467,61.7,3.667
R01608,Customer Service,US,North America,Men,30-39,Manager,< 1 year,Hybrid,5.0,4.667,5.0,3.333,5.0,4.6,90.0,5.0
R01609,Customer Service,US,North America,Women,18-29,Individual contributor,3-5 years,Hybrid,5.0,3.0,4.333,3.0,3.333,3.733,68.3,2.333
R01610,Customer Service,US,North America,Men,18-29,Individual contributor,1-2 years,Hybrid,5.0,3.667,4.333,3.667,4.0,4.133,78.3,3.667
R01611,Customer Service,US,North America,Women,40-49,Individual contributor,10 years +,Onsite,4.333,4.0,4.0,4.667,4.667,4.333,83.3,4.667
R01612,Customer Service,US,North America,Men,18-29,Team lead,3-5 years,Onsite,5.0,3.0,4.333,4.0,3.333,3.933,73.3,3.667
R01613,Customer Service,US,North America,Men,30-39,Individual contributor,1-2 years,Onsite,5.0,3.0,4.333,4.0,4.667,4.2,80.0,4.0
R01614,Customer Service,US,North America,Men,30-39,Individual contributor,1-2 years,Onsite,3.667,4.333,5.0,2.333,4.667,4.0,75.0,3.333
R01615,Customer Service,US,North America,Men,18-29,Individual contributor,1-2 years,Onsite,3.667,3.333,5.0,3.667,3.667,3.867,71.7,4.333
R01616,Customer Service,US,North America,Women,50-59,Individual contributor,3-5 years,Onsite,4.333,3.333,4.333,4.0,3.333,3.867,71.7,3.667
R01617,Customer Service,US,North America,Women,30-39,Individual contributor,6-10 years,Onsite,4.667,4.667,4.0,2.667,4.333,4.067,76.7,4.667
R01618,Customer Service,US,North America,Men,18-29,Individual contributor,3-5 years,Onsite,4.667,4.0,3.667,5.0,4.667,4.4,85.0,5.0
R01619,Customer Service,US,North America,Men,50-59,Team lead,3-5 years,Onsite,3.667,3.667,4.667,2.333,5.0,3.867,71.7,5.0
R01620,Customer Service,US,North America,Women,40-49,Manager,3-5 years,Onsite,4.333,4.333,4.667,4.0,5.0,4.467,86.7,4.0
R01621,Customer Service,US,North America,Men,30-39,Individual contributor,1-2 years,Onsite,4.333,1.667,2.333,3.667,4.0,3.2,55.0,3.333
R01622,Customer Service,US,North America,Women,40-49,Individual contributor,1-2 years,Onsite,3.667,2.333,4.0,3.667,4.0,3.533,63.3,4.667
R01624,Customer Service,US,North America,Men,30-39,Senior leader,6-10 years,Hybrid,5.0,4.667,4.333,4.667,4.667,4.667,91.7,4.667
R01625,Customer Service,US,North America,Non-binary / self-described,18-29,Individual contributor,10 years +,Onsite,3.0,3.667,3.0,3.333,3.667,3.333,58.3,3.0
R01626,Customer Service,US,North America,Men,40-49,Individual contributor,1-2 years,Onsite,4.333,5.0,3.667,4.333,5.0,4.467,86.7,3.333
R01627,Customer Service,US,North America,Women,60+,Individual contributor,6-10 years,Onsite,5.0,3.333,2.333,4.0,3.333,3.6,65.0,4.667
R01628,Customer Service,US,North America,Women,40-49,Individual contributor,< 1 year,Onsite,4.667,2.667,5.0,4.0,4.0,4.067,76.7,4.333
R01629,Customer Service,US,North America,Men,18-29,Individual contributor,1-2 years,Hybrid,4.333,3.0,4.0,4.0,4.0,3.867,71.7,4.0
R01630,Customer Service,US,North America,Women,50-59,Individual contributor,3-5 years,Onsite,4.667,5.0,2.333,2.333,4.333,3.733,68.3,2.667
R01631,Customer Service,US,North America,Women,18-29,Senior leader,3-5 years,Onsite,5.0,4.667,3.667,3.667,4.0,4.2,80.0,4.667
R01632,Customer Service,US,North America,Women,50-59,Individual contributor,1-2 years,Onsite,5.0,4.333,3.333,4.333,4.667,4.333,83.3,3.333
R01633,Customer Service,US,North America,Women,40-49,Individual contributor,6-10 years,Hybrid,4.667,4.0,5.0,3.0,4.0,4.133,78.3,4.0
R01634,Customer Service,US,North America,Men,30-39,Individual contributor,3-5 years,Onsite,3.667,3.667,4.333,4.0,4.667,4.067,76.7,3.0
R01635,Customer Service,SG,APAC,Men,40-49,Team lead,3-5 years,Onsite,4.0,4.333,3.0,3.667,4.667,3.933,73.3,4.667
R01636,Customer Service,SG,APAC,Women,40-49,Senior leader,3-5 years,Onsite,5.0,4.667,3.0,3.667,5.0,4.267,81.7,5.0
R01637,Customer Service,SG,APAC,Men,40-49,Individual contributor,< 1 year,Hybrid,4.0,4.333,3.333,3.667,3.333,3.733,68.3,4.0
R01638,Customer Service,SG,APAC,Men,30-39,Individual contributor,1-2 years,Onsite,4.333,3.0,4.667,4.0,5.0,4.2,80.0,5.0
R01639,Customer Service,SG,APAC,Women,18-29,Individual contributor,3-5 years,Onsite,3.333,3.0,4.0,2.667,2.333,3.067,51.7,2.667
R01640,Customer Service,SG,APAC,Women,18-29,Team lead,1-2 years,Onsite,4.667,4.0,2.667,4.0,4.0,3.867,71.7,4.667
R01641,Customer Service,SG,APAC,Women,50-59,Individual contributor,6-10 years,Hybrid,3.0,3.333,3.0,3.667,4.0,3.4,60.0,3.0
R01642,Customer Service,SG,APAC,Men,60+,Individual contributor,10 years +,Onsite,3.333,3.667,5.0,4.667,4.667,4.267,81.7,4.0
R01643,Customer Service,SG,APAC,Men,18-29,Individual contributor,10 years +,Onsite,4.667,4.0,4.0,3.333,4.333,4.067,76.7,4.0
R01644,Customer Service,SG,APAC,Women,40-49,Individual contributor,3-5 years,Onsite,3.333,3.667,4.0,5.0,2.333,3.667,66.7,4.0
R01646,Customer Service,SG,APAC,Women,50-59,Individual contributor,1-2 years,Onsite,4.0,3.333,3.333,3.333,3.667,3.533,63.3,3.0
R01647,Customer Service,SG,APAC,Women,30-39,Individual contributor,3-5 years,Onsite,4.667,3.0,4.333,3.667,2.333,3.6,65.0,4.0
R01648,Customer Service,SG,APAC,Women,50-59,Individual contributor,1-2 years,Onsite,3.0,3.0,3.667,2.667,4.0,3.267,56.7,3.333
R01649,Customer Service,SG,APAC,Women,30-39,Individual contributor,1-2 years,Onsite,3.667,3.667,5.0,3.667,4.333,4.067,76.7,4.667
R01650,Customer Service,SG,APAC,Men,40-49,Team lead,3-5 years,Onsite,5.0,4.667,3.667,4.667,4.667,4.533,88.3,4.333
R01651,Customer Service,SG,APAC,Women,18-29,Team lead,1-2 years,Hybrid,2.333,3.333,5.0,3.0,4.0,3.533,63.3,3.667
R01654,Customer Service,SG,APAC,Women,18-29,Individual contributor,10 years +,Onsite,4.0,4.667,4.667,3.333,4.0,4.133,78.3,3.0
R01656,Customer Service,PL,EMEA,Women,18-29,Team lead,10 years +,Remote,4.0,3.333,3.667,3.333,4.0,3.667,66.7,3.667
R01658,Customer Service,PL,EMEA,Women,40-49,Individual contributor,< 1 year,Onsite,4.333,5.0,3.667,1.667,4.0,3.733,68.3,4.667
R01659,Customer Service,PL,EMEA,Women,18-29,Senior leader,< 1 year,Remote,5.0,4.333,4.333,4.333,4.333,4.467,86.7,5.0
R01660,Customer Service,PL,EMEA,Men,40-49,Individual contributor,< 1 year,Onsite,4.333,5.0,3.667,4.333,4.0,4.267,81.7,4.0
R01661,Customer Service,PL,EMEA,Women,30-39,Individual contributor,< 1 year,Onsite,3.667,4.333,4.333,2.333,4.333,3.8,70.0,3.333
R01662,Customer Service,PL,EMEA,Women,60+,Individual contributor,< 1 year,Onsite,5.0,4.0,3.667,3.333,3.667,3.933,73.3,4.0
R01665,Customer Service,PL,EMEA,Women,40-49,Individual contributor,1-2 years,Onsite,5.0,2.333,3.333,2.0,4.667,3.467,61.7,4.333
R01666,Customer Service,PL,EMEA,Men,18-29,Individual contributor,1-2 years,Onsite,3.333,3.0,3.333,2.667,5.0,3.467,61.7,4.0
R01668,Customer Service,PL,EMEA,Men,30-39,Individual contributor,1-2 years,Onsite,4.333,3.667,4.333,3.333,5.0,4.133,78.3,4.333
R01669,Customer Service,PL,EMEA,Women,40-49,Individual contributor,1-2 years,Hybrid,4.333,4.0,2.333,3.667,4.667,3.8,70.0,4.0
R01670,Customer Service,PL,EMEA,Women,60+,Individual contributor,1-2 years,Onsite,3.667,4.333,4.0,3.667,3.667,3.867,71.7,4.667
R01672,Customer Service,PL,EMEA,Women,30-39,Individual contributor,< 1 year,Onsite,4.0,3.333,4.667,3.333,4.333,3.933,73.3,4.667
R01675,Customer Service,PL,EMEA,Women,30-39,Individual contributor,6-10 years,Onsite,4.333,4.667,5.0,3.667,2.667,4.067,76.7,4.333
R01676,Customer Service,PL,EMEA,Men,30-39,Team lead,10 years +,Hybrid,5.0,4.0,2.333,2.667,4.0,3.6,65.0,4.333
R01677,Customer Service,PL,EMEA,Women,30-39,Individual contributor,3-5 years,Onsite,4.333,2.667,3.667,3.0,3.333,3.4,60.0,3.667
R01678,Customer Service,PL,EMEA,Women,30-39,Individual contributor,6-10 years,Onsite,4.333,3.0,4.667,3.0,3.667,3.733,68.3,4.0
R01679,Customer Service,PL,EMEA,Women,18-29,Individual contributor,< 1 year,Onsite,4.333,4.333,3.333,3.333,4.0,3.867,71.7,4.0
R01682,Customer Service,IN,APAC,Women,30-39,Individual contributor,1-2 years,Hybrid,5.0,3.667,3.333,2.333,4.667,3.8,70.0,3.667
R01683,Customer Service,IN,APAC,Women,50-59,Individual contributor,3-5 years,Onsite,4.0,4.0,4.333,2.667,3.667,3.733,68.3,4.0
R01687,Customer Service,IN,APAC,Women,18-29,Team lead,6-10 years,Hybrid,5.0,4.0,2.333,3.0,5.0,3.867,71.7,5.0
R01688,Customer Service,IN,APAC,Women,50-59,Individual contributor,< 1 year,Onsite,3.333,3.0,3.333,2.667,5.0,3.467,61.7,3.667
R01689,Customer Service,IN,APAC,Men,30-39,Individual contributor,1-2 years,Remote,5.0,3.0,2.0,4.0,4.333,3.667,66.7,4.333
R01690,Customer Service,IN,APAC,Men,30-39,Individual contributor,1-2 years,Onsite,4.667,2.667,3.667,2.667,3.333,3.4,60.0,4.0
R01692,Customer Service,IN,APAC,Women,30-39,Individual contributor,1-2 years,Onsite,4.667,1.667,3.333,3.667,4.667,3.6,65.0,4.0
R01693,Customer Service,IN,APAC,Women,40-49,Individual contributor,6-10 years,Onsite,3.333,3.0,4.333,2.333,4.333,3.467,61.7,3.0
R01694,Customer Service,IN,APAC,Men,18-29,Individual contributor,3-5 years,Onsite,4.333,2.333,3.333,3.0,5.0,3.6,65.0,4.0
R01696,Customer Service,IN,APAC,Women,40-49,Team lead,3-5 years,Onsite,3.333,4.333,3.0,2.667,5.0,3.667,66.7,3.333
R01697,Customer Service,IN,APAC,Men,18-29,Individual contributor,< 1 year,Remote,4.333,3.667,4.333,3.0,5.0,4.067,76.7,4.0
R01698,Customer Service,IN,APAC,Men,60+,Individual contributor,6-10 years,Remote,3.667,3.0,4.667,2.0,5.0,3.667,66.7,4.333
R01700,Customer Service,IN,APAC,Women,40-49,Individual contributor,3-5 years,Onsite,5.0,3.667,4.333,3.333,5.0,4.267,81.7,4.333
R01702,Customer Service,IN,APAC,Men,40-49,Manager,6-10 years,Onsite,3.667,3.333,4.0,4.333,5.0,4.067,76.7,4.0
R01703,Customer Service,IN,APAC,Women,30-39,Manager,1-2 years,Onsite,4.0,3.333,4.667,2.667,5.0,3.933,73.3,3.333
R01704,Customer Service,IN,APAC,Men,30-39,Individual contributor,3-5 years,Onsite,5.0,4.667,2.667,3.667,5.0,4.2,80.0,5.0
R01705,Customer Service,IN,APAC,Women,18-29,Team lead,1-2 years,Onsite,4.0,4.0,3.667,3.0,3.667,3.667,66.7,4.0
R01707,Customer Service,IN,APAC,Women,30-39,Individual contributor,3-5 years,Onsite,4.0,3.333,4.667,3.333,5.0,4.067,76.7,4.0
R01708,Customer Service,DE,EMEA,Women,30-39,Individual contributor,3-5 years,Onsite,4.0,5.0,2.667,3.667,5.0,4.067,76.7,5.0
R01709,Customer Service,DE,EMEA,Men,50-59,Individual contributor,3-5 years,Onsite,4.667,2.667,4.0,3.667,5.0,4.0,75.0,4.667
R01711,Customer Service,DE,EMEA,Women,40-49,Individual contributor,1-2 years,Onsite,4.667,2.333,3.333,3.667,5.0,3.8,70.0,4.667
R01712,Customer Service,DE,EMEA,Men,30-39,Individual contributor,6-10 years,Onsite,4.0,4.333,4.0,3.0,4.0,3.867,71.7,5.0
R01713,Customer Service,DE,EMEA,Women,40-49,Individual contributor,6-10 years,Onsite,3.667,4.0,4.333,2.0,5.0,3.8,70.0,3.333
R01715,Customer Service,DE,EMEA,Men,18-29,Team lead,6-10 years,Onsite,4.333,4.333,3.333,2.333,5.0,3.867,71.7,4.333
R01716,Customer Service,DE,EMEA,Women,30-39,Team lead,3-5 years,Onsite,4.0,4.0,4.0,3.667,5.0,4.133,78.3,4.0
R01717,Customer Service,DE,EMEA,Women,50-59,Team lead,3-5 years,Onsite,5.0,5.0,4.333,5.0,5.0,4.867,96.7,4.333
R01718,Customer Service,DE,EMEA,Men,18-29,Individual contributor,10 years +,Onsite,4.333,4.0,5.0,4.333,5.0,4.533,88.3,4.667
R01719,Customer Service,DE,EMEA,Men,18-29,Manager,6-10 years,Onsite,2.667,4.667,3.667,4.333,5.0,4.067,76.7,4.333
R01721,Customer Service,PL,EMEA,Women,40-49,Individual contributor,< 1 year,Onsite,4.0,4.0,4.667,3.667,5.0,4.267,81.7,4.333
R01722,Customer Service,PL,EMEA,Women,50-59,Individual contributor,10 years +,Remote,4.333,2.0,2.667,4.0,4.333,3.467,61.7,4.0
R01723,Customer Service,PL,EMEA,Women,50-59,Team lead,1-2 years,Onsite,5.0,3.0,4.333,4.333,4.667,4.267,81.7,4.333
R01725,Customer Service,PL,EMEA,Men,30-39,Individual contributor,1-2 years,Hybrid,3.0,4.0,3.333,3.0,3.667,3.4,60.0,4.0
R01726,Customer Service,PL,EMEA,Women,30-39,Senior leader,6-10 years,Onsite,4.333,5.0,3.333,2.333,5.0,4.0,75.0,4.0
R01727,Customer Service,PL,EMEA,Non-binary / self-described,18-29,Individual contributor,3-5 years,Onsite,4.0,3.333,3.0,3.667,5.0,3.8,70.0,3.333
R01728,Customer Service,PL,EMEA,Women,40-49,Individual contributor,6-10 years,Hybrid,4.333,5.0,3.667,2.667,4.667,4.067,76.7,3.667
R01729,Customer Service,PL,EMEA,Women,60+,Individual contributor,6-10 years,Remote,3.0,2.333,4.667,2.667,5.0,3.533,63.3,4.0
R01730,Customer Service,PL,EMEA,Men,30-39,Individual contributor,6-10 years,Onsite,4.0,4.0,3.0,3.667,3.333,3.6,65.0,3.667
R01731,Customer Service,PL,EMEA,Men,50-59,Team lead,1-2 years,Hybrid,3.667,3.667,3.333,3.667,4.333,3.733,68.3,4.333
R01733,Customer Service,PL,EMEA,Women,40-49,Individual contributor,3-5 years,Onsite,4.667,3.0,4.333,4.0,5.0,4.2,80.0,4.667
R01734,Customer Service,PL,EMEA,Women,30-39,Individual contributor,10 years +,Onsite,4.0,2.667,2.667,3.0,4.333,3.333,58.3,1.667
R01737,Customer Service,CA,North America,Women,30-39,Team lead,6-10 years,Hybrid,3.667,2.667,3.667,2.333,2.333,2.933,48.3,3.333
R01738,Customer Service,CA,North America,Men,60+,Team lead,6-10 years,Onsite,2.0,4.0,3.667,2.667,3.667,3.2,55.0,2.667
R01739,Customer Service,CA,North America,Women,18-29,Individual contributor,10 years +,Onsite,3.0,1.667,2.667,4.333,4.333,3.2,55.0,3.667
R01740,Customer Service,CA,North America,Women,50-59,Individual contributor,10 years +,Onsite,3.333,4.333,4.333,2.333,3.0,3.467,61.7,3.0
R01741,Customer Service,CA,North America,Men,40-49,Individual contributor,3-5 years,Onsite,4.0,4.0,1.667,3.333,3.0,3.2,55.0,3.333
R01742,Customer Service,CA,North America,Men,50-59,Team lead,1-2 years,Remote,3.0,2.667,4.667,3.0,3.667,3.4,60.0,3.667
R01744,Customer Service,CA,North America,Men,40-49,Team lead,3-5 years,Hybrid,2.667,4.0,3.333,4.0,3.0,3.4,60.0,4.0
R01746,Customer Service,CA,North America,Women,40-49,Manager,< 1 year,Onsite,4.0,4.0,3.667,4.667,3.0,3.867,71.7,2.667
R01747,Customer Service,CA,North America,Men,50-59,Individual contributor,10 years +,Hybrid,2.667,4.0,4.0,3.667,3.333,3.533,63.3,3.0
R01748,Customer Service,CA,North America,Women,30-39,Individual contributor,6-10 years,Remote,3.333,2.333,3.0,4.333,3.0,3.2,55.0,4.0
R01749,Customer Service,US,North America,Women,40-49,Individual contributor,3-5 years,Onsite,4.333,4.0,3.0,2.333,2.667,3.267,56.7,2.0
R01754,Customer Service,US,North America,Men,30-39,Team lead,3-5 years,Onsite,4.667,3.667,4.667,2.0,4.333,3.867,71.7,3.333
R01756,Customer Service,US,North America,Men,50-59,Individual contributor,3-5 years,Onsite,4.333,3.0,2.667,4.333,5.0,3.867,71.7,4.667
R01757,Customer Service,US,North America,Women,30-39,Individual contributor,6-10 years,Remote,4.0,4.333,2.333,2.667,5.0,3.667,66.7,2.0
R01758,Customer Service,US,North America,Men,40-49,Individual contributor,< 1 year,Onsite,5.0,3.667,2.667,3.667,3.667,3.733,68.3,4.0
R01759,Customer Service,US,North America,Men,30-39,Manager,< 1 year,Onsite,4.667,3.333,4.333,4.0,5.0,4.267,81.7,5.0
R01760,Customer Service,US,North America,Women,30-39,Individual contributor,< 1 year,Hybrid,5.0,4.667,4.667,4.333,5.0,4.733,93.3,5.0
R01761,Customer Service,US,North America,Non-binary / self-described,30-39,Individual contributor,3-5 years,Onsite,4.333,4.333,3.667,4.0,5.0,4.267,81.7,3.333
R01763,Customer Service,US,North America,Men,30-39,Individual contributor,< 1 year,Onsite,5.0,4.333,3.333,3.667,5.0,4.267,81.7,4.333
R01764,Customer Service,US,North America,Men,40-49,Individual contributor,< 1 year,Onsite,5.0,4.333,3.0,3.667,5.0,4.2,80.0,4.0
R01765,Customer Service,US,North America,Men,50-59,Individual contributor,< 1 year,Onsite,4.667,4.667,4.667,3.667,5.0,4.533,88.3,5.0
R01766,Customer Service,US,North America,Women,18-29,Individual contributor,10 years +,Onsite,5.0,4.333,4.333,3.333,4.0,4.2,80.0,5.0
R01767,Customer Service,US,North America,Women,18-29,Individual contributor,1-2 years,Onsite,4.667,4.667,3.667,3.333,4.333,4.133,78.3,4.667
R01769,Customer Service,US,North America,Women,30-39,Individual contributor,3-5 years,Hybrid,4.333,4.333,4.0,1.333,4.0,3.6,65.0,3.667
R01770,Customer Service,US,North America,Women,30-39,Individual contributor,6-10 years,Onsite,5.0,4.0,4.667,3.667,5.0,4.467,86.7,4.667
R01771,Customer Service,US,North America,Women,18-29,Individual contributor,1-2 years,Onsite,5.0,4.333,3.333,3.667,4.667,4.2,80.0,4.667
R01772,Customer Service,US,North America,Men,30-39,Individual contributor,3-5 years,Onsite,4.667,4.0,4.667,2.667,5.0,4.2,80.0,5.0
R01773,Customer Service,US,North America,Women,40-49,Individual contributor,6-10 years,Onsite,5.0,3.333,4.667,4.667,3.667,4.267,81.7,4.333
R01774,Customer Service,US,North America,Women,18-29,Individual contributor,6-10 years,Onsite,4.0,4.667,4.0,4.0,4.0,4.133,78.3,4.333
R01775,Customer Service,US,North America,Men,30-39,Team lead,1-2 years,Onsite,4.667,4.667,5.0,5.0,5.0,4.867,96.7,5.0
R01776,Customer Service,US,North America,Women,30-39,Team lead,< 1 year,Remote,5.0,3.0,3.667,4.667,5.0,4.267,81.7,4.667
R01777,Customer Service,US,North America,Men,30-39,Individual contributor,10 years +,Onsite,5.0,4.0,4.667,4.0,5.0,4.533,88.3,4.667
R01778,Customer Service,US,North America,Women,40-49,Individual contributor,< 1 year,Onsite,5.0,3.667,4.333,4.667,5.0,4.533,88.3,4.667
R01779,Customer Service,US,North America,Women,30-39,Individual contributor,6-10 years,Onsite,5.0,4.0,3.333,3.667,5.0,4.2,80.0,4.333
R01780,Customer Service,US,North America,Women,30-39,Individual contributor,1-2 years,Remote,3.667,5.0,4.333,4.0,4.667,4.333,83.3,4.333
R01781,Customer Service,US,North America,Women,40-49,Manager,< 1 year,Onsite,5.0,4.667,5.0,3.0,5.0,4.533,88.3,4.667
R01782,Customer Service,US,North America,Women,40-49,Individual contributor,6-10 years,Onsite,5.0,3.333,4.0,2.667,5.0,4.0,75.0,4.0
R01783,Customer Service,US,North America,Men,40-49,Individual contributor,< 1 year,Onsite,5.0,4.0,4.333,3.0,5.0,4.267,81.7,5.0
R01784,Customer Service,US,North America,Women,30-39,Individual contributor,3-5 years,Onsite,3.333,4.333,5.0,3.667,5.0,4.267,81.7,4.0
R01786,Customer Service,US,North America,Women,18-29,Manager,3-5 years,Onsite,5.0,4.0,4.333,4.667,5.0,4.6,90.0,5.0
R01787,Customer Service,US,North America,Women,30-39,Manager,< 1 year,Hybrid,5.0,5.0,3.667,4.333,5.0,4.6,90.0,5.0
R01788,Customer Service,US,North America,Women,30-39,Individual contributor,6-10 years,Onsite,4.333,5.0,4.0,3.0,4.333,4.133,78.3,4.333
R01789,Customer Service,PL,EMEA,Men,40-49,Individual contributor,6-10 years,Remote,4.333,3.333,4.333,2.0,4.333,3.667,66.7,4.0
R01790,Customer Service,PL,EMEA,Men,50-59,Individual contributor,6-10 years,Onsite,2.667,3.0,4.667,3.0,3.333,3.333,58.3,3.667
R01791,Customer Service,PL,EMEA,Men,30-39,Individual contributor,1-2 years,Onsite,3.667,5.0,4.333,3.667,3.333,4.0,75.0,4.667
R01792,Customer Service,PL,EMEA,Women,18-29,Individual contributor,1-2 years,Onsite,2.667,3.333,4.0,4.0,4.333,3.667,66.7,3.0
R01793,Customer Service,PL,EMEA,Women,30-39,Individual contributor,6-10 years,Onsite,4.0,4.0,2.333,3.0,3.333,3.333,58.3,3.0
R01794,Customer Service,PL,EMEA,Women,30-39,Individual contributor,6-10 years,Onsite,4.667,4.0,3.667,2.0,3.0,3.467,61.7,3.0
R01795,Customer Service,PL,EMEA,Women,30-39,Manager,3-5 years,Remote,4.667,5.0,3.667,4.667,3.667,4.333,83.3,5.0
R01797,Customer Service,PL,EMEA,Women,30-39,Team lead,6-10 years,Onsite,3.333,5.0,4.667,2.333,4.0,3.867,71.7,4.667
R01799,Customer Service,PL,EMEA,Women,18-29,Individual contributor,3-5 years,Onsite,3.667,4.333,4.667,3.333,4.667,4.133,78.3,3.667
R01801,Customer Service,PL,EMEA,Women,18-29,Individual contributor,< 1 year,Hybrid,4.667,4.333,2.333,5.0,2.667,3.8,70.0,3.667
R01802,Customer Service,PL,EMEA,Non-binary / self-described,50-59,Individual contributor,10 years +,Hybrid,2.667,4.333,3.0,3.667,3.333,3.4,60.0,3.0
R01803,Customer Service,PL,EMEA,Men,30-39,Individual contributor,10 years +,Onsite,5.0,3.667,3.333,4.0,4.333,4.067,76.7,3.333
R01805,Customer Service,PL,EMEA,Women,50-59,Individual contributor,3-5 years,Onsite,4.333,3.667,2.333,4.0,5.0,3.867,71.7,4.333
R01806,Customer Service,PL,EMEA,Women,30-39,Individual contributor,< 1 year,Remote,5.0,3.333,3.333,3.667,5.0,4.067,76.7,4.0
R01809,Customer Service,PL,EMEA,Women,50-59,Individual contributor,10 years +,Onsite,4.0,4.667,4.333,3.0,2.667,3.733,68.3,2.667
R01811,Customer Service,PL,EMEA,Women,18-29,Individual contributor,< 1 year,Onsite,3.667,3.667,4.0,3.667,4.0,3.8,70.0,4.333
R01812,Customer Service,PL,EMEA,Women,60+,Individual contributor,< 1 year,Onsite,4.333,4.0,4.0,5.0,3.667,4.2,80.0,5.0
R01813,Customer Service,PL,EMEA,Women,18-29,Individual contributor,3-5 years,Onsite,4.333,3.333,4.333,3.667,3.667,3.867,71.7,4.0
R01814,Customer Service,PL,EMEA,Women,30-39,Manager,3-5 years,Onsite,4.333,4.667,3.0,3.667,3.333,3.8,70.0,4.333
R01815,Customer Service,PL,EMEA,Men,30-39,Team lead,1-2 years,Onsite,4.0,4.0,4.667,2.333,4.333,3.867,71.7,3.0
R01816,Customer Service,PL,EMEA,Women,40-49,Individual contributor,< 1 year,Onsite,4.667,5.0,4.667,4.333,5.0,4.733,93.3,4.667
R01818,Customer Service,PL,EMEA,Women,60+,Individual contributor,< 1 year,Remote,4.667,4.0,2.667,4.333,4.333,4.0,75.0,3.333
R01819,Customer Service,PL,EMEA,Women,30-39,Individual contributor,1-2 years,Onsite,5.0,3.333,3.333,3.333,3.333,3.667,66.7,4.0
R01820,Customer Service,PL,EMEA,Women,30-39,Individual contributor,< 1 year,Remote,4.0,3.333,2.333,3.667,3.0,3.267,56.7,4.0
R01822,Customer Service,PL,EMEA,Men,30-39,Individual contributor,< 1 year,Onsite,4.667,3.0,2.333,4.333,3.333,3.533,63.3,4.333
R01823,Customer Service,PL,EMEA,Men,30-39,Manager,1-2 years,Onsite,4.333,4.0,4.333,3.667,5.0,4.267,81.7,3.0
R01824,Customer Service,PL,EMEA,Men,30-39,Individual contributor,1-2 years,Onsite,4.0,2.0,3.333,3.667,3.667,3.333,58.3,3.0
R01826,Customer Service,PL,EMEA,Men,30-39,Manager,1-2 years,Hybrid,2.333,4.0,4.0,4.333,4.667,3.867,71.7,4.667
R01827,Customer Service,PL,EMEA,Men,18-29,Individual contributor,10 years +,Onsite,4.0,4.667,2.667,4.0,5.0,4.067,76.7,4.0
R01828,Customer Service,PL,EMEA,Men,18-29,Individual contributor,1-2 years,Onsite,2.667,4.333,3.0,2.0,4.667,3.333,58.3,3.333
R01829,Customer Service,PL,EMEA,Women,30-39,Individual contributor,< 1 year,Remote,4.0,3.667,3.667,3.333,5.0,3.933,73.3,4.0
R01830,Customer Service,PL,EMEA,Men,60+,Individual contributor,< 1 year,Onsite,4.667,4.667,2.333,4.0,4.667,4.067,76.7,4.667
R01831,Customer Service,IN,APAC,Women,30-39,Senior leader,< 1 year,Onsite,4.667,3.667,4.333,4.0,4.0,4.133,78.3,3.0
R01832,Customer Service,IN,APAC,Men,18-29,Individual contributor,1-2 years,Onsite,4.333,4.0,3.667,4.333,5.0,4.267,81.7,4.0
R01833,Customer Service,IN,APAC,Women,18-29,Individual contributor,6-10 years,Remote,3.333,2.667,1.667,2.333,3.667,2.733,43.3,3.667
R01834,Customer Service,IN,APAC,Women,50-59,Team lead,10 years +,Onsite,4.0,3.0,3.667,3.333,3.0,3.4,60.0,3.667
R01835,Customer Service,IN,APAC,Women,60+,Manager,10 years +,Onsite,4.0,4.333,2.0,2.0,4.333,3.333,58.3,3.333
R01836,Customer Service,IN,APAC,Men,18-29,Manager,10 years +,Onsite,4.333,3.333,3.333,3.0,4.667,3.733,68.3,3.333
R01838,Customer Service,IN,APAC,Women,50-59,Individual contributor,10 years +,Onsite,3.0,2.667,2.0,4.667,3.333,3.133,53.3,3.0
R01839,Customer Service,IN,APAC,Men,40-49,Individual contributor,3-5 years,Onsite,3.667,1.333,2.667,2.667,4.667,3.0,50.0,2.333
R01841,Customer Service,IN,APAC,Men,30-39,Individual contributor,3-5 years,Hybrid,4.667,3.0,4.0,1.333,3.333,3.267,56.7,1.333
R01843,Customer Service,IN,APAC,Women,40-49,Team lead,< 1 year,Onsite,2.667,2.667,3.667,2.333,4.0,3.067,51.7,3.333
R01844,Customer Service,IN,APAC,Men,40-49,Individual contributor,< 1 year,Onsite,3.667,3.333,2.667,2.667,2.333,2.933,48.3,4.333
R01846,Customer Service,IN,APAC,Women,60+,Manager,6-10 years,Onsite,4.333,3.667,3.0,2.333,2.667,3.2,55.0,3.667
R01847,Customer Service,IN,APAC,Women,30-39,Individual contributor,1-2 years,Onsite,3.667,3.333,3.333,3.667,2.667,3.333,58.3,2.667
R01848,Customer Service,IN,APAC,Women,30-39,Individual contributor,3-5 years,Hybrid,4.333,3.667,4.0,2.0,3.667,3.533,63.3,3.333
R01850,Customer Service,IN,APAC,Men,50-59,Team lead,3-5 years,Onsite,3.333,3.333,3.667,4.0,5.0,3.867,71.7,4.667
R01851,Customer Service,IN,APAC,Women,30-39,Individual contributor,3-5 years,Onsite,5.0,4.333,2.333,3.0,5.0,3.933,73.3,4.333
R01852,Customer Service,IN,APAC,Women,30-39,Individual contributor,1-2 years,Onsite,4.0,3.333,3.333,4.333,4.667,3.933,73.3,3.333
R01854,Customer Service,IN,APAC,Men,30-39,Individual contributor,1-2 years,Onsite,4.0,4.333,2.333,3.333,4.0,3.6,65.0,3.333
R01856,Customer Service,IN,APAC,Men,60+,Individual contributor,3-5 years,Hybrid,4.333,4.0,4.333,3.0,4.667,4.067,76.7,4.667
R01857,Customer Service,IN,APAC,Men,18-29,Individual contributor,< 1 year,Onsite,4.667,3.0,3.0,3.667,4.667,3.8,70.0,3.333
R01858,Customer Service,IN,APAC,Men,30-39,Individual contributor,< 1 year,Onsite,5.0,4.0,2.667,4.0,2.0,3.533,63.3,4.667
R01863,Customer Service,IN,APAC,Men,18-29,Senior leader,6-10 years,Onsite,4.0,4.333,5.0,3.0,5.0,4.267,81.7,4.0
R01864,Customer Service,DE,EMEA,Women,60+,Team lead,< 1 year,Onsite,2.667,4.667,3.333,3.667,3.0,3.467,61.7,4.0
R01865,Customer Service,DE,EMEA,Non-binary / self-described,30-39,Individual contributor,6-10 years,Onsite,4.667,2.667,3.0,4.0,3.0,3.467,61.7,2.667
R01866,Customer Service,DE,EMEA,Women,18-29,Individual contributor,3-5 years,Hybrid,5.0,2.667,2.667,3.333,3.667,3.467,61.7,3.333
R01868,Customer Service,DE,EMEA,Men,40-49,Individual contributor,1-2 years,Onsite,2.667,5.0,2.333,2.667,4.667,3.467,61.7,4.0
R01869,Customer Service,DE,EMEA,Men,18-29,Individual contributor,6-10 years,Onsite,3.333,4.0,2.333,3.333,3.333,3.267,56.7,3.667
R01870,Customer Service,DE,EMEA,Women,30-39,Individual contributor,< 1 year,Hybrid,4.333,4.333,3.333,3.0,4.0,3.8,70.0,3.0
R01871,Customer Service,DE,EMEA,Men,40-49,Team lead,< 1 year,Onsite,3.333,5.0,4.333,3.667,4.667,4.2,80.0,4.333
R01872,Customer Service,DE,EMEA,Women,18-29,Team lead,3-5 years,Onsite,4.333,3.667,5.0,2.667,1.667,3.467,61.7,4.0
R01873,Customer Service,DE,EMEA,Women,50-59,Individual contributor,3-5 years,Onsite,3.333,2.333,2.667,4.0,3.333,3.133,53.3,3.333
R01874,Customer Service,DE,EMEA,Men,18-29,Individual contributor,6-10 years,Onsite,3.667,4.0,3.0,3.0,4.0,3.533,63.3,3.667
R01875,Customer Service,DE,EMEA,Women,30-39,Individual contributor,10 years +,Onsite,4.0,4.0,3.667,2.667,2.667,3.4,60.0,3.667
R01876,Customer Service,DE,EMEA,Men,18-29,Individual contributor,< 1 year,Onsite,4.333,4.333,2.333,4.0,4.0,3.8,70.0,3.333
R01879,Customer Service,DE,EMEA,Men,18-29,Individual contributor,6-10 years,Hybrid,3.0,4.333,4.667,3.667,4.667,4.067,76.7,3.667
R01880,Customer Service,DE,EMEA,Men,30-39,Individual contributor,3-5 years,Onsite,2.333,3.667,2.667,2.333,3.333,2.867,46.7,3.0
R01883,Customer Service,DE,EMEA,Men,40-49,Individual contributor,3-5 years,Hybrid,4.0,3.333,3.667,2.667,3.333,3.4,60.0,3.333
R01884,Customer Service,DE,EMEA,Women,30-39,Individual contributor,1-2 years,Onsite,4.0,3.0,4.667,4.333,4.333,4.067,76.7,4.333
R01885,Customer Service,DE,EMEA,Men,50-59,Individual contributor,3-5 years,Hybrid,2.667,4.333,3.0,3.333,2.0,3.067,51.7,3.333
R01886,Customer Service,DE,EMEA,Men,60+,Manager,6-10 years,Onsite,4.0,3.667,4.333,4.667,3.667,4.067,76.7,4.333
R01888,Customer Service,DE,EMEA,Non-binary / self-described,18-29,Individual contributor,10 years +,Hybrid,3.667,4.333,2.333,3.0,3.0,3.267,56.7,3.333
R01889,Customer Service,DE,EMEA,Men,18-29,Individual contributor,6-10 years,Remote,5.0,3.0,2.333,1.333,3.0,2.933,48.3,3.667
R01890,Customer Service,DE,EMEA,Men,40-49,Individual contributor,10 years +,Onsite,3.333,3.667,4.0,3.667,3.333,3.6,65.0,3.667
R01891,Customer Service,DE,EMEA,Women,40-49,Individual contributor,1-2 years,Onsite,4.333,3.0,4.0,3.667,4.333,3.867,71.7,3.333
R01893,Customer Service,DE,EMEA,Men,40-49,Individual contributor,3-5 years,Onsite,4.333,4.0,5.0,3.333,4.0,4.133,78.3,5.0
R01894,Customer Service,DE,EMEA,Women,60+,Team lead,6-10 years,Onsite,3.667,3.333,2.667,2.667,3.667,3.2,55.0,3.333
R01895,Customer Service,DE,EMEA,Women,30-39,Individual contributor,< 1 year,Onsite,3.333,3.333,3.667,2.667,2.667,3.133,53.3,2.667
R01898,Customer Service,DE,EMEA,Men,18-29,Individual contributor,1-2 years,Onsite,3.667,3.333,3.667,3.333,3.0,3.4,60.0,2.667
R01899,Customer Service,DE,EMEA,Women,40-49,Manager,6-10 years,Onsite,4.0,4.0,2.333,4.0,3.667,3.6,65.0,2.333
R01900,Customer Service,DE,EMEA,Women,18-29,Individual contributor,3-5 years,Onsite,4.667,3.0,3.0,2.0,4.667,3.467,61.7,3.0
R01902,Customer Service,DE,EMEA,Men,50-59,Individual contributor,3-5 years,Onsite,3.667,3.667,3.667,3.0,5.0,3.8,70.0,4.0
R01903,Customer Service,DE,EMEA,Men,40-49,Individual contributor,< 1 year,Onsite,4.333,4.0,3.333,4.0,5.0,4.133,78.3,4.0
R01904,Customer Service,DE,EMEA,Women,30-39,Individual contributor,1-2 years,Onsite,3.0,4.0,3.667,4.667,4.0,3.867,71.7,2.667
R01905,Customer Service,DE,EMEA,Men,18-29,Individual contributor,< 1 year,Hybrid,4.667,4.333,4.0,3.0,4.0,4.0,75.0,3.667
R01906,Customer Service,DE,EMEA,Men,50-59,Individual contributor,1-2 years,Onsite,4.667,3.0,4.333,3.667,5.0,4.133,78.3,4.667
R01907,Customer Service,PL,EMEA,Women,50-59,Individual contributor,1-2 years,Onsite,4.0,3.333,4.667,4.333,4.0,4.067,76.7,3.667
R01908,Customer Service,PL,EMEA,Women,18-29,Team lead,3-5 years,Onsite,4.667,3.333,1.667,3.333,4.0,3.4,60.0,2.667
R01909,Customer Service,PL,EMEA,Non-binary / self-described,30-39,Individual contributor,6-10 years,Onsite,4.0,4.0,4.667,3.0,5.0,4.133,78.3,4.667
R01910,Customer Service,PL,EMEA,Women,30-39,Team lead,3-5 years,Hybrid,4.667,3.667,3.667,2.667,5.0,3.933,73.3,4.333
R01911,Customer Service,PL,EMEA,Women,30-39,Team lead,3-5 years,Onsite,2.333,4.0,3.667,3.667,4.333,3.6,65.0,4.0
R01912,Customer Service,PL,EMEA,Men,30-39,Manager,3-5 years,Onsite,4.333,4.333,4.667,4.667,4.333,4.467,86.7,3.667
R01913,Customer Service,PL,EMEA,Men,40-49,Individual contributor,6-10 years,Onsite,4.667,3.333,1.667,3.667,5.0,3.667,66.7,4.0
R01914,Customer Service,PL,EMEA,Men,50-59,Manager,6-10 years,Remote,5.0,4.0,4.667,4.667,5.0,4.667,91.7,4.0
R01916,Customer Service,PL,EMEA,Men,40-49,Individual contributor,< 1 year,Onsite,3.667,5.0,4.333,4.0,5.0,4.4,85.0,4.0
R01917,Customer Service,PL,EMEA,Women,18-29,Individual contributor,3-5 years,Onsite,4.0,3.0,4.333,4.667,4.667,4.133,78.3,3.0
R01918,Customer Service,PL,EMEA,Men,30-39,Individual contributor,6-10 years,Onsite,3.667,2.333,3.0,3.333,3.667,3.2,55.0,4.0
R01920,Customer Service,PL,EMEA,Men,18-29,Individual contributor,3-5 years,Onsite,3.667,2.667,3.667,3.667,5.0,3.733,68.3,3.333
R01921,Customer Service,PL,EMEA,Women,30-39,Individual contributor,1-2 years,Onsite,2.333,4.0,3.667,4.0,4.333,3.667,66.7,4.333
R01922,Customer Service,PL,EMEA,Men,18-29,Individual contributor,1-2 years,Onsite,3.667,3.667,2.333,2.333,3.0,3.0,50.0,3.333
R01925,Customer Service,PL,EMEA,Men,40-49,Individual contributor,3-5 years,Onsite,3.333,4.0,3.333,4.333,4.333,3.867,71.7,3.333
R01926,Customer Service,PL,EMEA,Women,30-39,Individual contributor,3-5 years,Onsite,2.667,3.667,2.0,3.333,4.667,3.267,56.7,4.0
R01928,Customer Service,PL,EMEA,Women,18-29,Individual contributor,6-10 years,Onsite,3.667,3.333,3.667,2.667,4.333,3.533,63.3,4.0
R01929,Customer Service,PL,EMEA,Men,30-39,Manager,< 1 year,Onsite,5.0,4.333,3.667,3.667,4.0,4.133,78.3,4.667
R01930,Customer Service,PL,EMEA,Men,50-59,Individual contributor,6-10 years,Onsite,5.0,3.0,2.0,3.0,3.667,3.333,58.3,4.333
R01931,Customer Service,PL,EMEA,Women,40-49,Manager,6-10 years,Onsite,5.0,3.333,4.0,3.0,2.667,3.6,65.0,3.0
R01932,Customer Service,PL,EMEA,Women,40-49,Individual contributor,1-2 years,Onsite,4.667,3.0,5.0,2.333,3.333,3.667,66.7,4.667
R01934,Customer Service,PL,EMEA,Men,40-49,Individual contributor,1-2 years,Onsite,3.0,3.333,3.0,4.333,5.0,3.733,68.3,4.667
R01935,Customer Service,PL,EMEA,Women,50-59,Team lead,10 years +,Onsite,3.333,2.667,3.0,3.667,3.0,3.133,53.3,4.667
R01936,Customer Service,PL,EMEA,Men,30-39,Individual contributor,10 years +,Hybrid,3.667,3.667,4.0,3.333,3.667,3.667,66.7,3.667
R01937,Customer Service,PL,EMEA,Men,40-49,Individual contributor,3-5 years,Onsite,4.333,3.333,2.667,3.0,5.0,3.667,66.7,3.667
R01941,Customer Service,PL,EMEA,Men,30-39,Manager,1-2 years,Onsite,2.333,1.667,3.333,2.333,3.0,2.533,38.3,2.333
R01942,Customer Service,PL,EMEA,Women,50-59,Team lead,1-2 years,Remote,3.333,3.0,3.0,4.0,3.667,3.4,60.0,3.0
R01943,Customer Service,PL,EMEA,Non-binary / self-described,30-39,Individual contributor,6-10 years,Remote,4.0,4.333,4.0,2.667,4.0,3.8,70.0,4.333
R01944,Customer Service,PL,EMEA,Men,40-49,Team lead,6-10 years,Onsite,4.333,4.333,2.667,2.667,2.667,3.333,58.3,2.667
R01946,Customer Service,CA,North America,Women,60+,Individual contributor,3-5 years,Onsite,3.333,4.667,4.0,3.667,4.667,4.067,76.7,4.667
R01947,Customer Service,CA,North America,Women,40-49,Individual contributor,6-10 years,Onsite,4.0,5.0,4.333,2.0,4.667,4.0,75.0,3.667
R01948,Customer Service,CA,North America,Men,40-49,Individual contributor,10 years +,Hybrid,4.0,5.0,3.667,3.667,3.0,3.867,71.7,2.333
R01949,Customer Service,CA,North America,Men,18-29,Team lead,1-2 years,Onsite,4.333,3.0,3.0,3.333,4.333,3.6,65.0,4.0
R01950,Customer Service,CA,North America,Men,30-39,Individual contributor,6-10 years,Onsite,3.667,4.333,3.333,3.0,3.0,3.467,61.7,4.333
R01952,Customer Service,CA,North America,Women,60+,Individual contributor,3-5 years,Onsite,4.333,3.0,3.333,4.0,3.333,3.6,65.0,3.667
R01953,Customer Service,CA,North America,Women,30-39,Individual contributor,1-2 years,Onsite,3.333,5.0,3.667,4.333,5.0,4.267,81.7,4.667
R01954,Customer Service,CA,North America,Women,60+,Senior leader,3-5 years,Hybrid,4.667,5.0,2.667,4.333,4.333,4.2,80.0,4.667
R01956,Customer Service,CA,North America,Men,50-59,Individual contributor,< 1 year,Onsite,5.0,4.667,4.0,3.0,4.667,4.267,81.7,4.0
R01958,Customer Service,CA,North America,Men,40-49,Manager,1-2 years,Onsite,4.0,4.333,3.0,5.0,4.333,4.133,78.3,5.0
R01959,Customer Service,CA,North America,Women,18-29,Individual contributor,3-5 years,Onsite,4.333,3.667,4.0,5.0,3.667,4.133,78.3,4.0
R01960,Customer Service,CA,North America,Women,40-49,Individual contributor,3-5 years,Onsite,4.0,3.667,4.0,3.667,4.333,3.933,73.3,4.667
R01961,Customer Service,CA,North America,Women,18-29,Team lead,6-10 years,Onsite,4.667,4.667,3.0,4.0,4.333,4.133,78.3,3.667
R01962,Customer Service,CA,North America,Women,40-49,Individual contributor,1-2 years,Onsite,4.667,4.667,3.333,4.333,4.667,4.333,83.3,4.667
R01963,Customer Service,CA,North America,Women,30-39,Individual contributor,1-2 years,Onsite,3.0,4.667,3.667,5.0,3.0,3.867,71.7,4.667
R01965,Customer Service,CA,North America,Women,30-39,Individual contributor,1-2 years,Onsite,4.333,4.667,4.0,4.0,4.333,4.267,81.7,5.0
R01966,Customer Service,CA,North America,Women,50-59,Senior leader,6-10 years,Onsite,4.667,2.333,3.333,3.667,5.0,3.8,70.0,4.667
R01968,Customer Service,CA,North America,Men,30-39,Individual contributor,6-10 years,Onsite,4.333,3.0,4.0,5.0,4.0,4.067,76.7,4.0
R01969,Customer Service,CA,North America,Men,40-49,Individual contributor,3-5 years,Remote,3.0,3.667,4.0,3.667,4.667,3.8,70.0,5.0
R01970,Customer Service,CA,North America,Women,30-39,Team lead,3-5 years,Onsite,3.333,5.0,3.0,4.0,4.667,4.0,75.0,2.667
R01971,Customer Service,CA,North America,Women,18-29,Individual contributor,< 1 year,Onsite,4.0,5.0,2.667,5.0,5.0,4.333,83.3,4.333
R01972,Customer Service,CA,North America,Women,30-39,Team lead,6-10 years,Onsite,3.333,5.0,4.0,3.333,3.667,3.867,71.7,3.667
R01973,Customer Service,CA,North America,Men,50-59,Individual contributor,1-2 years,Onsite,4.0,3.667,3.0,2.667,4.333,3.533,63.3,4.667
R01974,Customer Service,CA,North America,Women,18-29,Team lead,6-10 years,Onsite,4.333,4.667,3.0,2.333,4.667,3.8,70.0,4.333
R01976,Customer Service,CA,North America,Men,40-49,Individual contributor,3-5 years,Onsite,4.667,3.0,2.667,4.333,3.667,3.667,66.7,4.0
R01977,Customer Service,CA,North America,Women,30-39,Individual contributor,1-2 years,Onsite,5.0,2.333,3.667,2.667,4.667,3.667,66.7,4.0
R01979,Customer Service,PL,EMEA,Men,18-29,Individual contributor,< 1 year,Hybrid,4.333,3.333,4.0,4.0,3.0,3.733,68.3,4.333
R01980,Customer Service,PL,EMEA,Men,50-59,Individual contributor,< 1 year,Onsite,4.667,4.333,4.667,4.667,5.0,4.667,91.7,3.667
R01981,Customer Service,PL,EMEA,Women,30-39,Team lead,1-2 years,Hybrid,5.0,2.333,4.0,3.667,3.0,3.6,65.0,3.333
R01982,Customer Service,PL,EMEA,Women,40-49,Individual contributor,1-2 years,Onsite,4.667,4.0,2.667,3.333,4.333,3.8,70.0,2.0
R01984,Customer Service,PL,EMEA,Women,40-49,Manager,3-5 years,Hybrid,4.667,3.667,3.667,4.333,4.0,4.067,76.7,4.0
R01985,Customer Service,PL,EMEA,Men,40-49,Team lead,< 1 year,Onsite,4.667,4.667,4.333,3.667,4.667,4.4,85.0,5.0
R01986,Customer Service,PL,EMEA,Men,60+,Individual contributor,3-5 years,Onsite,3.667,3.0,4.333,4.333,4.667,4.0,75.0,3.667
R01988,Customer Service,PL,EMEA,Women,50-59,Individual contributor,1-2 years,Hybrid,3.333,4.0,3.667,3.667,3.0,3.533,63.3,3.333
R01989,Customer Service,PL,EMEA,Women,40-49,Individual contributor,6-10 years,Remote,4.333,4.333,3.0,1.333,2.333,3.067,51.7,2.0
R01991,Customer Service,PL,EMEA,Men,40-49,Team lead,3-5 years,Onsite,4.0,4.333,4.0,2.667,4.0,3.8,70.0,3.0
R01992,Customer Service,PL,EMEA,Women,30-39,Individual contributor,3-5 years,Onsite,4.667,3.333,3.0,5.0,2.333,3.667,66.7,3.667
R01993,Customer Service,PL,EMEA,Men,30-39,Individual contributor,< 1 year,Onsite,5.0,2.333,3.667,4.333,3.667,3.8,70.0,4.0
R01994,Customer Service,PL,EMEA,Women,30-39,Individual contributor,3-5 years,Onsite,4.333,2.333,2.667,4.333,3.0,3.333,58.3,2.667
R01995,Customer Service,PL,EMEA,Men,18-29,Team lead,3-5 years,Onsite,4.333,4.0,4.0,2.333,4.333,3.8,70.0,3.0
R01996,Customer Service,PL,EMEA,Women,18-29,Individual contributor,10 years +,Onsite,4.667,3.667,3.667,5.0,4.333,4.267,81.7,4.333
R01997,Customer Service,PL,EMEA,Men,30-39,Individual contributor,6-10 years,Remote,3.333,2.0,3.0,3.667,3.333,3.067,51.7,3.0
R01998,Customer Service,PL,EMEA,Men,18-29,Individual contributor,< 1 year,Hybrid,5.0,4.667,4.667,3.333,2.333,4.0,75.0,4.0
R01999,Customer Service,PL,EMEA,Women,40-49,Individual contributor,< 1 year,Onsite,4.333,5.0,3.0,5.0,4.667,4.4,85.0,3.667
R02000,Customer Service,PL,EMEA,Men,30-39,Team lead,1-2 years,Onsite,5.0,3.0,3.667,4.333,4.667,4.133,78.3,3.667
R02001,Customer Service,PL,EMEA,Women,40-49,Individual contributor,1-2 years,Onsite,4.333,4.667,4.0,2.0,4.0,3.8,70.0,3.667
R02002,Customer Service,PL,EMEA,Men,30-39,Individual contributor,3-5 years,Onsite,3.667,5.0,2.0,3.667,5.0,3.867,71.7,3.667
R02003,Customer Service,PL,EMEA,Men,18-29,Individual contributor,1-2 years,Onsite,4.333,3.667,4.333,4.0,5.0,4.267,81.7,4.333
R02004,Customer Service,PL,EMEA,Women,40-49,Individual contributor,3-5 years,Onsite,4.0,4.667,3.0,2.0,3.0,3.333,58.3,3.0
R02006,Customer Service,PL,EMEA,Non-binary / self-described,30-39,Individual contributor,3-5 years,Onsite,3.667,3.667,4.0,4.0,3.667,3.8,70.0,3.667
R02007,Customer Service,PL,EMEA,Women,40-49,Individual contributor,1-2 years,Onsite,3.333,2.667,4.667,4.333,4.667,3.933,73.3,3.667
R02009,Customer Service,US,North America,Men,40-49,Team lead,1-2 years,Remote,4.0,4.333,2.667,5.0,4.333,4.067,76.7,4.333
R02010,Customer Service,US,North America,Women,40-49,Individual contributor,3-5 years,Onsite,5.0,3.667,3.0,4.0,3.667,3.867,71.7,3.667
R02011,Customer Service,US,North America,Women,40-49,Individual contributor,3-5 years,Onsite,4.0,3.333,2.667,4.0,3.0,3.4,60.0,2.333
R02012,Customer Service,US,North America,Women,50-59,Individual contributor,1-2 years,Onsite,4.0,3.667,5.0,4.333,3.667,4.133,78.3,4.0
R02014,Customer Service,US,North America,Men,18-29,Individual contributor,3-5 years,Onsite,3.0,4.0,3.333,2.0,3.667,3.2,55.0,3.667
R02015,Customer Service,US,North America,Men,30-39,Individual contributor,3-5 years,Onsite,4.333,5.0,4.667,2.333,3.667,4.0,75.0,4.667
R02016,Customer Service,US,North America,Men,40-49,Manager,10 years +,Hybrid,5.0,5.0,4.333,4.0,3.667,4.4,85.0,4.667
R02017,Customer Service,US,North America,Women,40-49,Individual contributor,6-10 years,Onsite,4.667,3.0,3.667,4.667,5.0,4.2,80.0,4.0
R02018,Customer Service,US,North America,Men,40-49,Individual contributor,10 years +,Onsite,4.0,3.0,4.333,4.333,5.0,4.133,78.3,3.667
R02019,Customer Service,CA,North America,Women,30-39,Individual contributor,1-2 years,Remote,5.0,3.333,3.0,3.667,3.0,3.6,65.0,4.0
R02020,Customer Service,CA,North America,Men,40-49,Team lead,< 1 year,Onsite,2.333,3.0,3.333,2.0,4.0,2.933,48.3,4.0
R02021,Customer Service,CA,North America,Men,40-49,Individual contributor,3-5 years,Hybrid,3.0,3.667,3.0,2.667,3.333,3.133,53.3,2.333
R02023,Customer Service,CA,North America,Women,60+,Individual contributor,6-10 years,Onsite,4.0,3.333,2.0,2.667,2.333,2.867,46.7,2.667
R02026,Customer Service,CA,North America,Men,40-49,Team lead,3-5 years,Onsite,4.667,3.333,3.667,3.667,5.0,4.067,76.7,5.0
R02027,Customer Service,CA,North America,Women,40-49,Individual contributor,3-5 years,Onsite,4.0,3.0,3.333,2.667,3.667,3.333,58.3,4.0
R02028,Customer Service,CA,North America,Men,50-59,Individual contributor,< 1 year,Onsite,3.333,4.0,3.0,4.0,4.0,3.667,66.7,4.0
R02029,Customer Service,CA,North America,Men,30-39,Manager,< 1 year,Onsite,4.667,4.333,2.667,3.333,5.0,4.0,75.0,4.0
R02030,Customer Service,CA,North America,Women,30-39,Individual contributor,< 1 year,Onsite,4.0,2.0,2.333,3.333,4.667,3.267,56.7,4.333
R02031,Customer Service,CA,North America,Women,40-49,Individual contributor,1-2 years,Onsite,4.333,4.333,3.0,1.333,5.0,3.6,65.0,3.667
R02033,Customer Service,CA,North America,Men,40-49,Individual contributor,3-5 years,Onsite,3.0,3.667,4.667,3.0,3.333,3.533,63.3,4.667
R02034,Customer Service,CA,North America,Men,40-49,Team lead,6-10 years,Onsite,3.0,3.667,2.333,4.0,3.333,3.267,56.7,4.0
R02035,Customer Service,CA,North America,Men,50-59,Individual contributor,10 years +,Onsite,3.667,4.0,3.0,2.667,2.667,3.2,55.0,4.333
R02036,Customer Service,CA,North America,Men,18-29,Individual contributor,3-5 years,Onsite,3.667,3.667,2.333,3.667,3.333,3.333,58.3,3.667
R02037,Customer Service,CA,North America,Men,50-59,Team lead,1-2 years,Hybrid,3.667,3.667,4.0,3.0,3.667,3.6,65.0,4.333
R02038,Customer Service,CA,North America,Women,30-39,Individual contributor,10 years +,Onsite,3.333,4.667,3.333,3.0,3.333,3.533,63.3,3.667
R02039,Customer Service,CA,North America,Men,60+,Individual contributor,3-5 years,Onsite,4.0,3.333,3.0,3.0,3.0,3.267,56.7,3.667
R02041,Customer Service,CA,North America,Women,40-49,Team lead,< 1 year,Onsite,4.0,3.667,4.333,3.667,4.0,3.933,73.3,3.333
R02042,Customer Service,CA,North America,Men,18-29,Manager,< 1 year,Onsite,4.0,4.667,3.333,3.333,4.333,3.933,73.3,2.667
R02043,Customer Service,CA,North America,Women,40-49,Individual contributor,1-2 years,Onsite,4.0,3.667,2.667,4.333,3.0,3.533,63.3,3.0
R02044,Customer Service,CA,North America,Women,40-49,Team lead,3-5 years,Onsite,3.0,2.667,3.333,3.0,5.0,3.4,60.0,2.667
R02045,Customer Service,CA,North America,Men,40-49,Individual contributor,3-5 years,Onsite,3.333,4.0,2.667,4.0,4.333,3.667,66.7,3.0
R02046,Customer Service,CA,North America,Men,40-49,Individual contributor,3-5 years,Onsite,4.0,4.0,2.667,2.667,4.333,3.533,63.3,2.667
R02047,Customer Service,CA,North America,Women,18-29,Individual contributor,6-10 years,Onsite,3.333,4.0,1.667,1.667,3.0,2.733,43.3,3.667
R02048,Customer Service,CA,North America,Men,18-29,Individual contributor,10 years +,Remote,3.667,2.333,2.667,4.333,3.0,3.2,55.0,2.0
R02050,Customer Service,CA,North America,Men,40-49,Individual contributor,3-5 years,Onsite,3.667,3.333,3.333,2.0,2.667,3.0,50.0,2.667
R02053,Customer Service,CA,North America,Women,30-39,Individual contributor,10 years +,Hybrid,4.667,4.0,2.667,3.333,4.333,3.8,70.0,3.667
R02054,Customer Service,CA,North America,Women,18-29,Individual contributor,1-2 years,Onsite,3.667,2.667,3.667,3.0,4.667,3.533,63.3,4.0
R02055,Customer Service,CA,North America,Women,30-39,Individual contributor,1-2 years,Onsite,3.0,3.333,2.0,3.667,3.333,3.067,51.7,5.0
R02056,Customer Service,CA,North America,Men,50-59,Individual contributor,6-10 years,Onsite,4.0,4.333,2.333,3.667,3.333,3.533,63.3,2.0
R02058,Customer Service,CA,North America,Women,30-39,Individual contributor,1-2 years,Onsite,3.333,3.0,3.333,2.333,2.667,2.933,48.3,3.333
R02059,Customer Service,PL,EMEA,Men,50-59,Individual contributor,< 1 year,Hybrid,5.0,3.667,3.667,4.333,4.333,4.2,80.0,4.333
R02060,Customer Service,PL,EMEA,Women,30-39,Individual contributor,< 1 year,Onsite,3.333,4.333,3.667,4.0,4.667,4.0,75.0,4.333
R02062,Customer Service,PL,EMEA,Men,18-29,Individual contributor,1-2 years,Hybrid,3.0,4.0,4.0,3.0,3.333,3.467,61.7,3.333
R02063,Customer Service,PL,EMEA,Men,60+,Individual contributor,3-5 years,Onsite,4.0,3.667,3.667,3.333,4.0,3.733,68.3,4.0
R02064,Customer Service,PL,EMEA,Women,50-59,Manager,1-2 years,Onsite,4.333,4.667,4.0,5.0,4.333,4.467,86.7,4.333
R02065,Customer Service,PL,EMEA,Men,30-39,Individual contributor,< 1 year,Hybrid,3.0,3.667,3.667,4.667,4.667,3.933,73.3,3.333
R02066,Customer Service,PL,EMEA,Men,50-59,Individual contributor,3-5 years,Onsite,5.0,3.0,2.333,3.667,4.333,3.667,66.7,2.667
R02067,Customer Service,PL,EMEA,Men,50-59,Individual contributor,< 1 year,Onsite,3.667,3.0,3.667,3.667,4.333,3.667,66.7,3.667
R02068,Customer Service,PL,EMEA,Women,18-29,Individual contributor,6-10 years,Onsite,4.0,2.0,3.333,4.667,4.333,3.667,66.7,4.0
R02069,Customer Service,PL,EMEA,Men,40-49,Individual contributor,6-10 years,Hybrid,3.667,4.667,3.333,2.667,4.333,3.733,68.3,3.667
R02070,Customer Service,PL,EMEA,Women,18-29,Individual contributor,3-5 years,Onsite,4.0,4.0,3.667,4.0,4.0,3.933,73.3,4.667
R02071,Customer Service,PL,EMEA,Women,40-49,Individual contributor,1-2 years,Onsite,4.667,4.0,3.667,3.667,4.333,4.067,76.7,4.667
R02072,Customer Service,PL,EMEA,Men,30-39,Individual contributor,< 1 year,Onsite,4.333,3.333,3.333,3.667,4.333,3.8,70.0,4.667
R02073,Customer Service,PL,EMEA,Men,40-49,Individual contributor,1-2 years,Onsite,3.667,5.0,4.0,5.0,4.0,4.333,83.3,5.0
R02075,Customer Service,PL,EMEA,Men,50-59,Individual contributor,6-10 years,Hybrid,4.0,4.333,3.667,5.0,3.333,4.067,76.7,4.333
R02076,Customer Service,PL,EMEA,Women,30-39,Individual contributor,3-5 years,Onsite,5.0,3.667,1.667,1.333,4.667,3.267,56.7,4.333
R02077,Customer Service,PL,EMEA,Men,30-39,Individual contributor,3-5 years,Onsite,5.0,5.0,4.667,4.0,4.667,4.667,91.7,4.333
R02078,Customer Service,CA,North America,Women,60+,Individual contributor,3-5 years,Remote,5.0,4.0,4.333,4.0,3.333,4.133,78.3,2.667
R02081,Customer Service,CA,North America,Men,40-49,Individual contributor,< 1 year,Onsite,5.0,4.0,4.0,3.0,3.333,3.867,71.7,4.0
R02082,Customer Service,CA,North America,Men,30-39,Team lead,< 1 year,Onsite,5.0,5.0,2.0,3.333,2.667,3.6,65.0,2.667
R02083,Customer Service,CA,North America,Men,30-39,Individual contributor,1-2 years,Onsite,4.333,4.0,4.333,4.667,2.333,3.933,73.3,3.0
R02085,Customer Service,CA,North America,Women,40-49,Team lead,10 years +,Onsite,4.0,4.0,2.667,4.333,4.667,3.933,73.3,3.333
R02086,Customer Service,CA,North America,Men,50-59,Individual contributor,< 1 year,Hybrid,4.333,4.333,4.333,3.0,3.0,3.8,70.0,3.333
R02087,Customer Service,CA,North America,Men,60+,Individual contributor,1-2 years,Onsite,5.0,2.333,4.0,3.333,3.333,3.6,65.0,3.333
R02088,Customer Service,CA,North America,Men,30-39,Individual contributor,< 1 year,Hybrid,4.0,3.667,2.667,3.333,3.0,3.333,58.3,3.667
R02089,Customer Service,CA,North America,Women,40-49,Individual contributor,< 1 year,Onsite,3.667,3.667,3.667,2.667,5.0,3.733,68.3,4.0
R02091,Commercial,DE,EMEA,Men,40-49,Manager,1-2 years,Onsite,4.0,4.0,4.667,3.0,4.667,4.067,76.7,3.333
R02092,Commercial,DE,EMEA,Men,50-59,Individual contributor,1-2 years,Hybrid,4.667,3.0,5.0,3.0,4.0,3.933,73.3,4.333
R02093,Commercial,DE,EMEA,Men,30-39,Manager,10 years +,Onsite,4.667,3.0,5.0,3.333,4.667,4.133,78.3,3.667
R02094,Commercial,DE,EMEA,Non-binary / self-described,30-39,Individual contributor,3-5 years,Onsite,3.667,4.333,2.333,1.667,3.667,3.133,53.3,3.333
R02096,Commercial,DE,EMEA,Men,18-29,Individual contributor,10 years +,Hybrid,5.0,4.333,5.0,3.333,4.0,4.333,83.3,5.0
R02097,Commercial,DE,EMEA,Men,30-39,Individual contributor,10 years +,Hybrid,3.333,3.0,3.667,3.333,5.0,3.667,66.7,4.333
R02098,Commercial,DE,EMEA,Women,30-39,Individual contributor,1-2 years,Onsite,5.0,4.0,4.0,3.0,5.0,4.2,80.0,5.0
R02099,Commercial,DE,EMEA,Women,30-39,Individual contributor,6-10 years,Onsite,4.667,2.667,3.667,3.0,5.0,3.8,70.0,4.667
R02100,Commercial,DE,EMEA,Non-binary / self-described,60+,Individual contributor,< 1 year,Hybrid,4.667,3.0,4.0,4.667,4.667,4.2,80.0,5.0
R02101,Commercial,DE,EMEA,Men,40-49,Individual contributor,3-5 years,Hybrid,4.667,3.333,4.0,3.0,4.0,3.8,70.0,4.333
R02102,Commercial,DE,EMEA,Women,30-39,Individual contributor,1-2 years,Hybrid,3.0,2.667,4.667,3.333,4.0,3.533,63.3,2.667
R02103,Commercial,DE,EMEA,Men,50-59,Individual contributor,6-10 years,Hybrid,4.0,3.0,4.667,4.0,4.667,4.067,76.7,5.0
R02104,Commercial,DE,EMEA,Men,60+,Individual contributor,6-10 years,Onsite,4.667,3.333,2.667,4.667,3.0,3.667,66.7,3.0
R02105,Commercial,DE,EMEA,Women,30-39,Individual contributor,6-10 years,Onsite,4.0,3.0,4.0,3.333,4.333,3.733,68.3,3.333
R02106,Commercial,DE,EMEA,Women,30-39,Team lead,1-2 years,Onsite,5.0,4.333,4.667,3.667,4.0,4.333,83.3,3.0
R02107,Commercial,DE,EMEA,Women,30-39,Team lead,< 1 year,Hybrid,4.0,3.333,4.333,4.0,4.0,3.933,73.3,4.333
R02109,Commercial,DE,EMEA,Non-binary / self-described,40-49,Manager,< 1 year,Hybrid,5.0,5.0,5.0,4.0,4.667,4.733,93.3,5.0
R02110,Commercial,SG,APAC,Men,60+,Individual contributor,6-10 years,Onsite,2.667,3.333,3.333,3.0,4.333,3.333,58.3,4.333
R02111,Commercial,SG,APAC,Men,18-29,Individual contributor,6-10 years,Hybrid,2.667,2.0,3.333,3.0,2.667,2.733,43.3,3.0
R02112,Commercial,SG,APAC,Men,18-29,Individual contributor,6-10 years,Onsite,3.333,4.333,3.0,5.0,2.667,3.667,66.7,4.333
R02114,Commercial,SG,APAC,Women,50-59,Manager,6-10 years,Hybrid,5.0,3.333,2.333,4.333,4.0,3.8,70.0,4.0
R02115,Commercial,SG,APAC,Women,50-59,Individual contributor,10 years +,Remote,4.667,4.333,3.667,2.667,4.333,3.933,73.3,4.333
R02116,Commercial,SG,APAC,Men,60+,Manager,3-5 years,Hybrid,3.333,3.0,2.333,4.0,2.0,2.933,48.3,2.333
R02117,Commercial,SG,APAC,Men,30-39,Individual contributor,1-2 years,Hybrid,4.333,3.667,3.0,4.0,2.667,3.533,63.3,3.667
R02118,Commercial,SG,APAC,Women,40-49,Team lead,1-2 years,Hybrid,4.667,5.0,4.333,4.333,3.667,4.4,85.0,4.333
R02122,Commercial,SG,APAC,Women,50-59,Individual contributor,6-10 years,Onsite,4.0,2.667,3.333,3.333,4.0,3.467,61.7,3.333
R02123,Commercial,SG,APAC,Women,18-29,Individual contributor,6-10 years,Hybrid,2.333,3.0,4.333,4.0,4.667,3.667,66.7,3.0
R02124,Commercial,SG,APAC,Men,30-39,Team lead,1-2 years,Onsite,3.667,4.333,4.667,3.667,2.667,3.8,70.0,3.667
R02125,Commercial,SG,APAC,Women,50-59,Individual contributor,6-10 years,Onsite,3.333,4.667,2.0,4.0,3.667,3.533,63.3,2.333
R02126,Commercial,SG,APAC,Women,50-59,Individual contributor,10 years +,Hybrid,4.333,3.0,4.333,4.0,4.667,4.067,76.7,3.667
R02128,Commercial,SG,APAC,Men,50-59,Individual contributor,3-5 years,Remote,3.0,4.0,3.333,4.0,4.333,3.733,68.3,3.667
R02129,Commercial,SG,APAC,Women,30-39,Individual contributor,3-5 years,Onsite,4.667,3.0,2.667,2.667,2.667,3.133,53.3,3.333
R02130,Commercial,SG,APAC,Men,60+,Individual contributor,6-10 years,Onsite,2.333,4.0,4.333,2.667,3.333,3.333,58.3,2.0
R02131,Commercial,SG,APAC,Women,40-49,Individual contributor,1-2 years,Remote,3.667,2.667,2.333,3.333,4.0,3.2,55.0,3.667
R02132,Commercial,SG,APAC,Men,18-29,Team lead,6-10 years,Onsite,4.667,3.667,4.0,4.333,3.333,4.0,75.0,4.0
R02133,Commercial,SG,APAC,Men,30-39,Team lead,3-5 years,Remote,4.0,4.333,4.667,4.333,5.0,4.467,86.7,4.667
R02134,Commercial,SG,APAC,Women,18-29,Team lead,1-2 years,Hybrid,5.0,3.667,3.333,2.667,3.333,3.6,65.0,4.333
R02135,Commercial,DE,EMEA,Men,50-59,Individual contributor,< 1 year,Hybrid,4.0,4.0,4.333,4.333,2.333,3.8,70.0,4.667
R02136,Commercial,DE,EMEA,Non-binary / self-described,30-39,Individual contributor,< 1 year,Onsite,4.667,3.333,4.0,2.667,4.333,3.8,70.0,3.667
R02137,Commercial,DE,EMEA,Men,18-29,Individual contributor,3-5 years,Remote,4.333,3.667,3.667,3.0,4.0,3.733,68.3,4.0
R02140,Commercial,DE,EMEA,Women,60+,Manager,10 years +,Onsite,3.0,4.667,3.0,2.667,4.0,3.467,61.7,3.0
R02141,Commercial,DE,EMEA,Men,30-39,Individual contributor,1-2 years,Onsite,3.667,2.667,4.333,3.333,3.667,3.533,63.3,3.0
R02142,Commercial,DE,EMEA,Women,40-49,Team lead,3-5 years,Onsite,3.667,3.333,4.333,2.667,4.667,3.733,68.3,4.333
R02143,Commercial,DE,EMEA,Non-binary / self-described,40-49,Team lead,< 1 year,Onsite,3.667,4.0,3.667,3.667,4.0,3.8,70.0,4.0
R02144,Commercial,DE,EMEA,Men,50-59,Individual contributor,3-5 years,Onsite,5.0,3.667,4.0,4.0,4.667,4.267,81.7,3.667
R02146,Commercial,DE,EMEA,Men,18-29,Individual contributor,1-2 years,Hybrid,4.0,4.333,4.333,2.333,4.333,3.867,71.7,4.0
R02147,Commercial,PL,EMEA,Men,18-29,Individual contributor,< 1 year,Onsite,2.667,3.333,3.0,3.667,4.667,3.467,61.7,4.667
R02148,Commercial,PL,EMEA,Men,30-39,Individual contributor,6-10 years,Remote,3.667,5.0,2.667,4.333,4.0,3.933,73.3,2.333
R02150,Commercial,PL,EMEA,Women,18-29,Team lead,< 1 year,Hybrid,3.667,3.667,3.0,4.333,4.0,3.733,68.3,3.667
R02152,Commercial,PL,EMEA,Men,50-59,Individual contributor,< 1 year,Hybrid,4.0,4.333,3.667,3.667,2.333,3.6,65.0,4.0
R02153,Commercial,PL,EMEA,Men,30-39,Team lead,10 years +,Onsite,3.333,3.667,4.333,3.333,3.333,3.6,65.0,3.0
R02154,Commercial,PL,EMEA,Men,40-49,Individual contributor,1-2 years,Remote,4.0,3.333,3.667,4.333,4.667,4.0,75.0,5.0
R02156,Commercial,PL,EMEA,Women,30-39,Individual contributor,1-2 years,Onsite,4.0,3.667,2.0,5.0,3.0,3.533,63.3,3.333
R02157,Commercial,PL,EMEA,Women,30-39,Individual contributor,3-5 years,Remote,2.0,3.333,2.0,3.0,2.667,2.6,40.0,3.667
R02158,Commercial,PL,EMEA,Women,18-29,Individual contributor,10 years +,Hybrid,2.667,4.667,4.0,2.333,2.0,3.133,53.3,3.667
R02159,Commercial,PL,EMEA,Women,30-39,Manager,10 years +,Onsite,3.333,3.333,2.333,3.667,4.333,3.4,60.0,4.333
R02161,Commercial,PL,EMEA,Men,30-39,Senior leader,1-2 years,Hybrid,3.333,4.333,4.333,4.0,4.0,4.0,75.0,4.0
R02162,Commercial,PL,EMEA,Men,30-39,Individual contributor,3-5 years,Onsite,5.0,3.667,3.0,3.0,3.333,3.6,65.0,2.667
R02164,Commercial,CA,North America,Non-binary / self-described,30-39,Individual contributor,1-2 years,Onsite,3.0,3.333,3.333,3.333,3.333,3.267,56.7,2.667
R02165,Commercial,CA,North America,Men,30-39,Individual contributor,1-2 years,Remote,4.0,4.667,3.667,3.333,3.667,3.867,71.7,4.0
R02166,Commercial,CA,North America,Men,40-49,Individual contributor,10 years +,Onsite,4.0,3.333,3.333,5.0,5.0,4.133,78.3,4.667
R02167,Commercial,CA,North America,Men,30-39,Individual contributor,6-10 years,Onsite,2.667,4.0,2.333,2.333,2.0,2.667,41.7,3.0
R02168,Commercial,CA,North America,Women,30-39,Individual contributor,< 1 year,Onsite,4.0,5.0,4.333,4.667,3.333,4.267,81.7,5.0
R02169,Commercial,CA,North America,Men,30-39,Individual contributor,10 years +,Remote,3.667,5.0,4.0,3.333,3.333,3.867,71.7,3.667
R02170,Commercial,CA,North America,Women,30-39,Individual contributor,10 years +,Hybrid,3.0,2.667,3.333,3.667,4.667,3.467,61.7,3.333
R02171,Commercial,CA,North America,Men,30-39,Individual contributor,3-5 years,Remote,4.667,3.333,4.667,2.333,2.667,3.533,63.3,4.333
R02172,Commercial,CA,North America,Men,50-59,Individual contributor,< 1 year,Onsite,4.0,2.333,3.333,2.0,3.0,2.933,48.3,3.333
R02173,Commercial,CA,North America,Women,50-59,Manager,3-5 years,Remote,4.333,3.0,4.333,3.667,3.333,3.733,68.3,4.0
R02174,Commercial,CA,North America,Men,30-39,Individual contributor,3-5 years,Hybrid,4.667,4.667,3.667,4.667,2.333,4.0,75.0,4.0
R02177,Commercial,CA,North America,Women,40-49,Individual contributor,3-5 years,Onsite,3.667,4.667,4.0,3.0,4.333,3.933,73.3,3.667
R02179,Commercial,CA,North America,Women,40-49,Individual contributor,3-5 years,Onsite,4.0,2.0,3.667,4.0,5.0,3.733,68.3,3.333
R02181,Commercial,CA,North America,Men,50-59,Individual contributor,10 years +,Hybrid,5.0,4.333,3.667,5.0,3.667,4.333,83.3,4.333
R02182,Commercial,CA,North America,Men,40-49,Individual contributor,10 years +,Hybrid,3.667,4.0,3.667,4.0,3.667,3.8,70.0,4.667
R02184,Commercial,CA,North America,Non-binary / self-described,18-29,Senior leader,< 1 year,Onsite,4.667,4.0,4.667,4.667,2.667,4.133,78.3,5.0
R02186,Commercial,CA,North America,Non-binary / self-described,40-49,Individual contributor,1-2 years,Hybrid,4.333,4.333,4.0,3.0,3.333,3.8,70.0,3.667
R02187,Commercial,CA,North America,Men,18-29,Manager,1-2 years,Hybrid,5.0,5.0,3.667,3.333,3.333,4.067,76.7,3.667
R02188,Commercial,CA,North America,Men,18-29,Team lead,3-5 years,Onsite,4.667,2.667,4.667,4.333,4.0,4.067,76.7,3.667
R02191,Commercial,CA,North America,Women,60+,Team lead,6-10 years,Hybrid,4.333,5.0,3.333,4.0,2.0,3.733,68.3,5.0
R02193,Commercial,CA,North America,Men,30-39,Team lead,6-10 years,Onsite,3.667,4.667,2.0,4.0,4.0,3.667,66.7,4.0
R02194,Commercial,CA,North America,Women,40-49,Individual contributor,1-2 years,Onsite,4.333,5.0,4.333,3.667,4.0,4.267,81.7,4.0
R02195,Commercial,CA,North America,Women,50-59,Team lead,< 1 year,Onsite,3.667,4.0,5.0,4.0,5.0,4.333,83.3,4.333
R02197,Commercial,CA,North America,Men,40-49,Individual contributor,3-5 years,Onsite,4.0,3.0,3.667,3.667,4.0,3.667,66.7,3.333
R02198,Commercial,US,North America,Men,30-39,Individual contributor,6-10 years,Hybrid,4.333,3.0,3.333,3.667,3.667,3.6,65.0,4.333
R02199,Commercial,US,North America,Men,40-49,Individual contributor,< 1 year,Remote,4.667,5.0,3.333,2.667,4.333,4.0,75.0,4.333
R02201,Commercial,US,North America,Men,18-29,Manager,1-2 years,Hybrid,3.667,3.0,3.333,5.0,4.667,3.933,73.3,2.667
R02202,Commercial,US,North America,Women,30-39,Senior leader,< 1 year,Onsite,4.0,3.667,5.0,4.333,5.0,4.4,85.0,4.667
R02203,Commercial,US,North America,Women,40-49,Individual contributor,1-2 years,Onsite,4.333,4.667,3.0,3.667,4.667,4.067,76.7,4.0
R02204,Commercial,US,North America,Men,30-39,Manager,3-5 years,Hybrid,4.0,5.0,3.0,4.0,4.333,4.067,76.7,3.667
R02205,Commercial,US,North America,Men,50-59,Senior leader,3-5 years,Hybrid,4.0,4.667,4.333,5.0,5.0,4.6,90.0,4.0
R02206,Commercial,US,North America,Men,50-59,Individual contributor,3-5 years,Onsite,5.0,3.333,2.667,4.0,4.0,3.8,70.0,3.667
R02207,Commercial,US,North America,Women,30-39,Individual contributor,6-10 years,Onsite,3.0,3.0,4.667,3.667,4.0,3.667,66.7,3.0
R02208,Commercial,US,North America,Men,60+,Team lead,6-10 years,Onsite,4.0,3.667,3.333,2.333,3.667,3.4,60.0,1.667
R02209,Commercial,US,North America,Non-binary / self-described,40-49,Team lead,6-10 years,Remote,5.0,2.0,3.667,2.667,4.0,3.467,61.7,3.0
R02210,Commercial,US,North America,Men,18-29,Individual contributor,< 1 year,Onsite,3.667,4.667,5.0,4.667,3.333,4.267,81.7,4.333
R02211,Commercial,US,North America,Men,18-29,Senior leader,1-2 years,Hybrid,5.0,3.667,4.333,4.0,5.0,4.4,85.0,3.667
R02212,Commercial,US,North America,Men,50-59,Individual contributor,3-5 years,Hybrid,3.0,3.333,3.0,2.667,4.0,3.2,55.0,3.333
R02213,Commercial,US,North America,Women,18-29,Individual contributor,3-5 years,Onsite,3.0,4.0,3.333,4.667,3.0,3.6,65.0,3.667
R02214,Commercial,US,North America,Men,18-29,Team lead,6-10 years,Onsite,3.667,2.333,3.667,2.333,3.667,3.133,53.3,3.667
R02218,Commercial,US,North America,Men,50-59,Individual contributor,3-5 years,Remote,4.667,3.333,1.667,2.0,2.333,2.8,45.0,3.333
R02220,Commercial,US,North America,Women,30-39,Individual contributor,1-2 years,Onsite,3.0,2.667,2.667,2.333,4.667,3.067,51.7,3.333
R02222,Commercial,US,North America,Men,30-39,Individual contributor,3-5 years,Onsite,3.333,3.0,3.667,3.333,4.0,3.467,61.7,3.333
R02223,Commercial,US,North America,Men,30-39,Manager,10 years +,Onsite,4.333,3.0,2.333,4.0,3.0,3.333,58.3,4.0
R02224,Commercial,US,North America,Men,18-29,Individual contributor,3-5 years,Onsite,2.0,3.333,3.667,3.333,2.667,3.0,50.0,2.333
R02226,Commercial,US,North America,Women,30-39,Individual contributor,3-5 years,Remote,4.333,4.0,2.333,3.333,2.0,3.2,55.0,2.667
R02229,Commercial,US,North America,Women,40-49,Individual contributor,< 1 year,Onsite,4.667,3.667,2.667,3.0,4.333,3.667,66.7,2.667
R02230,Commercial,US,North America,Men,18-29,Individual contributor,10 years +,Hybrid,2.333,4.0,2.667,1.667,3.667,2.867,46.7,2.667
R02232,Commercial,US,North America,Women,30-39,Individual contributor,1-2 years,Onsite,3.667,3.667,4.333,2.667,3.667,3.6,65.0,3.667
R02233,Commercial,US,North America,Women,40-49,Team lead,3-5 years,Hybrid,4.0,3.333,3.0,3.333,1.333,3.0,50.0,3.667
R02234,Commercial,US,North America,Non-binary / self-described,60+,Manager,6-10 years,Hybrid,3.667,3.333,2.0,2.0,4.667,3.133,53.3,1.667
R02235,Commercial,US,North America,Non-binary / self-described,50-59,Team lead,< 1 year,Hybrid,4.0,3.333,4.333,4.333,4.333,4.067,76.7,4.333
R02236,Commercial,US,North America,Women,60+,Individual contributor,6-10 years,Hybrid,3.667,3.333,4.0,3.667,2.667,3.467,61.7,3.0
R02237,Commercial,US,North America,Women,18-29,Manager,6-10 years,Hybrid,4.0,2.667,4.0,2.333,5.0,3.6,65.0,3.667
R02238,Commercial,US,North America,Women,50-59,Senior leader,1-2 years,Onsite,4.667,3.667,3.0,3.333,3.667,3.667,66.7,4.333
R02239,Commercial,US,North America,Men,40-49,Team lead,3-5 years,Hybrid,3.0,3.667,5.0,4.0,3.333,3.8,70.0,3.333
R02241,Commercial,US,North America,Men,30-39,Individual contributor,6-10 years,Hybrid,3.333,3.0,3.333,2.667,3.0,3.067,51.7,2.333
R02244,Commercial,US,North America,Non-binary / self-described,18-29,Individual contributor,6-10 years,Onsite,2.333,3.333,2.667,2.0,2.0,2.467,36.7,3.0
R02245,Commercial,US,North America,Women,30-39,Individual contributor,3-5 years,Hybrid,4.333,2.333,3.667,3.0,2.0,3.067,51.7,2.0
R02246,Commercial,US,North America,Women,50-59,Individual contributor,1-2 years,Hybrid,4.667,3.0,2.667,3.667,4.333,3.667,66.7,4.667
R02247,Commercial,US,North America,Men,30-39,Individual contributor,3-5 years,Onsite,3.667,2.667,2.667,3.0,2.333,2.867,46.7,2.333
R02248,Commercial,US,North America,Women,40-49,Individual contributor,< 1 year,Onsite,4.0,2.667,2.667,4.0,3.0,3.267,56.7,3.333
R02249,Commercial,US,North America,Non-binary / self-described,40-49,Individual contributor,1-2 years,Hybrid,2.333,3.667,2.667,3.0,3.333,3.0,50.0,3.0
R02251,Commercial,US,North America,Women,40-49,Manager,1-2 years,Hybrid,3.0,3.667,2.667,4.333,3.333,3.4,60.0,3.333
R02252,Commercial,US,North America,Men,30-39,Individual contributor,6-10 years,Onsite,4.0,3.0,4.0,3.333,2.0,3.267,56.7,2.667
R02253,Commercial,US,North America,Women,50-59,Manager,10 years +,Onsite,4.667,4.333,3.667,3.333,4.0,4.0,75.0,3.333
R02254,Commercial,US,North America,Men,50-59,Individual contributor,< 1 year,Onsite,4.333,3.333,3.667,1.667,4.0,3.4,60.0,3.333
R02255,Commercial,US,North America,Men,18-29,Team lead,6-10 years,Hybrid,3.333,2.667,4.0,2.0,4.0,3.2,55.0,4.0
R02256,Commercial,PL,EMEA,Men,30-39,Individual contributor,3-5 years,Onsite,4.0,1.667,4.0,3.667,4.0,3.467,61.7,3.333
R02257,Commercial,PL,EMEA,Women,30-39,Individual contributor,< 1 year,Onsite,4.667,2.0,3.0,1.667,2.667,2.8,45.0,2.333
R02258,Commercial,PL,EMEA,Men,50-59,Individual contributor,< 1 year,Onsite,4.0,3.333,4.333,4.667,4.667,4.2,80.0,5.0
R02259,Commercial,PL,EMEA,Men,40-49,Individual contributor,1-2 years,Onsite,4.667,4.0,4.333,3.667,4.0,4.133,78.3,3.667
R02260,Commercial,PL,EMEA,Non-binary / self-described,18-29,Individual contributor,3-5 years,Hybrid,5.0,3.667,2.667,1.333,3.0,3.133,53.3,4.667
R02261,Commercial,PL,EMEA,Men,30-39,Individual contributor,< 1 year,Onsite,4.0,5.0,3.333,3.667,4.667,4.133,78.3,4.667
R02262,Commercial,PL,EMEA,Non-binary / self-described,40-49,Team lead,< 1 year,Onsite,4.667,3.333,3.333,4.333,4.667,4.067,76.7,3.333
R02263,Commercial,PL,EMEA,Men,18-29,Individual contributor,1-2 years,Onsite,3.667,2.667,4.0,3.667,3.333,3.467,61.7,3.667
R02265,Commercial,PL,EMEA,Men,60+,Individual contributor,6-10 years,Remote,4.0,2.0,2.667,4.0,5.0,3.533,63.3,3.667
R02266,Commercial,PL,EMEA,Men,30-39,Individual contributor,1-2 years,Hybrid,3.0,3.333,2.0,3.0,5.0,3.267,56.7,4.667
R02268,Commercial,PL,EMEA,Women,50-59,Team lead,1-2 years,Onsite,4.667,3.333,2.333,3.667,5.0,3.8,70.0,2.667
R02270,Commercial,PL,EMEA,Men,50-59,Team lead,3-5 years,Onsite,3.667,4.667,3.333,4.333,5.0,4.2,80.0,3.333
R02271,Commercial,PL,EMEA,Men,50-59,Individual contributor,1-2 years,Hybrid,3.333,3.333,4.0,4.333,4.0,3.8,70.0,3.667
R02273,Commercial,PL,EMEA,Women,50-59,Manager,3-5 years,Onsite,4.333,4.667,3.667,4.333,4.0,4.2,80.0,5.0
R02274,Commercial,PL,EMEA,Men,50-59,Individual contributor,10 years +,Hybrid,5.0,4.0,4.333,3.0,4.333,4.133,78.3,5.0
R02276,Commercial,PL,EMEA,Women,40-49,Individual contributor,6-10 years,Hybrid,4.0,4.333,2.667,2.667,3.667,3.467,61.7,3.333
R02277,Commercial,PL,EMEA,Women,40-49,Team lead,3-5 years,Hybrid,4.333,2.333,3.667,4.0,2.333,3.333,58.3,4.0
R02279,Commercial,PL,EMEA,Men,30-39,Individual contributor,1-2 years,Hybrid,4.667,3.667,2.667,1.667,3.333,3.2,55.0,4.333
R02280,Commercial,PL,EMEA,Women,30-39,Individual contributor,6-10 years,Onsite,3.0,2.667,3.0,2.0,4.333,3.0,50.0,3.0
R02281,Commercial,PL,EMEA,Men,30-39,Individual contributor,1-2 years,Hybrid,4.667,3.0,2.333,3.0,3.0,3.2,55.0,3.0
R02283,Commercial,CA,North America,Women,50-59,Individual contributor,1-2 years,Onsite,3.333,3.667,3.0,2.0,3.333,3.067,51.7,3.0
R02285,Commercial,CA,North America,Women,18-29,Manager,1-2 years,Hybrid,5.0,4.667,3.667,3.667,4.333,4.267,81.7,5.0
R02288,Commercial,CA,North America,Women,30-39,Senior leader,< 1 year,Hybrid,3.333,3.667,3.333,4.333,3.333,3.6,65.0,4.0
R02289,Commercial,CA,North America,Men,40-49,Individual contributor,6-10 years,Hybrid,3.667,4.0,2.667,2.0,2.0,2.867,46.7,4.333
R02290,Commercial,CA,North America,Non-binary / self-described,18-29,Individual contributor,10 years +,Onsite,2.667,2.333,2.333,3.667,2.667,2.733,43.3,3.333
R02292,Commercial,CA,North America,Women,30-39,Individual contributor,6-10 years,Hybrid,4.0,1.667,3.0,3.0,2.333,2.8,45.0,3.667
R02293,Commercial,CA,North America,Men,18-29,Manager,< 1 year,Onsite,4.0,3.0,3.333,3.667,4.0,3.6,65.0,4.0
R02294,Commercial,CA,North America,Women,18-29,Individual contributor,6-10 years,Hybrid,2.333,3.667,2.333,1.0,4.667,2.8,45.0,3.0
R02295,Commercial,CA,North America,Men,18-29,Manager,1-2 years,Onsite,2.667,4.0,3.333,2.0,5.0,3.4,60.0,3.667
R02296,Commercial,CA,North America,Women,30-39,Individual contributor,6-10 years,Onsite,3.333,3.667,4.0,3.667,1.333,3.2,55.0,3.667
R02298,Commercial,CA,North America,Women,40-49,Individual contributor,6-10 years,Hybrid,3.333,2.333,2.333,2.333,2.667,2.6,40.0,3.0
R02299,Commercial,CA,North America,Women,30-39,Individual contributor,1-2 years,Hybrid,4.0,4.667,2.667,3.333,4.333,3.8,70.0,3.667
R02301,Commercial,CA,North America,Men,18-29,Individual contributor,3-5 years,Hybrid,4.0,4.0,3.333,2.0,3.333,3.333,58.3,4.0
R02302,Commercial,CA,North America,Women,30-39,Individual contributor,3-5 years,Onsite,4.333,3.667,2.333,3.0,3.667,3.4,60.0,3.667
R02303,Commercial,CA,North America,Men,50-59,Individual contributor,10 years +,Hybrid,4.667,3.0,3.667,3.667,2.667,3.533,63.3,3.0
R02304,Commercial,CA,North America,Men,30-39,Individual contributor,< 1 year,Onsite,4.0,4.0,3.333,3.0,5.0,3.867,71.7,5.0
R02305,Commercial,CA,North America,Men,40-49,Individual contributor,3-5 years,Onsite,4.0,3.333,3.333,3.0,2.667,3.267,56.7,2.333
R02306,Commercial,CA,North America,Men,60+,Individual contributor,< 1 year,Hybrid,4.333,3.0,3.667,2.333,3.667,3.4,60.0,4.0
R02307,Commercial,CA,North America,Women,40-49,Individual contributor,3-5 years,Remote,3.333,3.0,1.667,4.0,3.333,3.067,51.7,3.333
R02308,Commercial,CA,North America,Men,40-49,Individual contributor,3-5 years,Hybrid,3.0,4.667,2.667,3.0,3.333,3.333,58.3,3.0
R02309,Commercial,CA,North America,Men,18-29,Individual contributor,3-5 years,Onsite,4.667,3.333,2.333,1.667,3.0,3.0,50.0,3.667
R02310,Commercial,IN,APAC,Women,40-49,Individual contributor,1-2 years,Onsite,4.0,3.0,4.333,3.333,4.333,3.8,70.0,4.0
R02313,Commercial,IN,APAC,Men,30-39,Individual contributor,3-5 years,Hybrid,4.333,3.0,3.333,3.333,3.0,3.4,60.0,3.333
R02314,Commercial,IN,APAC,Men,50-59,Team lead,10 years +,Hybrid,5.0,3.333,4.0,3.667,4.667,4.133,78.3,4.333
R02315,Commercial,IN,APAC,Women,40-49,Individual contributor,6-10 years,Onsite,3.667,3.333,4.667,2.333,4.333,3.667,66.7,3.333
R02317,Commercial,IN,APAC,Non-binary / self-described,50-59,Individual contributor,1-2 years,Hybrid,4.667,4.667,4.0,2.0,5.0,4.067,76.7,5.0
R02318,Commercial,US,North America,Women,50-59,Manager,3-5 years,Onsite,4.333,2.0,2.667,2.667,4.333,3.2,55.0,3.667
R02319,Commercial,US,North America,Men,50-59,Individual contributor,3-5 years,Hybrid,4.0,2.333,3.0,3.333,2.667,3.067,51.7,3.667
R02320,Commercial,US,North America,Men,18-29,Manager,10 years +,Onsite,3.0,4.667,3.333,3.667,3.667,3.667,66.7,4.333
R02322,Commercial,US,North America,Men,30-39,Individual contributor,6-10 years,Onsite,3.0,2.333,4.0,3.667,2.0,3.0,50.0,2.333
R02323,Commercial,US,North America,Non-binary / self-described,30-39,Individual contributor,3-5 years,Hybrid,3.333,4.0,5.0,4.0,3.667,4.0,75.0,3.333
R02324,Commercial,US,North America,Men,30-39,Manager,6-10 years,Hybrid,1.667,3.667,4.333,2.333,4.333,3.267,56.7,4.333
R02325,Commercial,US,North America,Men,40-49,Individual contributor,< 1 year,Onsite,4.333,3.667,3.333,3.667,2.667,3.533,63.3,3.0
R02326,Commercial,US,North America,Women,40-49,Manager,< 1 year,Hybrid,3.333,4.0,4.667,5.0,3.667,4.133,78.3,4.0
R02327,Commercial,US,North America,Women,18-29,Individual contributor,3-5 years,Onsite,3.0,4.0,2.0,4.0,2.667,3.133,53.3,2.667
R02328,Commercial,US,North America,Men,30-39,Individual contributor,< 1 year,Onsite,5.0,4.0,3.667,3.667,3.333,3.933,73.3,4.0
R02329,Commercial,US,North America,Women,60+,Individual contributor,1-2 years,Hybrid,3.0,3.667,3.667,3.667,3.667,3.533,63.3,2.0
R02330,Commercial,US,North America,Women,30-39,Individual contributor,10 years +,Onsite,3.667,3.333,3.333,3.0,3.333,3.333,58.3,4.0
R02333,Commercial,US,North America,Women,50-59,Manager,1-2 years,Onsite,4.333,2.333,4.667,4.333,4.667,4.067,76.7,5.0
R02334,Commercial,US,North America,Men,40-49,Team lead,1-2 years,Hybrid,4.333,3.0,3.0,3.667,3.0,3.4,60.0,3.0
R02335,Commercial,US,North America,Men,50-59,Individual contributor,1-2 years,Onsite,4.333,5.0,3.667,2.0,4.0,3.8,70.0,3.667
R02337,Commercial,US,North America,Women,50-59,Manager,3-5 years,Onsite,4.333,3.0,2.0,3.0,2.0,2.867,46.7,3.667
R02339,Commercial,US,North America,Non-binary / self-described,18-29,Team lead,3-5 years,Hybrid,3.667,2.0,2.333,3.0,3.0,2.8,45.0,3.333
R02340,Commercial,US,North America,Women,30-39,Individual contributor,< 1 year,Onsite,4.0,5.0,3.333,3.333,2.0,3.533,63.3,3.667
R02341,Commercial,US,North America,Men,60+,Individual contributor,3-5 years,Remote,3.333,4.0,5.0,4.0,2.667,3.8,70.0,3.667
R02343,Commercial,US,North America,Women,50-59,Team lead,6-10 years,Hybrid,4.0,4.667,3.667,3.0,3.333,3.733,68.3,3.667
R02344,Commercial,US,North America,Men,60+,Individual contributor,3-5 years,Hybrid,2.667,3.667,4.0,3.667,3.333,3.467,61.7,3.667
R02345,Commercial,US,North America,Men,30-39,Individual contributor,1-2 years,Onsite,4.0,4.667,3.667,4.333,3.0,3.933,73.3,3.667
R02346,Commercial,US,North America,Men,30-39,Senior leader,10 years +,Hybrid,5.0,3.0,5.0,2.333,4.333,3.933,73.3,4.0
R02349,Commercial,US,North America,Women,18-29,Individual contributor,< 1 year,Onsite,3.667,4.333,4.0,2.667,4.0,3.733,68.3,2.667
R02350,Commercial,IN,APAC,Men,50-59,Team lead,10 years +,Onsite,4.667,4.0,5.0,2.333,3.667,3.933,73.3,2.667
R02351,Commercial,IN,APAC,Non-binary / self-described,30-39,Individual contributor,10 years +,Onsite,4.0,3.333,2.667,3.667,2.333,3.2,55.0,4.0
R02353,Commercial,IN,APAC,Men,40-49,Individual contributor,1-2 years,Onsite,2.667,5.0,3.667,3.333,4.333,3.8,70.0,3.333
R02354,Commercial,IN,APAC,Women,30-39,Individual contributor,6-10 years,Onsite,4.667,4.0,3.0,2.333,2.333,3.267,56.7,3.667
R02355,Commercial,IN,APAC,Men,40-49,Individual contributor,1-2 years,Hybrid,4.333,3.667,3.667,4.333,4.333,4.067,76.7,4.333
R02356,Commercial,IN,APAC,Men,30-39,Individual contributor,1-2 years,Onsite,3.667,3.0,3.0,2.667,3.333,3.133,53.3,4.667
R02358,Commercial,IN,APAC,Women,30-39,Individual contributor,3-5 years,Hybrid,3.333,3.667,2.333,2.667,3.333,3.067,51.7,3.0
R02359,Commercial,IN,APAC,Women,40-49,Team lead,3-5 years,Onsite,3.333,3.0,2.0,3.0,4.0,3.067,51.7,3.333
R02360,Commercial,IN,APAC,Men,40-49,Individual contributor,10 years +,Onsite,2.667,4.667,3.333,3.667,2.333,3.333,58.3,3.0
R02364,Commercial,IN,APAC,Women,30-39,Individual contributor,6-10 years,Remote,4.0,3.667,2.333,4.0,4.333,3.667,66.7,3.667
R02365,Commercial,IN,APAC,Women,50-59,Individual contributor,3-5 years,Hybrid,2.667,3.667,3.667,3.333,4.0,3.467,61.7,4.333
R02367,Commercial,IN,APAC,Men,40-49,Individual contributor,< 1 year,Onsite,4.0,4.0,3.333,2.0,3.333,3.333,58.3,3.333
R02368,Commercial,IN,APAC,Men,18-29,Individual contributor,1-2 years,Onsite,4.667,3.667,3.333,2.667,3.0,3.467,61.7,3.333
R02369,Commercial,IN,APAC,Men,18-29,Team lead,< 1 year,Onsite,4.667,2.333,3.667,3.0,2.667,3.267,56.7,3.667
R02370,Commercial,IN,APAC,Men,30-39,Team lead,< 1 year,Onsite,4.667,3.0,3.333,1.667,3.0,3.133,53.3,3.333
R02371,Commercial,IN,APAC,Men,30-39,Individual contributor,3-5 years,Remote,4.333,3.333,3.667,2.0,2.333,3.133,53.3,3.333
R02372,Commercial,IN,APAC,Men,50-59,Individual contributor,1-2 years,Hybrid,4.0,3.333,3.667,3.0,3.0,3.4,60.0,3.333
R02373,Commercial,IN,APAC,Women,18-29,Individual contributor,< 1 year,Remote,3.333,4.0,3.333,2.333,3.333,3.267,56.7,2.667
R02374,Commercial,IN,APAC,Women,30-39,Manager,3-5 years,Hybrid,5.0,4.0,3.333,4.0,4.667,4.2,80.0,5.0
R02375,Commercial,IN,APAC,Women,40-49,Individual contributor,6-10 years,Onsite,2.0,4.0,3.333,4.0,3.667,3.4,60.0,3.333
R02376,Commercial,IN,APAC,Women,40-49,Individual contributor,< 1 year,Remote,4.333,3.333,4.0,2.0,4.333,3.6,65.0,2.667
R02377,Commercial,IN,APAC,Men,40-49,Individual contributor,1-2 years,Hybrid,4.333,4.667,3.333,2.667,3.0,3.6,65.0,3.0
R02378,Commercial,IN,APAC,Non-binary / self-described,30-39,Individual contributor,3-5 years,Remote,2.333,3.333,3.0,2.333,3.333,2.867,46.7,2.667
R02379,Commercial,IN,APAC,Women,40-49,Individual contributor,3-5 years,Onsite,3.667,2.333,3.667,3.0,4.0,3.333,58.3,3.0
R02381,Commercial,US,North America,Women,40-49,Individual contributor,1-2 years,Onsite,5.0,4.667,5.0,4.667,5.0,4.867,96.7,4.667
R02382,Commercial,US,North America,Women,40-49,Individual contributor,1-2 years,Onsite,5.0,5.0,4.0,5.0,5.0,4.8,95.0,5.0
R02384,Commercial,US,North America,Men,50-59,Individual contributor,1-2 years,Hybrid,4.667,4.333,3.667,2.667,5.0,4.067,76.7,5.0
R02385,Commercial,US,North America,Women,30-39,Team lead,3-5 years,Hybrid,4.667,3.0,4.0,4.0,4.667,4.067,76.7,4.667
R02386,Commercial,US,North America,Men,30-39,Individual contributor,1-2 years,Onsite,5.0,3.667,4.333,5.0,4.0,4.4,85.0,4.667
R02387,Commercial,US,North America,Men,18-29,Individual contributor,< 1 year,Remote,4.0,4.0,4.0,3.333,4.667,4.0,75.0,3.667
R02388,Commercial,US,North America,Women,30-39,Manager,1-2 years,Hybrid,5.0,4.667,5.0,5.0,5.0,4.933,98.3,5.0
R02389,Commercial,US,North America,Men,30-39,Individual contributor,< 1 year,Remote,5.0,4.667,4.667,3.333,3.667,4.267,81.7,4.333
R02390,Commercial,US,North America,Women,30-39,Individual contributor,6-10 years,Hybrid,3.667,3.0,3.667,3.667,4.667,3.733,68.3,4.333
R02391,Commercial,US,North America,Women,30-39,Team lead,3-5 years,Onsite,5.0,3.333,4.667,5.0,4.667,4.533,88.3,5.0
R02392,Commercial,US,North America,Women,40-49,Individual contributor,6-10 years,Hybrid,4.667,4.667,5.0,4.0,3.333,4.333,83.3,4.667
R02393,Commercial,US,North America,Men,30-39,Individual contributor,< 1 year,Onsite,4.667,4.0,5.0,2.667,5.0,4.267,81.7,4.667
R02394,Commercial,US,North America,Men,30-39,Individual contributor,3-5 years,Hybrid,4.667,4.333,4.667,4.333,5.0,4.6,90.0,3.333
R02395,Commercial,US,North America,Men,30-39,Individual contributor,1-2 years,Hybrid,4.333,4.0,4.667,5.0,5.0,4.6,90.0,4.667
R02396,Commercial,US,North America,Men,30-39,Individual contributor,1-2 years,Hybrid,5.0,4.333,4.333,3.0,4.333,4.2,80.0,3.667
R02399,Commercial,DE,EMEA,Men,40-49,Individual contributor,< 1 year,Onsite,4.0,3.667,4.0,5.0,4.333,4.2,80.0,3.333
R02403,Commercial,DE,EMEA,Men,40-49,Individual contributor,3-5 years,Onsite,4.0,4.0,4.0,4.667,2.333,3.8,70.0,3.667
R02404,Commercial,DE,EMEA,Women,30-39,Team lead,1-2 years,Onsite,4.333,3.0,2.667,3.667,3.667,3.467,61.7,4.333
R02405,Commercial,DE,EMEA,Women,30-39,Manager,1-2 years,Onsite,3.667,2.333,3.667,3.667,4.0,3.467,61.7,3.333
R02407,Commercial,DE,EMEA,Non-binary / self-described,18-29,Individual contributor,3-5 years,Hybrid,3.667,4.0,3.667,3.667,2.667,3.533,63.3,3.333
R02408,Commercial,DE,EMEA,Men,40-49,Individual contributor,3-5 years,Remote,4.0,3.667,3.333,3.667,3.333,3.6,65.0,4.0
R02409,Commercial,DE,EMEA,Women,30-39,Team lead,1-2 years,Remote,4.667,5.0,4.333,2.333,4.0,4.067,76.7,4.667
R02410,Commercial,DE,EMEA,Non-binary / self-described,60+,Team lead,1-2 years,Hybrid,3.333,5.0,3.333,2.667,3.333,3.533,63.3,4.0
R02411,Commercial,DE,EMEA,Women,18-29,Individual contributor,6-10 years,Onsite,3.667,3.667,2.667,3.0,4.0,3.4,60.0,3.0
R02412,Commercial,DE,EMEA,Women,40-49,Team lead,6-10 years,Remote,3.0,4.333,3.667,3.0,3.667,3.533,63.3,3.333
R02413,Commercial,DE,EMEA,Men,18-29,Individual contributor,10 years +,Hybrid,3.667,2.333,1.0,3.0,2.667,2.533,38.3,3.0
R02414,Commercial,DE,EMEA,Women,60+,Individual contributor,3-5 years,Hybrid,3.667,4.0,3.667,2.0,3.667,3.4,60.0,2.0
R02415,Commercial,DE,EMEA,Men,30-39,Individual contributor,< 1 year,Hybrid,3.333,5.0,3.0,3.333,4.0,3.733,68.3,4.667
R02417,Commercial,DE,EMEA,Women,30-39,Individual contributor,3-5 years,Onsite,3.667,4.333,2.667,4.0,3.667,3.667,66.7,1.667
R02418,Commercial,DE,EMEA,Women,30-39,Manager,3-5 years,Onsite,4.333,4.667,3.667,3.0,4.0,3.933,73.3,5.0
R02419,Commercial,DE,EMEA,Women,30-39,Manager,1-2 years,Hybrid,4.0,4.0,4.0,3.333,3.667,3.8,70.0,4.0
R02422,Commercial,DE,EMEA,Women,30-39,Individual contributor,3-5 years,Hybrid,3.333,4.667,4.667,4.0,3.0,3.933,73.3,3.667
R02423,Commercial,DE,EMEA,Women,40-49,Individual contributor,3-5 years,Remote,5.0,4.667,4.0,3.333,3.0,4.0,75.0,4.333
R02425,Commercial,US,North America,Women,60+,Individual contributor,3-5 years,Onsite,3.667,4.333,5.0,5.0,3.667,4.333,83.3,4.0
R02427,Commercial,US,North America,Women,40-49,Individual contributor,1-2 years,Remote,4.0,3.333,4.0,4.0,4.667,4.0,75.0,3.667
R02428,Commercial,US,North America,Women,30-39,Individual contributor,< 1 year,Onsite,3.0,5.0,4.333,3.667,5.0,4.2,80.0,5.0
R02429,Commercial,US,North America,Men,30-39,Individual contributor,1-2 years,Onsite,4.667,3.333,3.667,2.333,4.0,3.6,65.0,3.667
R02431,Commercial,US,North America,Women,18-29,Team lead,10 years +,Onsite,5.0,4.333,3.667,3.667,3.333,4.0,75.0,3.667
R02432,Commercial,US,North America,Men,40-49,Individual contributor,3-5 years,Hybrid,5.0,4.0,3.0,4.333,4.667,4.2,80.0,4.333
R02433,Commercial,US,North America,Men,40-49,Senior leader,3-5 years,Onsite,4.667,4.667,5.0,4.333,4.667,4.667,91.7,4.333
R02434,Commercial,US,North America,Non-binary / self-described,18-29,Individual contributor,< 1 year,Onsite,4.0,3.667,2.667,2.667,4.333,3.467,61.7,3.667
R02435,Commercial,US,North America,Women,50-59,Individual contributor,3-5 years,Onsite,3.333,3.333,4.333,4.667,4.333,4.0,75.0,2.0
R02437,Commercial,US,North America,Women,18-29,Individual contributor,6-10 years,Onsite,4.333,4.667,4.333,3.333,4.667,4.267,81.7,3.0
R02439,Commercial,US,North America,Women,40-49,Individual contributor,< 1 year,Hybrid,4.667,4.667,3.333,5.0,5.0,4.533,88.3,5.0
R02440,Commercial,US,North America,Men,50-59,Individual contributor,10 years +,Onsite,3.667,4.333,4.667,3.333,4.333,4.067,76.7,4.667
R02441,Commercial,US,North America,Women,40-49,Team lead,3-5 years,Hybrid,4.333,3.333,3.333,1.667,4.667,3.467,61.7,3.667
R02442,Commercial,US,North America,Men,18-29,Individual contributor,6-10 years,Hybrid,4.667,3.667,3.667,3.667,4.667,4.067,76.7,4.667
R02443,Commercial,US,North America,Men,30-39,Individual contributor,< 1 year,Onsite,5.0,2.667,4.333,4.0,3.667,3.933,73.3,3.333
R02444,Commercial,US,North America,Men,30-39,Individual contributor,3-5 years,Onsite,4.333,5.0,3.333,2.667,3.667,3.8,70.0,2.667
R02445,Commercial,US,North America,Non-binary / self-described,50-59,Team lead,3-5 years,Hybrid,4.333,4.0,4.667,3.667,3.667,4.067,76.7,4.0
R02446,Commercial,US,North America,Women,50-59,Individual contributor,10 years +,Onsite,5.0,3.667,4.333,3.667,4.333,4.2,80.0,4.667
R02447,Commercial,US,North America,Men,30-39,Individual contributor,1-2 years,Hybrid,5.0,4.333,5.0,2.667,4.667,4.333,83.3,4.333
R02448,Commercial,US,North America,Women,50-59,Individual contributor,3-5 years,Onsite,4.0,3.0,4.333,2.667,4.667,3.733,68.3,4.333
R02449,Commercial,US,North America,Women,18-29,Individual contributor,3-5 years,Onsite,4.667,3.0,4.333,3.333,5.0,4.067,76.7,4.0
R02450,Commercial,US,North America,Men,30-39,Team lead,1-2 years,Hybrid,4.667,3.667,3.333,3.667,5.0,4.067,76.7,3.667
R02451,Commercial,US,North America,Men,30-39,Team lead,6-10 years,Onsite,5.0,3.667,4.0,4.0,4.667,4.267,81.7,4.0
R02452,Commercial,US,North America,Men,30-39,Individual contributor,< 1 year,Onsite,4.333,5.0,4.667,4.667,5.0,4.733,93.3,4.0
R02454,Commercial,DE,EMEA,Men,30-39,Team lead,3-5 years,Remote,4.0,5.0,2.333,3.333,3.667,3.667,66.7,3.667
R02455,Commercial,DE,EMEA,Non-binary / self-described,30-39,Individual contributor,6-10 years,Hybrid,4.0,3.667,4.0,3.333,3.0,3.6,65.0,4.667
R02456,Commercial,DE,EMEA,Women,50-59,Individual contributor,1-2 years,Onsite,4.0,3.333,3.333,2.667,2.667,3.2,55.0,2.667
R02457,Commercial,DE,EMEA,Women,30-39,Individual contributor,6-10 years,Onsite,4.333,3.667,3.0,3.0,4.0,3.6,65.0,3.333
R02458,Commercial,DE,EMEA,Women,30-39,Individual contributor,3-5 years,Onsite,4.333,4.0,3.0,2.667,4.333,3.667,66.7,3.667
R02460,Commercial,DE,EMEA,Men,30-39,Individual contributor,6-10 years,Onsite,3.0,3.333,3.667,4.333,3.667,3.6,65.0,4.333
R02461,Commercial,DE,EMEA,Women,18-29,Manager,3-5 years,Onsite,4.333,4.0,3.667,3.667,4.333,4.0,75.0,4.667
R02463,Commercial,DE,EMEA,Women,50-59,Individual contributor,1-2 years,Onsite,4.667,2.333,4.667,2.667,4.0,3.667,66.7,5.0
R02465,Commercial,DE,EMEA,Men,18-29,Senior leader,6-10 years,Onsite,4.333,4.0,4.667,4.667,3.333,4.2,80.0,4.667
R02466,Commercial,DE,EMEA,Women,40-49,Individual contributor,3-5 years,Onsite,3.333,3.667,3.667,2.667,4.0,3.467,61.7,2.667
R02467,Commercial,DE,EMEA,Women,30-39,Individual contributor,1-2 years,Hybrid,4.0,3.333,4.0,3.333,4.333,3.8,70.0,3.0
R02468,Commercial,DE,EMEA,Women,18-29,Individual contributor,6-10 years,Remote,4.333,2.667,2.667,3.333,3.0,3.2,55.0,2.667
R02469,Commercial,DE,EMEA,Women,50-59,Individual contributor,1-2 years,Onsite,4.667,3.667,3.333,3.0,4.667,3.867,71.7,4.667
R02470,Commercial,DE,EMEA,Women,18-29,Team lead,3-5 years,Onsite,5.0,5.0,2.0,2.667,2.333,3.4,60.0,4.0
R02471,Commercial,DE,EMEA,Men,30-39,Individual contributor,< 1 year,Remote,4.667,3.333,3.667,3.667,3.667,3.8,70.0,2.667
R02472,Commercial,DE,EMEA,Men,40-49,Individual contributor,1-2 years,Hybrid,4.667,4.0,4.0,4.333,4.667,4.333,83.3,4.333
R02473,Commercial,DE,EMEA,Women,40-49,Manager,3-5 years,Onsite,4.0,3.667,3.667,3.333,3.667,3.667,66.7,3.667
R02474,Commercial,DE,EMEA,Men,18-29,Team lead,< 1 year,Onsite,4.667,3.667,5.0,2.0,4.0,3.867,71.7,3.0
R02475,Commercial,DE,EMEA,Men,30-39,Manager,1-2 years,Onsite,4.0,5.0,4.0,4.333,3.667,4.2,80.0,4.333
R02476,Commercial,DE,EMEA,Women,30-39,Individual contributor,1-2 years,Onsite,4.667,3.667,3.667,4.333,3.667,4.0,75.0,3.333
R02477,Commercial,DE,EMEA,Women,40-49,Individual contributor,1-2 years,Onsite,3.667,4.0,3.667,3.667,3.667,3.733,68.3,4.0
R02478,Commercial,DE,EMEA,Women,30-39,Individual contributor,1-2 years,Onsite,4.0,2.667,3.333,3.0,3.667,3.333,58.3,3.333
R02479,Commercial,DE,EMEA,Women,50-59,Individual contributor,10 years +,Remote,5.0,4.333,3.333,3.667,4.333,4.133,78.3,4.0
R02481,Commercial,DE,EMEA,Women,50-59,Individual contributor,< 1 year,Hybrid,4.667,4.333,4.333,3.667,4.333,4.267,81.7,4.667
R02482,Commercial,DE,EMEA,Women,40-49,Individual contributor,6-10 years,Onsite,2.0,4.333,2.0,3.0,3.333,2.933,48.3,4.0
R02483,Commercial,DE,EMEA,Men,30-39,Individual contributor,1-2 years,Hybrid,3.333,3.667,2.333,2.0,3.333,2.933,48.3,4.333
R02484,Commercial,DE,EMEA,Men,40-49,Team lead,10 years +,Hybrid,3.333,2.333,3.333,4.333,2.333,3.133,53.3,3.0
R02486,Commercial,DE,EMEA,Women,30-39,Individual contributor,1-2 years,Hybrid,4.333,3.0,4.667,2.667,3.0,3.533,63.3,3.333
R02487,Commercial,DE,EMEA,Non-binary / self-described,30-39,Individual contributor,< 1 year,Hybrid,3.333,2.0,3.333,3.667,4.0,3.267,56.7,3.667
R02488,Commercial,US,North America,Women,18-29,Manager,< 1 year,Onsite,3.333,3.667,4.0,3.0,4.667,3.733,68.3,4.0
R02489,Commercial,US,North America,Men,50-59,Team lead,1-2 years,Hybrid,4.0,4.667,2.667,3.0,3.667,3.6,65.0,4.0
R02490,Commercial,US,North America,Men,30-39,Individual contributor,3-5 years,Hybrid,4.333,3.333,3.0,3.0,4.333,3.6,65.0,3.667
R02491,Commercial,US,North America,Women,30-39,Individual contributor,3-5 years,Hybrid,3.333,1.0,3.0,2.0,3.0,2.467,36.7,4.333
R02492,Commercial,US,North America,Non-binary / self-described,40-49,Individual contributor,1-2 years,Hybrid,3.667,2.333,4.0,3.667,4.0,3.533,63.3,3.333
R02493,Commercial,US,North America,Women,40-49,Individual contributor,10 years +,Hybrid,4.0,2.333,4.333,2.667,2.667,3.2,55.0,2.333
R02495,Commercial,US,North America,Women,40-49,Individual contributor,10 years +,Onsite,2.667,3.333,3.333,2.333,3.667,3.067,51.7,2.333
R02497,Commercial,US,North America,Men,30-39,Individual contributor,1-2 years,Onsite,3.333,5.0,4.333,3.0,2.667,3.667,66.7,4.0
R02498,Commercial,US,North America,Men,30-39,Individual contributor,3-5 years,Hybrid,2.667,4.333,2.667,4.0,2.667,3.267,56.7,4.0
R02499,Commercial,US,North America,Women,40-49,Individual contributor,10 years +,Onsite,5.0,3.333,2.667,3.667,3.0,3.533,63.3,3.667
R02500,Commercial,US,North America,Men,30-39,Individual contributor,6-10 years,Onsite,4.333,3.0,2.667,2.333,3.667,3.2,55.0,4.333
R02501,Commercial,US,North America,Men,18-29,Individual contributor,< 1 year,Hybrid,2.667,4.0,4.0,3.0,3.0,3.333,58.3,3.0
R02503,Commercial,US,North America,Women,40-49,Team lead,3-5 years,Onsite,4.333,2.667,3.333,2.333,4.667,3.467,61.7,2.0
R02504,Commercial,US,North America,Women,18-29,Individual contributor,6-10 years,Onsite,3.667,3.333,3.0,2.0,2.333,2.867,46.7,3.0
R02505,Commercial,US,North America,Men,18-29,Individual contributor,6-10 years,Remote,3.0,3.333,1.667,3.667,2.333,2.8,45.0,3.667
R02507,Commercial,PL,EMEA,Men,40-49,Individual contributor,10 years +,Hybrid,5.0,2.333,2.667,4.667,4.0,3.733,68.3,4.0
R02508,Commercial,PL,EMEA,Men,18-29,Individual contributor,3-5 years,Onsite,5.0,3.333,3.333,3.667,3.667,3.8,70.0,4.0
R02509,Commercial,PL,EMEA,Men,50-59,Team lead,< 1 year,Hybrid,4.333,4.667,3.667,2.667,4.0,3.867,71.7,3.333
R02510,Commercial,PL,EMEA,Men,50-59,Individual contributor,< 1 year,Onsite,4.0,4.667,3.0,3.667,4.0,3.867,71.7,3.333
R02511,Commercial,PL,EMEA,Men,30-39,Individual contributor,3-5 years,Onsite,4.667,3.0,4.0,4.333,5.0,4.2,80.0,4.333
R02512,Commercial,PL,EMEA,Women,18-29,Individual contributor,6-10 years,Onsite,3.667,2.333,2.0,2.333,3.0,2.667,41.7,2.333
R02513,Commercial,PL,EMEA,Women,40-49,Individual contributor,< 1 year,Hybrid,5.0,4.0,3.333,3.333,3.333,3.8,70.0,4.0
R02515,Commercial,PL,EMEA,Men,40-49,Individual contributor,1-2 years,Remote,4.667,4.333,4.333,2.667,3.333,3.867,71.7,5.0
R02516,Commercial,PL,EMEA,Women,30-39,Team lead,3-5 years,Onsite,3.333,4.667,4.0,3.667,3.0,3.733,68.3,4.667
R02517,Commercial,PL,EMEA,Women,30-39,Individual contributor,< 1 year,Hybrid,4.333,4.0,4.0,3.667,3.333,3.867,71.7,4.333
R02518,Commercial,PL,EMEA,Men,40-49,Team lead,6-10 years,Onsite,5.0,3.0,4.0,4.0,4.0,4.0,75.0,3.667
R02519,Commercial,PL,EMEA,Men,40-49,Individual contributor,< 1 year,Onsite,5.0,4.333,4.0,4.0,3.0,4.067,76.7,3.333
R02520,Commercial,PL,EMEA,Men,30-39,Individual contributor,1-2 years,Hybrid,4.667,4.667,4.333,3.0,4.0,4.133,78.3,4.333
R02521,Commercial,PL,EMEA,Men,40-49,Team lead,3-5 years,Onsite,4.667,4.667,3.667,2.667,5.0,4.133,78.3,4.333
R02522,Commercial,PL,EMEA,Women,40-49,Individual contributor,10 years +,Hybrid,2.667,3.333,3.0,3.667,3.0,3.133,53.3,2.333
R02523,Commercial,PL,EMEA,Men,18-29,Individual contributor,3-5 years,Onsite,4.667,3.667,3.667,3.667,3.333,3.8,70.0,4.0
R02524,Commercial,PL,EMEA,Men,60+,Individual contributor,< 1 year,Onsite,5.0,4.667,2.333,3.333,4.0,3.867,71.7,3.667
R02526,Commercial,PL,EMEA,Women,40-49,Individual contributor,6-10 years,Remote,4.333,4.333,2.333,4.667,3.333,3.8,70.0,3.0
R02527,Commercial,PL,EMEA,Men,18-29,Individual contributor,6-10 years,Hybrid,4.333,3.333,1.667,2.667,3.667,3.133,53.3,3.667
R02528,Commercial,PL,EMEA,Men,50-59,Individual contributor,10 years +,Onsite,5.0,3.667,5.0,3.333,4.333,4.267,81.7,4.0
R02529,Commercial,PL,EMEA,Women,40-49,Individual contributor,3-5 years,Remote,2.333,4.667,2.667,2.667,3.667,3.2,55.0,3.333
R02530,Commercial,PL,EMEA,Men,40-49,Individual contributor,< 1 year,Hybrid,4.333,3.333,3.333,4.333,3.0,3.667,66.7,3.667
R02531,Commercial,PL,EMEA,Women,50-59,Individual contributor,3-5 years,Remote,3.667,4.0,4.0,2.333,4.0,3.6,65.0,2.667
R02532,Commercial,CA,North America,Men,50-59,Individual contributor,6-10 years,Hybrid,4.0,2.333,4.333,4.667,4.333,3.933,73.3,4.0
R02533,Commercial,CA,North America,Men,40-49,Individual contributor,10 years +,Hybrid,5.0,3.667,2.667,3.667,4.333,3.867,71.7,3.333
R02534,Commercial,CA,North America,Women,30-39,Team lead,10 years +,Onsite,5.0,4.333,3.667,3.0,4.0,4.0,75.0,3.333
R02535,Commercial,CA,North America,Women,30-39,Manager,< 1 year,Hybrid,3.667,4.333,5.0,3.0,5.0,4.2,80.0,5.0
R02536,Commercial,CA,North America,Women,30-39,Individual contributor,< 1 year,Hybrid,4.667,3.667,3.667,4.333,4.0,4.067,76.7,4.0
R02537,Commercial,CA,North America,Women,30-39,Team lead,1-2 years,Remote,3.333,4.333,4.333,4.333,4.333,4.133,78.3,3.333
R02538,Commercial,CA,North America,Women,30-39,Team lead,3-5 years,Onsite,2.0,4.333,3.333,4.0,4.333,3.6,65.0,3.333
R02539,Commercial,CA,North America,Women,18-29,Individual contributor,< 1 year,Onsite,5.0,4.333,4.0,2.667,3.667,3.933,73.3,3.667
R02540,Commercial,CA,North America,Non-binary / self-described,40-49,Individual contributor,6-10 years,Hybrid,3.0,3.0,3.333,2.667,3.0,3.0,50.0,3.667
R02541,Commercial,CA,North America,Men,30-39,Manager,< 1 year,Remote,5.0,4.0,3.667,3.0,5.0,4.133,78.3,3.667
R02542,Commercial,CA,North America,Women,40-49,Individual contributor,1-2 years,Onsite,4.667,2.667,3.667,4.0,4.0,3.8,70.0,3.333
R02543,Commercial,CA,North America,Men,30-39,Individual contributor,1-2 years,Hybrid,4.0,3.0,5.0,3.333,3.0,3.667,66.7,3.333
R02544,Commercial,CA,North America,Women,30-39,Individual contributor,6-10 years,Hybrid,4.0,4.667,3.333,2.667,3.0,3.533,63.3,3.333
R02545,Commercial,CA,North America,Women,30-39,Team lead,6-10 years,Hybrid,4.333,3.0,4.0,3.333,3.333,3.6,65.0,4.0
R02546,Commercial,CA,North America,Women,30-39,Team lead,3-5 years,Remote,4.0,3.667,2.667,2.667,4.0,3.4,60.0,4.0
R02547,Commercial,CA,North America,Women,50-59,Team lead,6-10 years,Onsite,4.0,3.667,3.333,3.667,3.0,3.533,63.3,3.333
R02548,Commercial,CA,North America,Men,30-39,Individual contributor,1-2 years,Hybrid,4.667,5.0,3.667,4.333,4.667,4.467,86.7,4.0
R02550,Commercial,CA,North America,Women,30-39,Individual contributor,1-2 years,Hybrid,4.333,5.0,5.0,3.333,3.333,4.2,80.0,4.333
R02551,Commercial,CA,North America,Men,40-49,Individual contributor,< 1 year,Onsite,4.0,3.333,3.667,4.333,4.0,3.867,71.7,4.0
R02553,Commercial,CA,North America,Women,30-39,Manager,10 years +,Hybrid,5.0,4.333,2.333,5.0,5.0,4.333,83.3,4.0
R02554,Commercial,CA,North America,Men,18-29,Manager,6-10 years,Hybrid,4.0,2.667,4.333,2.0,3.333,3.267,56.7,3.333
R02555,Commercial,CA,North America,Women,30-39,Individual contributor,10 years +,Onsite,4.0,4.0,4.0,4.0,2.0,3.6,65.0,2.0
R02556,Commercial,CA,North America,Women,50-59,Individual contributor,6-10 years,Hybrid,3.667,3.333,4.333,4.333,3.0,3.733,68.3,2.333
R02557,Commercial,CA,North America,Women,30-39,Individual contributor,1-2 years,Onsite,2.667,3.667,3.333,2.0,3.667,3.067,51.7,3.0
R02558,Commercial,CA,North America,Men,18-29,Individual contributor,< 1 year,Hybrid,4.333,4.0,2.667,4.667,4.0,3.933,73.3,3.333
R02559,Commercial,CA,North America,Men,50-59,Senior leader,1-2 years,Onsite,4.333,5.0,3.667,5.0,3.667,4.333,83.3,3.333
R02560,Commercial,CA,North America,Women,18-29,Individual contributor,10 years +,Hybrid,5.0,3.0,4.333,3.333,2.667,3.667,66.7,4.333
R02561,Commercial,CA,North America,Women,30-39,Team lead,6-10 years,Onsite,4.667,4.0,4.333,4.0,3.333,4.067,76.7,4.0
R02562,Commercial,CA,North America,Women,40-49,Individual contributor,6-10 years,Remote,4.0,3.0,3.333,4.333,3.0,3.533,63.3,4.333
R02563,Commercial,CA,North America,Men,40-49,Individual contributor,< 1 year,Remote,4.333,3.333,2.333,3.333,5.0,3.667,66.7,4.333
R02564,Commercial,CA,North America,Men,30-39,Individual contributor,3-5 years,Remote,4.333,1.333,4.0,3.667,4.333,3.533,63.3,3.333
R02565,Commercial,CA,North America,Non-binary / self-described,30-39,Individual contributor,1-2 years,Onsite,3.0,3.0,4.0,3.333,4.0,3.467,61.7,2.667
R02566,Commercial,CA,North America,Women,50-59,Individual contributor,3-5 years,Remote,4.333,4.0,3.333,3.667,2.667,3.6,65.0,3.333
R02567,Commercial,CA,North America,Women,50-59,Individual contributor,6-10 years,Onsite,4.333,3.333,4.333,2.333,4.333,3.733,68.3,4.667
R02569,Commercial,CA,North America,Women,30-39,Team lead,1-2 years,Onsite,4.333,5.0,4.0,4.333,3.667,4.267,81.7,5.0
R02570,Commercial,CA,North America,Men,18-29,Individual contributor,1-2 years,Onsite,3.667,5.0,4.0,2.667,5.0,4.067,76.7,4.0
R02572,Commercial,CA,North America,Women,30-39,Team lead,1-2 years,Remote,4.667,4.333,4.0,4.333,2.0,3.867,71.7,3.0
R02574,Commercial,CA,North America,Women,50-59,Individual contributor,6-10 years,Hybrid,4.0,4.0,3.333,4.0,4.667,4.0,75.0,3.667
R02575,Commercial,CA,North America,Non-binary / self-described,30-39,Individual contributor,3-5 years,Onsite,3.333,2.0,3.333,2.0,3.333,2.8,45.0,2.0
R02576,Commercial,CA,North America,Women,40-49,Individual contributor,< 1 year,Remote,3.667,4.667,3.0,4.667,3.667,3.933,73.3,4.0
R02582,Commercial,CA,North America,Women,40-49,Individual contributor,6-10 years,Remote,4.333,3.333,2.667,2.667,3.0,3.2,55.0,4.0
R02583,Commercial,CA,North America,Men,30-39,Individual contributor,6-10 years,Onsite,5.0,1.667,2.667,4.333,4.0,3.533,63.3,3.667
R02584,Commercial,CA,North America,Women,30-39,Individual contributor,6-10 years,Hybrid,3.0,2.333,4.333,3.667,2.333,3.133,53.3,4.0
R02585,Commercial,CA,North America,Men,30-39,Individual contributor,< 1 year,Remote,5.0,4.0,3.333,5.0,3.333,4.133,78.3,2.667
R02586,Commercial,CA,North America,Men,30-39,Manager,10 years +,Hybrid,4.0,5.0,4.667,5.0,4.333,4.6,90.0,4.333
R02589,Commercial,SG,APAC,Women,50-59,Individual contributor,6-10 years,Hybrid,2.667,2.667,3.0,4.333,4.333,3.4,60.0,4.333
R02590,Commercial,SG,APAC,Women,18-29,Individual contributor,1-2 years,Remote,4.333,4.333,2.333,2.667,3.667,3.467,61.7,3.0
R02591,Commercial,SG,APAC,Men,30-39,Team lead,< 1 year,Onsite,5.0,2.667,3.333,2.667,2.333,3.2,55.0,3.0
R02593,Commercial,SG,APAC,Men,30-39,Individual contributor,10 years +,Onsite,3.333,4.0,2.333,3.667,2.667,3.2,55.0,3.0
R02594,Commercial,SG,APAC,Women,40-49,Manager,1-2 years,Hybrid,5.0,3.667,3.667,3.333,4.667,4.067,76.7,4.333
R02595,Commercial,SG,APAC,Women,18-29,Individual contributor,6-10 years,Hybrid,3.0,3.333,4.0,3.667,3.0,3.4,60.0,3.333
R02597,Commercial,SG,APAC,Women,60+,Individual contributor,1-2 years,Onsite,2.333,4.667,4.333,2.333,2.667,3.267,56.7,4.333
R02598,Commercial,SG,APAC,Women,18-29,Individual contributor,10 years +,Hybrid,2.667,1.667,3.0,3.667,5.0,3.2,55.0,2.0
R02599,Commercial,SG,APAC,Men,18-29,Individual contributor,6-10 years,Remote,4.0,5.0,3.333,2.0,2.0,3.267,56.7,4.333
R02600,Commercial,SG,APAC,Women,40-49,Manager,1-2 years,Remote,4.0,3.667,4.333,4.0,4.0,4.0,75.0,4.333
R02601,Commercial,SG,APAC,Men,30-39,Team lead,< 1 year,Remote,4.333,4.667,3.0,3.0,3.667,3.733,68.3,4.0
R02602,Commercial,SG,APAC,Women,18-29,Team lead,< 1 year,Onsite,3.667,3.667,3.333,4.0,4.0,3.733,68.3,4.0
R02603,Commercial,SG,APAC,Men,30-39,Individual contributor,10 years +,Hybrid,4.0,4.667,2.667,4.667,4.333,4.067,76.7,3.667
R02604,Commercial,SG,APAC,Men,30-39,Individual contributor,1-2 years,Remote,4.0,4.667,3.667,2.667,3.667,3.733,68.3,4.333
R02605,Commercial,SG,APAC,Women,30-39,Manager,3-5 years,Hybrid,4.667,4.667,4.0,4.333,4.667,4.467,86.7,3.667
R02606,Commercial,SG,APAC,Men,30-39,Individual contributor,3-5 years,Hybrid,4.0,2.333,2.333,3.0,2.667,2.867,46.7,2.667
R02608,Commercial,SG,APAC,Men,18-29,Individual contributor,1-2 years,Remote,4.0,3.667,3.333,3.333,3.0,3.467,61.7,4.0
R02609,Commercial,SG,APAC,Men,30-39,Individual contributor,< 1 year,Hybrid,4.0,3.667,3.0,3.667,5.0,3.867,71.7,3.667
R02611,Commercial,SG,APAC,Women,50-59,Senior leader,10 years +,Onsite,3.667,4.0,4.333,5.0,4.0,4.2,80.0,4.0
R02612,Commercial,SG,APAC,Men,40-49,Individual contributor,3-5 years,Onsite,4.333,4.333,4.0,3.333,2.667,3.733,68.3,4.333
R02613,Commercial,SG,APAC,Men,30-39,Individual contributor,6-10 years,Hybrid,4.0,3.667,4.0,3.0,4.333,3.8,70.0,2.333
R02615,Commercial,SG,APAC,Men,30-39,Individual contributor,1-2 years,Remote,4.333,4.333,2.667,2.667,3.667,3.533,63.3,3.667
R02616,Commercial,SG,APAC,Men,18-29,Individual contributor,6-10 years,Hybrid,2.333,3.333,1.333,3.667,2.333,2.6,40.0,2.667
R02617,Commercial,SG,APAC,Women,40-49,Individual contributor,3-5 years,Hybrid,2.667,4.667,2.0,3.333,2.667,3.067,51.7,3.0
R02618,Commercial,SG,APAC,Men,18-29,Team lead,3-5 years,Hybrid,4.333,3.667,3.333,4.667,4.0,4.0,75.0,3.333
R02619,Commercial,SG,APAC,Women,60+,Individual contributor,10 years +,Hybrid,2.0,4.667,3.667,3.667,5.0,3.8,70.0,3.333
R02621,Commercial,SG,APAC,Men,18-29,Team lead,6-10 years,Onsite,3.333,4.0,3.0,3.333,4.0,3.533,63.3,4.333
R02622,Commercial,SG,APAC,Women,30-39,Individual contributor,3-5 years,Onsite,4.667,3.333,2.667,4.333,3.0,3.6,65.0,3.667
R02623,Technology,IN,APAC,Men,18-29,Individual contributor,< 1 year,Onsite,4.333,3.333,4.333,3.333,3.333,3.733,68.3,3.0
R02624,Technology,IN,APAC,Men,30-39,Individual contributor,< 1 year,Onsite,2.333,3.333,1.667,3.0,5.0,3.067,51.7,3.667
R02625,Technology,IN,APAC,Men,18-29,Manager,1-2 years,Hybrid,4.0,3.333,5.0,2.0,4.0,3.667,66.7,4.0
R02627,Technology,IN,APAC,Women,30-39,Individual contributor,10 years +,Remote,4.333,4.0,3.0,3.333,4.333,3.8,70.0,3.333
R02628,Technology,IN,APAC,Women,30-39,Individual contributor,6-10 years,Hybrid,3.0,3.0,3.333,4.0,2.0,3.067,51.7,4.333
R02629,Technology,IN,APAC,Men,30-39,Team lead,3-5 years,Onsite,4.333,4.333,4.333,2.667,5.0,4.133,78.3,2.667
R02630,Technology,IN,APAC,Women,18-29,Individual contributor,3-5 years,Remote,4.0,2.333,4.0,2.333,5.0,3.533,63.3,4.0
R02631,Technology,IN,APAC,Men,40-49,Individual contributor,1-2 years,Onsite,5.0,4.0,3.333,1.667,2.667,3.333,58.3,3.667
R02632,Technology,IN,APAC,Men,30-39,Individual contributor,< 1 year,Onsite,4.0,4.0,4.0,3.667,5.0,4.133,78.3,3.333
R02633,Technology,IN,APAC,Men,18-29,Individual contributor,3-5 years,Onsite,2.333,2.667,4.667,2.667,3.333,3.133,53.3,3.0
R02634,Technology,IN,APAC,Men,30-39,Individual contributor,1-2 years,Hybrid,3.333,4.333,4.0,2.667,4.0,3.667,66.7,4.333
R02636,Technology,IN,APAC,Men,18-29,Individual contributor,1-2 years,Onsite,3.667,2.667,3.667,3.0,5.0,3.6,65.0,3.333
R02637,Technology,IN,APAC,Women,30-39,Manager,< 1 year,Onsite,3.0,3.667,4.0,3.667,4.333,3.733,68.3,4.0
R02638,Technology,IN,APAC,Women,50-59,Individual contributor,6-10 years,Onsite,2.667,2.333,3.333,4.667,2.0,3.0,50.0,3.333
R02640,Technology,IN,APAC,Men,18-29,Individual contributor,3-5 years,Remote,3.667,3.333,3.333,2.667,5.0,3.6,65.0,4.333
R02642,Technology,IN,APAC,Non-binary / self-described,50-59,Individual contributor,6-10 years,Hybrid,3.0,2.333,3.0,2.0,3.667,2.8,45.0,2.667
R02643,Technology,IN,APAC,Women,40-49,Team lead,6-10 years,Onsite,2.0,1.333,2.0,3.667,4.667,2.733,43.3,3.667
R02645,Technology,IN,APAC,Women,18-29,Individual contributor,< 1 year,Remote,4.333,2.667,3.0,3.333,2.667,3.2,55.0,3.0
R02646,Technology,IN,APAC,Women,60+,Individual contributor,10 years +,Remote,3.333,3.667,2.667,4.0,4.333,3.6,65.0,4.0
R02647,Technology,IN,APAC,Women,18-29,Individual contributor,6-10 years,Onsite,2.0,2.0,1.667,3.333,3.0,2.4,35.0,3.333
R02648,Technology,IN,APAC,Women,30-39,Individual contributor,1-2 years,Onsite,5.0,4.667,3.0,4.0,4.0,4.133,78.3,2.667
R02649,Technology,IN,APAC,Women,60+,Team lead,3-5 years,Onsite,4.0,5.0,2.667,2.667,3.667,3.6,65.0,3.333
R02650,Technology,IN,APAC,Women,18-29,Individual contributor,3-5 years,Onsite,2.667,3.333,2.0,2.667,4.667,3.067,51.7,3.0
R02651,Technology,IN,APAC,Men,18-29,Team lead,3-5 years,Onsite,3.667,4.0,3.667,3.333,4.333,3.8,70.0,5.0
R02652,Technology,IN,APAC,Women,60+,Individual contributor,1-2 years,Onsite,2.0,4.0,4.333,2.0,4.667,3.4,60.0,3.0
R02653,Technology,IN,APAC,Women,60+,Individual contributor,10 years +,Onsite,4.667,3.0,3.667,2.333,4.0,3.533,63.3,4.333
R02654,Technology,IN,APAC,Women,50-59,Team lead,3-5 years,Hybrid,3.0,4.667,3.0,3.0,4.0,3.533,63.3,2.0
R02657,Technology,IN,APAC,Women,30-39,Individual contributor,3-5 years,Onsite,4.667,2.333,3.667,1.667,4.333,3.333,58.3,2.667
R02658,Technology,IN,APAC,Men,50-59,Individual contributor,< 1 year,Onsite,3.333,3.0,2.667,3.667,3.0,3.133,53.3,3.0
R02659,Technology,IN,APAC,Men,60+,Team lead,3-5 years,Remote,4.667,3.333,3.0,1.667,2.333,3.0,50.0,3.667
R02660,Technology,IN,APAC,Women,30-39,Manager,< 1 year,Onsite,4.0,4.667,2.667,3.333,4.667,3.867,71.7,5.0
R02661,Technology,IN,APAC,Women,18-29,Individual contributor,3-5 years,Hybrid,5.0,2.0,3.667,2.667,3.333,3.333,58.3,2.667
R02662,Technology,IN,APAC,Women,40-49,Individual contributor,1-2 years,Onsite,2.667,2.0,3.667,4.333,3.667,3.267,56.7,3.0
R02665,Technology,IN,APAC,Men,60+,Individual contributor,10 years +,Hybrid,4.333,3.0,2.0,2.667,3.333,3.067,51.7,2.667
R02666,Technology,IN,APAC,Men,40-49,Individual contributor,3-5 years,Hybrid,4.333,2.667,2.667,2.667,4.0,3.267,56.7,3.0
R02667,Technology,IN,APAC,Men,30-39,Team lead,1-2 years,Hybrid,3.667,4.0,4.667,2.667,4.667,3.933,73.3,4.333
R02669,Technology,IN,APAC,Women,18-29,Individual contributor,1-2 years,Onsite,3.0,3.0,1.667,3.667,2.667,2.8,45.0,2.667
R02670,Technology,IN,APAC,Men,40-49,Individual contributor,1-2 years,Onsite,3.667,3.667,3.333,3.0,4.333,3.6,65.0,3.0
R02671,Technology,IN,APAC,Women,18-29,Individual contributor,1-2 years,Hybrid,3.333,4.667,4.0,3.333,5.0,4.067,76.7,4.667
R02672,Technology,SG,APAC,Women,50-59,Individual contributor,6-10 years,Hybrid,4.333,4.0,3.667,4.667,5.0,4.333,83.3,4.667
R02674,Technology,SG,APAC,Women,18-29,Individual contributor,6-10 years,Onsite,5.0,3.333,3.667,3.333,3.333,3.733,68.3,4.333
R02675,Technology,SG,APAC,Men,40-49,Individual contributor,3-5 years,Onsite,3.333,2.333,2.667,4.0,3.667,3.2,55.0,3.333
R02676,Technology,SG,APAC,Women,30-39,Team lead,6-10 years,Onsite,4.333,4.333,4.333,2.667,3.667,3.867,71.7,3.333
R02678,Technology,SG,APAC,Men,18-29,Manager,10 years +,Remote,3.0,5.0,4.333,3.667,4.667,4.133,78.3,3.0
R02680,Technology,SG,APAC,Women,40-49,Individual contributor,3-5 years,Onsite,2.667,4.333,3.0,4.667,4.0,3.733,68.3,5.0
R02681,Technology,SG,APAC,Men,40-49,Individual contributor,1-2 years,Hybrid,4.0,3.333,2.667,3.0,4.333,3.467,61.7,4.667
R02682,Technology,SG,APAC,Men,18-29,Individual contributor,6-10 years,Hybrid,4.0,4.333,5.0,1.667,3.0,3.6,65.0,3.333
R02683,Technology,SG,APAC,Men,40-49,Team lead,10 years +,Onsite,3.667,3.667,3.0,2.0,4.333,3.333,58.3,3.0
R02684,Technology,SG,APAC,Women,30-39,Senior leader,3-5 years,Hybrid,3.667,5.0,4.0,3.333,4.667,4.133,78.3,3.667
R02685,Technology,SG,APAC,Men,40-49,Team lead,6-10 years,Remote,2.667,3.0,4.0,2.0,4.0,3.133,53.3,2.0
R02688,Technology,SG,APAC,Women,40-49,Individual contributor,10 years +,Hybrid,5.0,3.333,4.0,3.0,5.0,4.067,76.7,4.333
R02689,Technology,SG,APAC,Men,30-39,Team lead,3-5 years,Onsite,4.0,4.667,3.0,4.0,4.667,4.067,76.7,3.333
R02690,Technology,SG,APAC,Women,40-49,Individual contributor,< 1 year,Onsite,3.0,4.667,4.333,3.333,2.667,3.6,65.0,4.0
R02691,Technology,SG,APAC,Men,40-49,Manager,3-5 years,Hybrid,4.667,3.0,3.0,2.0,3.333,3.2,55.0,4.0
R02693,Technology,SG,APAC,Men,60+,Team lead,< 1 year,Onsite,5.0,3.667,4.333,1.0,4.667,3.733,68.3,4.0
R02694,Technology,SG,APAC,Women,18-29,Individual contributor,3-5 years,Remote,4.0,1.333,3.667,3.0,4.333,3.267,56.7,3.667
R02695,Technology,SG,APAC,Women,18-29,Individual contributor,< 1 year,Remote,4.333,2.667,3.333,3.667,4.0,3.6,65.0,4.0
R02697,Technology,SG,APAC,Men,18-29,Individual contributor,10 years +,Hybrid,4.0,4.333,3.667,4.0,5.0,4.2,80.0,3.667
R02698,Technology,SG,APAC,Women,30-39,Team lead,3-5 years,Hybrid,4.333,3.0,3.333,3.667,2.0,3.267,56.7,2.667
R02700,Technology,SG,APAC,Women,40-49,Individual contributor,3-5 years,Onsite,4.0,4.0,3.333,3.0,4.0,3.667,66.7,2.667
R02701,Technology,SG,APAC,Men,50-59,Individual contributor,< 1 year,Remote,4.333,2.667,3.667,4.333,4.333,3.867,71.7,4.333
R02702,Technology,SG,APAC,Non-binary / self-described,30-39,Individual contributor,10 years +,Hybrid,3.0,4.333,3.667,2.667,3.667,3.467,61.7,2.333
R02703,Technology,SG,APAC,Men,40-49,Individual contributor,3-5 years,Onsite,3.333,4.667,2.667,3.0,3.333,3.4,60.0,3.0
R02705,Technology,PL,EMEA,Men,30-39,Individual contributor,1-2 years,Onsite,2.667,4.667,3.0,2.667,2.667,3.133,53.3,3.667
R02707,Technology,PL,EMEA,Men,18-29,Manager,1-2 years,Hybrid,4.333,3.333,5.0,3.667,4.0,4.067,76.7,3.667
R02709,Technology,PL,EMEA,Men,30-39,Manager,3-5 years,Hybrid,4.0,4.333,3.0,4.0,4.0,3.867,71.7,4.667
R02711,Technology,DE,EMEA,Women,50-59,Individual contributor,1-2 years,Hybrid,2.667,2.333,3.667,2.667,3.333,2.933,48.3,3.0
R02713,Technology,DE,EMEA,Women,30-39,Individual contributor,< 1 year,Onsite,5.0,2.667,3.333,4.0,4.333,3.867,71.7,4.667
R02714,Technology,DE,EMEA,Men,40-49,Individual contributor,1-2 years,Hybrid,4.333,4.333,4.333,3.333,4.333,4.133,78.3,4.333
R02716,Technology,DE,EMEA,Women,18-29,Team lead,3-5 years,Onsite,4.667,2.667,3.333,3.0,3.667,3.467,61.7,4.333
R02717,Technology,DE,EMEA,Men,18-29,Individual contributor,< 1 year,Onsite,5.0,3.667,3.667,3.333,4.333,4.0,75.0,4.0
R02718,Technology,DE,EMEA,Women,40-49,Team lead,< 1 year,Hybrid,3.667,3.667,4.667,3.0,3.667,3.733,68.3,4.333
R02719,Technology,DE,EMEA,Women,18-29,Individual contributor,6-10 years,Onsite,3.333,4.333,2.667,5.0,3.667,3.8,70.0,3.667
R02720,Technology,DE,EMEA,Women,60+,Individual contributor,6-10 years,Onsite,3.333,2.333,2.333,2.667,4.333,3.0,50.0,2.333
R02721,Technology,DE,EMEA,Women,30-39,Individual contributor,3-5 years,Hybrid,4.667,3.333,4.333,2.333,3.667,3.667,66.7,4.0
R02722,Technology,DE,EMEA,Men,50-59,Individual contributor,6-10 years,Onsite,4.0,4.0,3.667,3.0,4.667,3.867,71.7,3.0
R02724,Technology,DE,EMEA,Men,18-29,Team lead,3-5 years,Hybrid,4.0,3.667,5.0,3.667,5.0,4.267,81.7,3.0
R02725,Technology,DE,EMEA,Women,30-39,Team lead,1-2 years,Remote,2.667,2.0,2.0,4.0,3.667,2.867,46.7,4.333
R02727,Technology,DE,EMEA,Women,40-49,Individual contributor,1-2 years,Onsite,4.333,3.333,3.667,3.667,2.333,3.467,61.7,3.0
R02728,Technology,DE,EMEA,Women,40-49,Team lead,3-5 years,Onsite,4.0,3.333,4.0,4.0,4.667,4.0,75.0,4.333
R02729,Technology,DE,EMEA,Men,50-59,Individual contributor,6-10 years,Hybrid,4.333,5.0,4.0,2.667,3.333,3.867,71.7,4.667
R02730,Technology,IN,APAC,Women,60+,Manager,1-2 years,Remote,4.667,2.667,3.667,2.667,4.667,3.667,66.7,3.667
R02731,Technology,IN,APAC,Men,40-49,Senior leader,1-2 years,Hybrid,4.0,4.333,4.333,4.333,5.0,4.4,85.0,4.667
R02732,Technology,IN,APAC,Women,50-59,Team lead,10 years +,Remote,4.0,3.667,4.0,3.667,5.0,4.067,76.7,3.333
R02734,Technology,IN,APAC,Men,18-29,Team lead,1-2 years,Onsite,4.0,4.333,3.667,4.0,5.0,4.2,80.0,4.667
R02735,Technology,IN,APAC,Men,50-59,Team lead,< 1 year,Onsite,5.0,4.0,3.667,4.0,5.0,4.333,83.3,4.333
R02739,Technology,IN,APAC,Women,40-49,Team lead,< 1 year,Remote,4.333,3.667,3.333,4.333,5.0,4.133,78.3,4.333
R02740,Technology,IN,APAC,Women,40-49,Individual contributor,10 years +,Hybrid,4.333,4.0,3.667,4.333,2.333,3.733,68.3,3.667
R02741,Technology,IN,APAC,Men,50-59,Manager,< 1 year,Onsite,3.0,3.667,4.667,5.0,5.0,4.267,81.7,4.333
R02742,Technology,IN,APAC,Men,40-49,Individual contributor,< 1 year,Hybrid,3.667,2.0,4.333,4.0,5.0,3.8,70.0,3.667
R02743,Technology,IN,APAC,Men,30-39,Individual contributor,< 1 year,Hybrid,4.333,3.0,3.667,3.333,4.0,3.667,66.7,3.667
R02744,Technology,IN,APAC,Women,30-39,Individual contributor,< 1 year,Remote,4.333,3.333,3.333,4.0,3.333,3.667,66.7,2.667
R02745,Technology,IN,APAC,Men,18-29,Individual contributor,< 1 year,Hybrid,4.667,4.333,3.333,5.0,4.667,4.4,85.0,4.333
R02746,Technology,IN,APAC,Men,40-49,Manager,3-5 years,Hybrid,3.667,4.0,3.333,2.333,5.0,3.667,66.7,3.333
R02747,Technology,IN,APAC,Men,30-39,Individual contributor,3-5 years,Hybrid,4.0,3.667,4.333,3.0,4.667,3.933,73.3,4.333
R02749,Technology,IN,APAC,Women,18-29,Senior leader,< 1 year,Hybrid,4.333,5.0,4.667,3.0,4.0,4.2,80.0,3.667
R02752,Technology,IN,APAC,Men,30-39,Individual contributor,1-2 years,Hybrid,4.333,3.333,4.0,2.667,5.0,3.867,71.7,3.667
R02753,Technology,IN,APAC,Men,18-29,Individual contributor,3-5 years,Onsite,3.667,2.333,2.667,4.667,5.0,3.667,66.7,4.333
R02754,Technology,IN,APAC,Men,40-49,Individual contributor,< 1 year,Hybrid,4.667,4.0,5.0,3.333,5.0,4.4,85.0,5.0
R02755,Technology,IN,APAC,Women,18-29,Individual contributor,6-10 years,Hybrid,4.333,3.0,2.333,2.0,4.333,3.2,55.0,3.0
R02756,Technology,IN,APAC,Men,30-39,Individual contributor,< 1 year,Hybrid,4.0,4.0,3.333,2.667,5.0,3.8,70.0,4.667
R02757,Technology,IN,APAC,Men,40-49,Individual contributor,3-5 years,Hybrid,4.333,3.0,4.667,3.0,4.333,3.867,71.7,2.667
R02758,Technology,IN,APAC,Men,18-29,Team lead,10 years +,Remote,3.333,3.0,4.0,3.0,4.333,3.533,63.3,4.0
R02759,Technology,IN,APAC,Men,40-49,Individual contributor,10 years +,Remote,3.667,3.667,2.667,3.333,4.667,3.6,65.0,3.0
R02761,Technology,IN,APAC,Women,18-29,Manager,3-5 years,Remote,5.0,2.667,4.333,4.0,3.667,3.933,73.3,4.333
R02762,Technology,IN,APAC,Non-binary / self-described,40-49,Senior leader,< 1 year,Hybrid,4.333,5.0,3.667,2.333,4.667,4.0,75.0,2.333
R02763,Technology,IN,APAC,Non-binary / self-described,30-39,Individual contributor,6-10 years,Hybrid,4.667,3.667,3.333,4.333,4.0,4.0,75.0,3.667
R02765,Technology,IN,APAC,Women,40-49,Individual contributor,< 1 year,Hybrid,4.667,4.0,3.667,2.0,5.0,3.867,71.7,4.333
R02766,Technology,IN,APAC,Men,50-59,Individual contributor,3-5 years,Onsite,5.0,3.0,3.0,4.0,4.333,3.867,71.7,4.0
R02767,Technology,IN,APAC,Men,18-29,Individual contributor,3-5 years,Hybrid,3.0,4.667,4.333,4.0,5.0,4.2,80.0,4.333
R02768,Technology,IN,APAC,Men,50-59,Individual contributor,1-2 years,Onsite,4.333,4.333,2.333,3.333,3.667,3.6,65.0,2.0
R02769,Technology,IN,APAC,Women,30-39,Team lead,6-10 years,Onsite,5.0,3.667,3.333,4.667,4.667,4.267,81.7,4.0
R02770,Technology,DE,EMEA,Women,30-39,Manager,1-2 years,Hybrid,4.667,4.333,4.0,4.0,3.333,4.067,76.7,3.333
R02771,Technology,DE,EMEA,Men,40-49,Senior leader,1-2 years,Onsite,4.667,4.667,2.667,4.0,3.333,3.867,71.7,4.333
R02772,Technology,DE,EMEA,Men,18-29,Individual contributor,10 years +,Remote,4.333,5.0,3.0,4.0,2.667,3.8,70.0,4.333
R02773,Technology,DE,EMEA,Women,18-29,Individual contributor,6-10 years,Hybrid,4.333,3.333,4.0,3.667,4.0,3.867,71.7,3.333
R02774,Technology,DE,EMEA,Men,40-49,Individual contributor,3-5 years,Hybrid,3.667,4.667,4.0,4.333,3.667,4.067,76.7,3.0
R02775,Technology,DE,EMEA,Men,40-49,Individual contributor,10 years +,Hybrid,5.0,4.0,4.333,5.0,3.0,4.267,81.7,3.333
R02776,Technology,DE,EMEA,Men,40-49,Individual contributor,3-5 years,Onsite,4.0,4.0,3.667,4.333,3.333,3.867,71.7,4.667
R02777,Technology,DE,EMEA,Women,18-29,Individual contributor,6-10 years,Hybrid,3.667,4.333,3.0,3.333,2.0,3.267,56.7,2.667
R02778,Technology,DE,EMEA,Men,30-39,Individual contributor,3-5 years,Onsite,3.333,5.0,4.0,3.333,2.667,3.667,66.7,4.333
R02780,Technology,DE,EMEA,Women,30-39,Individual contributor,1-2 years,Hybrid,4.667,3.667,3.667,4.667,3.0,3.933,73.3,3.667
R02781,Technology,DE,EMEA,Non-binary / self-described,18-29,Individual contributor,3-5 years,Hybrid,3.0,4.0,3.333,4.0,4.333,3.733,68.3,3.333
R02782,Technology,DE,EMEA,Men,40-49,Individual contributor,< 1 year,Remote,4.333,4.0,3.667,3.0,3.333,3.667,66.7,2.333
R02783,Technology,DE,EMEA,Women,18-29,Manager,1-2 years,Onsite,5.0,3.667,1.333,3.667,4.667,3.667,66.7,3.667
R02784,Technology,DE,EMEA,Men,30-39,Individual contributor,< 1 year,Onsite,3.667,3.0,4.333,4.333,2.333,3.533,63.3,4.333
R02785,Technology,DE,EMEA,Men,18-29,Individual contributor,1-2 years,Hybrid,3.667,3.667,3.667,2.667,4.333,3.6,65.0,3.333
R02786,Technology,DE,EMEA,Men,30-39,Individual contributor,3-5 years,Hybrid,3.667,3.667,2.333,3.667,4.667,3.6,65.0,4.667
R02787,Technology,DE,EMEA,Men,30-39,Individual contributor,3-5 years,Onsite,3.333,4.667,2.667,4.667,2.667,3.6,65.0,4.333
R02788,Technology,DE,EMEA,Men,50-59,Manager,1-2 years,Onsite,4.0,4.0,4.0,5.0,2.667,3.933,73.3,4.333
R02789,Technology,PL,EMEA,Non-binary / self-described,18-29,Individual contributor,10 years +,Remote,4.0,2.667,4.667,4.0,3.667,3.8,70.0,2.667
R02790,Technology,PL,EMEA,Women,50-59,Team lead,3-5 years,Onsite,4.0,4.0,3.333,3.0,4.0,3.667,66.7,4.333
R02791,Technology,PL,EMEA,Women,50-59,Senior leader,< 1 year,Onsite,4.333,4.667,4.333,4.333,4.333,4.4,85.0,4.333
R02794,Technology,PL,EMEA,Men,40-49,Individual contributor,< 1 year,Onsite,4.0,4.667,4.0,2.333,3.667,3.733,68.3,5.0
R02795,Technology,PL,EMEA,Men,18-29,Team lead,3-5 years,Hybrid,4.333,2.667,5.0,3.333,2.667,3.6,65.0,3.667
R02797,Technology,PL,EMEA,Women,50-59,Individual contributor,6-10 years,Hybrid,3.667,4.333,3.333,4.0,4.667,4.0,75.0,4.333
R02798,Technology,PL,EMEA,Men,40-49,Individual contributor,3-5 years,Onsite,4.0,4.0,3.333,3.667,4.0,3.8,70.0,3.333
R02799,Technology,PL,EMEA,Men,18-29,Individual contributor,3-5 years,Hybrid,4.667,1.333,5.0,4.333,4.333,3.933,73.3,4.667
R02800,Technology,PL,EMEA,Men,40-49,Individual contributor,3-5 years,Onsite,4.333,3.667,4.0,2.667,4.667,3.867,71.7,3.667
R02801,Technology,PL,EMEA,Men,50-59,Individual contributor,< 1 year,Onsite,4.0,3.0,4.667,4.333,5.0,4.2,80.0,4.0
R02802,Technology,PL,EMEA,Men,50-59,Team lead,3-5 years,Onsite,4.667,4.0,3.333,5.0,3.333,4.067,76.7,4.667
R02803,Technology,PL,EMEA,Men,60+,Individual contributor,3-5 years,Hybrid,4.333,4.0,4.0,3.667,4.333,4.067,76.7,4.333
R02804,Technology,PL,EMEA,Men,40-49,Team lead,1-2 years,Hybrid,4.333,5.0,5.0,3.0,5.0,4.467,86.7,4.0
R02805,Technology,PL,EMEA,Women,40-49,Team lead,10 years +,Hybrid,5.0,3.667,3.667,5.0,4.333,4.333,83.3,5.0
R02809,Technology,PL,EMEA,Non-binary / self-described,40-49,Individual contributor,3-5 years,Remote,3.667,3.333,4.667,3.0,2.333,3.4,60.0,4.0
R02810,Technology,DE,EMEA,Men,18-29,Individual contributor,3-5 years,Onsite,4.667,3.0,3.667,5.0,4.667,4.2,80.0,4.667
R02811,Technology,DE,EMEA,Women,18-29,Manager,3-5 years,Onsite,3.667,5.0,3.333,3.333,4.0,3.867,71.7,4.0
R02812,Technology,DE,EMEA,Women,40-49,Team lead,< 1 year,Onsite,4.333,4.333,4.333,4.0,4.667,4.333,83.3,4.0
R02813,Technology,DE,EMEA,Women,40-49,Individual contributor,< 1 year,Remote,5.0,4.333,3.0,2.667,4.0,3.8,70.0,2.667
R02814,Technology,DE,EMEA,Women,40-49,Individual contributor,10 years +,Onsite,4.333,4.333,2.667,2.333,3.333,3.4,60.0,2.667
R02815,Technology,DE,EMEA,Women,30-39,Individual contributor,< 1 year,Onsite,4.0,3.667,4.0,3.667,5.0,4.067,76.7,3.333
R02816,Technology,DE,EMEA,Women,18-29,Individual contributor,6-10 years,Onsite,2.667,3.667,4.0,1.333,4.0,3.133,53.3,2.667
R02817,Technology,DE,EMEA,Women,18-29,Individual contributor,6-10 years,Remote,4.0,3.333,3.667,3.333,4.667,3.8,70.0,4.333
R02819,Technology,DE,EMEA,Men,40-49,Individual contributor,3-5 years,Onsite,3.333,3.333,2.667,3.0,4.333,3.333,58.3,4.333
R02820,Technology,DE,EMEA,Women,30-39,Team lead,6-10 years,Hybrid,4.333,4.0,2.667,4.0,4.667,3.933,73.3,4.333
R02821,Technology,DE,EMEA,Women,30-39,Individual contributor,3-5 years,Onsite,5.0,5.0,4.0,1.667,4.333,4.0,75.0,4.0
R02822,Technology,DE,EMEA,Men,50-59,Individual contributor,< 1 year,Onsite,4.333,3.667,4.667,4.333,4.0,4.2,80.0,4.0
R02823,Technology,DE,EMEA,Men,30-39,Team lead,6-10 years,Hybrid,4.0,4.0,4.0,3.0,4.333,3.867,71.7,3.333
R02824,Technology,DE,EMEA,Women,18-29,Individual contributor,3-5 years,Onsite,3.333,3.333,2.667,2.333,2.667,2.867,46.7,4.0
R02825,Technology,DE,EMEA,Men,18-29,Individual contributor,< 1 year,Hybrid,4.667,4.0,5.0,3.333,4.333,4.267,81.7,4.0
R02827,Technology,DE,EMEA,Women,18-29,Team lead,< 1 year,Onsite,5.0,5.0,4.0,4.333,4.667,4.6,90.0,5.0
R02828,Technology,DE,EMEA,Non-binary / self-described,40-49,Team lead,6-10 years,Hybrid,4.667,3.667,3.667,4.0,3.333,3.867,71.7,2.667
R02831,Technology,DE,EMEA,Men,18-29,Individual contributor,10 years +,Remote,2.333,2.333,2.667,2.333,4.333,2.8,45.0,3.0
R02832,Technology,DE,EMEA,Women,30-39,Individual contributor,3-5 years,Hybrid,4.0,3.333,2.333,2.667,4.667,3.4,60.0,4.333
R02833,Technology,DE,EMEA,Women,18-29,Individual contributor,1-2 years,Onsite,3.667,3.667,3.0,3.0,3.333,3.333,58.3,2.667
R02834,Technology,DE,EMEA,Men,18-29,Individual contributor,10 years +,Remote,4.667,4.667,3.667,2.667,4.333,4.0,75.0,3.333
R02835,Technology,DE,EMEA,Men,50-59,Individual contributor,< 1 year,Onsite,4.333,4.0,4.0,3.333,4.667,4.067,76.7,4.333
R02837,Technology,DE,EMEA,Women,40-49,Manager,6-10 years,Hybrid,3.0,4.667,3.333,4.333,4.0,3.867,71.7,2.667
R02838,Technology,DE,EMEA,Men,30-39,Individual contributor,< 1 year,Onsite,3.0,4.667,4.0,4.333,5.0,4.2,80.0,4.0
R02839,Technology,DE,EMEA,Women,40-49,Individual contributor,10 years +,Onsite,2.0,3.333,3.0,3.333,4.667,3.267,56.7,4.0
R02840,Technology,DE,EMEA,Non-binary / self-described,50-59,Individual contributor,6-10 years,Onsite,4.667,4.0,3.667,4.333,3.333,4.0,75.0,4.667
R02841,Technology,DE,EMEA,Men,50-59,Individual contributor,3-5 years,Onsite,2.667,4.333,4.0,3.0,5.0,3.8,70.0,3.667
R02842,Technology,DE,EMEA,Women,40-49,Individual contributor,3-5 years,Onsite,4.0,4.0,3.667,4.667,2.667,3.8,70.0,4.0
R02843,Technology,DE,EMEA,Women,40-49,Team lead,< 1 year,Onsite,4.333,3.667,5.0,3.0,4.0,4.0,75.0,3.667
R02844,Technology,DE,EMEA,Men,40-49,Individual contributor,6-10 years,Onsite,4.667,3.0,4.333,2.667,4.0,3.733,68.3,3.0
R02845,Technology,DE,EMEA,Men,40-49,Individual contributor,3-5 years,Hybrid,3.0,5.0,2.667,3.333,4.333,3.667,66.7,3.333
R02846,Technology,DE,EMEA,Men,30-39,Individual contributor,1-2 years,Onsite,4.333,4.333,4.333,3.0,3.667,3.933,73.3,3.333
R02848,Technology,DE,EMEA,Women,18-29,Individual contributor,3-5 years,Onsite,5.0,3.667,4.0,1.667,3.333,3.533,63.3,3.667
R02849,Technology,DE,EMEA,Women,30-39,Individual contributor,3-5 years,Onsite,4.333,2.333,2.333,4.0,3.0,3.2,55.0,2.667
R02850,Technology,SG,APAC,Women,40-49,Team lead,6-10 years,Onsite,4.0,5.0,4.333,4.667,3.333,4.267,81.7,4.333
R02852,Technology,SG,APAC,Women,18-29,Team lead,6-10 years,Onsite,4.333,4.667,3.0,4.0,1.667,3.533,63.3,4.333
R02853,Technology,SG,APAC,Men,18-29,Individual contributor,10 years +,Onsite,4.333,3.667,2.333,3.0,3.667,3.4,60.0,2.333
R02854,Technology,SG,APAC,Men,30-39,Individual contributor,10 years +,Onsite,3.667,4.0,2.333,3.667,3.333,3.4,60.0,3.0
R02855,Technology,SG,APAC,Men,30-39,Team lead,1-2 years,Hybrid,5.0,5.0,2.667,3.333,2.667,3.733,68.3,3.667
R02856,Technology,SG,APAC,Women,40-49,Individual contributor,< 1 year,Hybrid,4.667,4.333,3.667,4.0,5.0,4.333,83.3,3.667
R02857,Technology,SG,APAC,Men,40-49,Individual contributor,10 years +,Onsite,3.333,4.0,3.333,4.333,4.667,3.933,73.3,4.0
R02858,Technology,SG,APAC,Women,50-59,Team lead,3-5 years,Onsite,5.0,5.0,4.0,2.667,3.333,4.0,75.0,3.667
R02859,Technology,SG,APAC,Men,30-39,Team lead,6-10 years,Remote,4.333,4.667,4.0,4.333,2.667,4.0,75.0,4.667
R02860,Technology,SG,APAC,Women,40-49,Individual contributor,6-10 years,Hybrid,5.0,4.667,3.333,2.0,4.0,3.8,70.0,5.0
R02861,Technology,SG,APAC,Women,50-59,Individual contributor,1-2 years,Onsite,4.0,2.333,3.333,4.333,2.667,3.333,58.3,3.333
R02862,Technology,SG,APAC,Women,18-29,Team lead,1-2 years,Remote,5.0,3.333,4.0,4.0,4.667,4.2,80.0,4.0
R02863,Technology,SG,APAC,Men,18-29,Individual contributor,1-2 years,Hybrid,4.333,3.667,3.667,5.0,4.0,4.133,78.3,4.333
R02864,Technology,SG,APAC,Women,60+,Individual contributor,10 years +,Onsite,5.0,3.0,4.333,4.333,3.333,4.0,75.0,3.333
R02865,Technology,SG,APAC,Women,60+,Individual contributor,3-5 years,Hybrid,4.333,4.333,4.667,4.333,3.0,4.133,78.3,4.0
R02866,Technology,SG,APAC,Men,30-39,Individual contributor,< 1 year,Hybrid,3.667,4.667,3.667,5.0,2.667,3.933,73.3,3.667
R02867,Technology,SG,APAC,Men,50-59,Individual contributor,< 1 year,Hybrid,4.667,3.667,4.0,2.0,2.333,3.333,58.3,4.0
R02868,Technology,SG,APAC,Women,50-59,Individual contributor,6-10 years,Onsite,2.667,4.667,3.333,3.0,3.667,3.467,61.7,3.0
R02869,Technology,SG,APAC,Men,18-29,Individual contributor,1-2 years,Hybrid,3.333,4.333,3.333,3.0,4.333,3.667,66.7,3.333
R02870,Technology,SG,APAC,Women,30-39,Individual contributor,< 1 year,Hybrid,4.667,4.667,3.667,4.0,3.667,4.133,78.3,4.333
R02871,Technology,SG,APAC,Non-binary / self-described,30-39,Team lead,3-5 years,Remote,4.0,4.0,4.667,4.333,3.333,4.067,76.7,3.667
R02874,Technology,SG,APAC,Men,40-49,Team lead,1-2 years,Remote,4.333,4.0,4.667,4.333,2.667,4.0,75.0,4.333
R02875,Technology,SG,APAC,Men,40-49,Individual contributor,3-5 years,Onsite,4.333,3.667,4.0,3.333,3.333,3.733,68.3,3.0
R02876,Technology,US,North America,Men,30-39,Individual contributor,10 years +,Hybrid,5.0,5.0,3.667,4.667,5.0,4.667,91.7,4.333
R02878,Technology,US,North America,Women,18-29,Team lead,6-10 years,Remote,4.0,3.333,3.0,3.0,4.667,3.6,65.0,4.0
R02879,Technology,US,North America,Men,18-29,Manager,1-2 years,Onsite,2.667,3.333,4.0,4.667,5.0,3.933,73.3,3.333
R02880,Technology,US,North America,Women,30-39,Individual contributor,3-5 years,Onsite,5.0,3.0,4.333,3.667,4.333,4.067,76.7,3.333
R02881,Technology,US,North America,Men,50-59,Individual contributor,10 years +,Remote,4.667,2.667,3.333,2.667,4.667,3.6,65.0,3.0
R02882,Technology,US,North America,Men,40-49,Individual contributor,6-10 years,Hybrid,4.667,2.667,4.667,2.333,4.667,3.8,70.0,3.333
R02883,Technology,US,North America,Men,60+,Individual contributor,3-5 years,Onsite,4.0,4.667,3.667,2.667,5.0,4.0,75.0,3.667
R02885,Technology,US,North America,Men,30-39,Individual contributor,10 years +,Onsite,4.333,4.333,3.667,2.667,4.333,3.867,71.7,4.0
R02886,Technology,US,North America,Women,18-29,Team lead,6-10 years,Hybrid,3.667,4.0,3.333,3.0,4.667,3.733,68.3,3.667
R02887,Technology,US,North America,Women,30-39,Individual contributor,< 1 year,Onsite,5.0,4.0,4.667,1.667,5.0,4.067,76.7,4.667
R02888,Technology,US,North America,Men,50-59,Individual contributor,< 1 year,Hybrid,5.0,2.667,4.667,3.333,4.333,4.0,75.0,3.667
R02889,Technology,US,North America,Men,30-39,Team lead,1-2 years,Onsite,3.333,2.333,4.667,2.667,5.0,3.6,65.0,3.333
R02890,Technology,US,North America,Men,30-39,Individual contributor,1-2 years,Onsite,5.0,4.0,4.667,4.0,4.333,4.4,85.0,5.0
R02891,Technology,US,North America,Women,18-29,Individual contributor,3-5 years,Onsite,4.667,3.667,4.333,3.667,5.0,4.267,81.7,4.333
R02892,Technology,US,North America,Men,30-39,Team lead,< 1 year,Remote,4.667,3.667,5.0,3.667,5.0,4.4,85.0,4.0
R02893,Technology,US,North America,Women,40-49,Team lead,10 years +,Onsite,4.0,3.0,3.667,3.333,5.0,3.8,70.0,3.0
R02894,Technology,US,North America,Women,40-49,Manager,< 1 year,Remote,4.667,3.333,5.0,3.667,5.0,4.333,83.3,4.333
R02895,Technology,US,North America,Men,50-59,Individual contributor,3-5 years,Onsite,5.0,4.0,3.667,3.667,5.0,4.267,81.7,4.0
R02896,Technology,US,North America,Men,40-49,Team lead,< 1 year,Hybrid,5.0,3.333,5.0,3.667,4.667,4.333,83.3,5.0
R02897,Technology,US,North America,Men,50-59,Individual contributor,1-2 years,Onsite,4.0,5.0,3.333,3.0,5.0,4.067,76.7,4.667
R02898,Technology,US,North America,Women,18-29,Individual contributor,3-5 years,Hybrid,4.0,4.333,4.667,4.0,4.667,4.333,83.3,3.0
R02899,Technology,US,North America,Men,40-49,Team lead,1-2 years,Onsite,5.0,4.0,3.667,4.0,5.0,4.333,83.3,4.667
R02900,Technology,US,North America,Men,30-39,Individual contributor,3-5 years,Hybrid,4.0,3.0,4.0,4.0,5.0,4.0,75.0,4.333
R02901,Technology,US,North America,Women,30-39,Individual contributor,10 years +,Onsite,3.667,3.0,4.0,3.333,5.0,3.8,70.0,4.333
R02902,Technology,US,North America,Men,40-49,Individual contributor,1-2 years,Onsite,4.667,2.667,4.333,3.667,5.0,4.067,76.7,4.0
R02903,Technology,US,North America,Women,40-49,Individual contributor,1-2 years,Hybrid,3.667,4.333,4.0,4.333,4.667,4.2,80.0,5.0
R02905,Technology,US,North America,Men,18-29,Individual contributor,1-2 years,Onsite,3.0,4.333,4.333,3.0,4.667,3.867,71.7,3.667
R02908,Technology,US,North America,Women,30-39,Individual contributor,1-2 years,Onsite,4.333,2.667,3.667,1.667,4.333,3.333,58.3,4.667
R02910,Technology,US,North America,Women,30-39,Individual contributor,< 1 year,Onsite,5.0,4.333,4.333,2.667,5.0,4.267,81.7,4.0
R02911,Technology,US,North America,Women,40-49,Individual contributor,3-5 years,Hybrid,3.667,3.667,4.333,2.0,4.0,3.533,63.3,3.333
R02912,Technology,US,North America,Men,40-49,Individual contributor,3-5 years,Onsite,4.333,4.667,3.667,2.333,3.667,3.733,68.3,4.667
R02913,Technology,US,North America,Men,50-59,Manager,6-10 years,Remote,4.667,3.667,4.0,3.667,5.0,4.2,80.0,4.333
R02914,Technology,IN,APAC,Women,40-49,Individual contributor,< 1 year,Hybrid,4.0,3.333,3.333,4.333,4.0,3.8,70.0,3.667
R02915,Technology,IN,APAC,Women,30-39,Team lead,6-10 years,Hybrid,3.667,2.333,3.0,4.333,2.667,3.2,55.0,3.667
R02916,Technology,IN,APAC,Non-binary / self-described,18-29,Individual contributor,3-5 years,Onsite,3.333,2.0,2.667,2.667,3.667,2.867,46.7,3.333
R02917,Technology,IN,APAC,Women,30-39,Senior leader,3-5 years,Onsite,4.667,3.667,4.667,3.333,3.333,3.933,73.3,4.333
R02918,Technology,IN,APAC,Women,50-59,Individual contributor,1-2 years,Onsite,3.0,2.0,2.667,1.333,3.667,2.533,38.3,2.333
R02919,Technology,IN,APAC,Men,50-59,Individual contributor,3-5 years,Onsite,2.667,3.333,5.0,2.667,2.667,3.267,56.7,3.333
R02920,Technology,IN,APAC,Men,18-29,Manager,3-5 years,Onsite,2.333,2.333,3.333,3.0,4.0,3.0,50.0,2.0
R02921,Technology,IN,APAC,Women,40-49,Individual contributor,3-5 years,Onsite,3.667,3.333,3.333,3.333,2.667,3.267,56.7,3.667
R02922,Technology,IN,APAC,Men,18-29,Team lead,3-5 years,Hybrid,3.333,2.667,2.667,3.667,4.0,3.267,56.7,4.333
R02923,Technology,IN,APAC,Women,18-29,Senior leader,3-5 years,Onsite,3.667,5.0,5.0,3.333,4.333,4.267,81.7,3.667
R02924,Technology,IN,APAC,Men,30-39,Individual contributor,10 years +,Hybrid,2.333,3.333,3.333,3.667,4.0,3.333,58.3,2.667
R02925,Technology,IN,APAC,Women,40-49,Individual contributor,3-5 years,Hybrid,4.0,3.333,2.0,4.333,4.0,3.533,63.3,3.333
R02926,Technology,IN,APAC,Women,40-49,Individual contributor,1-2 years,Hybrid,4.0,3.0,3.667,2.667,3.0,3.267,56.7,3.667
R02927,Technology,IN,APAC,Women,50-59,Individual contributor,6-10 years,Hybrid,3.333,2.0,3.333,4.0,3.667,3.267,56.7,2.667
R02928,Technology,IN,APAC,Men,30-39,Team lead,3-5 years,Hybrid,3.333,2.333,3.0,3.667,3.0,3.067,51.7,3.333
R02929,Technology,IN,APAC,Women,18-29,Individual contributor,3-5 years,Onsite,2.667,2.333,3.0,2.333,2.333,2.533,38.3,2.667
R02931,Technology,IN,APAC,Women,30-39,Individual contributor,10 years +,Onsite,2.333,2.333,4.0,3.333,4.333,3.267,56.7,2.333
R02932,Technology,IN,APAC,Women,60+,Individual contributor,3-5 years,Onsite,2.333,2.333,2.667,2.333,4.333,2.8,45.0,1.333
R02933,Technology,IN,APAC,Men,40-49,Individual contributor,6-10 years,Hybrid,3.0,3.333,3.667,3.333,4.0,3.467,61.7,3.333
R02934,Technology,IN,APAC,Men,30-39,Manager,6-10 years,Onsite,2.667,3.0,2.667,4.0,2.667,3.0,50.0,2.333
R02935,Technology,IN,APAC,Women,30-39,Individual contributor,< 1 year,Hybrid,3.667,3.667,4.0,3.333,4.0,3.733,68.3,3.0
R02936,Technology,IN,APAC,Men,30-39,Individual contributor,3-5 years,Hybrid,3.667,2.333,3.333,3.333,3.0,3.133,53.3,2.0
R02937,Technology,IN,APAC,Women,18-29,Team lead,< 1 year,Onsite,4.333,2.333,3.667,3.0,4.667,3.6,65.0,4.333
R02938,Technology,IN,APAC,Women,30-39,Individual contributor,6-10 years,Onsite,4.333,4.333,3.0,3.0,3.333,3.6,65.0,4.0
R02939,Technology,IN,APAC,Men,30-39,Individual contributor,10 years +,Hybrid,4.0,3.667,3.0,2.0,4.333,3.4,60.0,3.667
R02940,Technology,IN,APAC,Women,50-59,Team lead,6-10 years,Remote,3.0,2.333,3.667,2.667,3.667,3.067,51.7,3.333
R02941,Technology,IN,APAC,Non-binary / self-described,40-49,Team lead,6-10 years,Remote,4.0,2.0,2.667,3.667,3.333,3.133,53.3,1.667
R02942,Technology,IN,APAC,Men,18-29,Individual contributor,1-2 years,Remote,3.333,4.0,3.333,3.0,4.333,3.6,65.0,3.667
R02943,Technology,IN,APAC,Men,30-39,Individual contributor,6-10 years,Remote,4.667,3.0,2.667,2.667,4.0,3.4,60.0,3.667
R02944,Technology,IN,APAC,Women,50-59,Individual contributor,6-10 years,Hybrid,4.667,3.333,2.667,2.0,3.0,3.133,53.3,3.333
R02945,Technology,IN,APAC,Men,40-49,Individual contributor,3-5 years,Hybrid,3.667,3.333,2.667,2.333,3.667,3.133,53.3,2.667
R02946,Technology,IN,APAC,Men,18-29,Individual contributor,3-5 years,Remote,4.333,4.0,2.667,4.0,2.667,3.533,63.3,3.333
R02948,Technology,DE,EMEA,Men,40-49,Individual contributor,6-10 years,Onsite,5.0,4.333,4.333,4.333,3.0,4.2,80.0,3.667
R02949,Technology,DE,EMEA,Women,50-59,Manager,10 years +,Hybrid,5.0,4.0,5.0,4.0,5.0,4.6,90.0,4.667
R02950,Technology,DE,EMEA,Men,40-49,Individual contributor,1-2 years,Hybrid,5.0,4.667,3.667,3.667,5.0,4.4,85.0,4.0
R02951,Technology,DE,EMEA,Women,30-39,Team lead,1-2 years,Onsite,4.667,5.0,4.667,4.0,4.667,4.6,90.0,4.333
R02954,Technology,DE,EMEA,Men,18-29,Individual contributor,6-10 years,Hybrid,3.667,5.0,3.333,3.667,4.333,4.0,75.0,5.0
R02955,Technology,DE,EMEA,Women,50-59,Manager,< 1 year,Onsite,5.0,3.0,4.0,4.0,4.667,4.133,78.3,4.0
R02956,Technology,DE,EMEA,Men,30-39,Individual contributor,10 years +,Onsite,5.0,4.333,4.0,4.333,4.667,4.467,86.7,4.0
R02957,Technology,DE,EMEA,Non-binary / self-described,50-59,Manager,1-2 years,Onsite,4.667,4.333,4.333,4.333,5.0,4.533,88.3,4.667
R02959,Technology,DE,EMEA,Women,40-49,Individual contributor,10 years +,Hybrid,4.667,3.667,4.667,3.667,5.0,4.333,83.3,4.667
R02960,Technology,DE,EMEA,Women,40-49,Team lead,< 1 year,Hybrid,5.0,3.667,4.667,5.0,5.0,4.667,91.7,5.0
R02961,Technology,DE,EMEA,Women,40-49,Individual contributor,1-2 years,Hybrid,4.0,4.667,4.0,2.667,5.0,4.067,76.7,4.333
R02962,Technology,DE,EMEA,Women,50-59,Individual contributor,1-2 years,Onsite,4.667,4.0,4.667,1.0,5.0,3.867,71.7,4.333
R02963,Technology,DE,EMEA,Women,30-39,Individual contributor,3-5 years,Hybrid,4.333,4.667,4.0,2.667,4.333,4.0,75.0,4.0
R02964,Technology,DE,EMEA,Men,40-49,Team lead,1-2 years,Hybrid,5.0,4.0,4.667,4.333,4.0,4.4,85.0,5.0
R02965,Technology,DE,EMEA,Women,40-49,Individual contributor,6-10 years,Onsite,5.0,3.0,4.333,4.333,5.0,4.333,83.3,4.0
R02968,Technology,DE,EMEA,Men,40-49,Individual contributor,< 1 year,Onsite,4.333,4.667,5.0,4.667,4.667,4.667,91.7,3.667
R02969,Technology,DE,EMEA,Women,40-49,Individual contributor,6-10 years,Onsite,5.0,4.0,3.667,4.667,5.0,4.467,86.7,4.667
R02970,Technology,DE,EMEA,Men,30-39,Individual contributor,3-5 years,Hybrid,5.0,2.667,3.667,3.667,5.0,4.0,75.0,4.333
R02973,Technology,DE,EMEA,Men,18-29,Team lead,6-10 years,Hybrid,4.0,4.0,5.0,4.0,5.0,4.4,85.0,4.333
R02974,Technology,DE,EMEA,Men,50-59,Individual contributor,3-5 years,Onsite,4.667,4.667,5.0,3.333,4.333,4.4,85.0,3.333
R02976,Technology,DE,EMEA,Non-binary / self-described,50-59,Team lead,3-5 years,Onsite,5.0,3.0,3.667,2.333,5.0,3.8,70.0,4.0
R02977,Technology,DE,EMEA,Women,60+,Individual contributor,1-2 years,Hybrid,5.0,3.667,4.667,3.333,5.0,4.333,83.3,5.0
R02980,Technology,DE,EMEA,Women,30-39,Individual contributor,1-2 years,Onsite,5.0,4.667,3.333,3.0,4.667,4.133,78.3,4.333
R02981,Technology,DE,EMEA,Women,50-59,Individual contributor,< 1 year,Hybrid,5.0,4.333,4.333,4.0,3.333,4.2,80.0,3.667
R02982,Technology,DE,EMEA,Men,60+,Individual contributor,10 years +,Hybrid,5.0,4.0,3.0,3.667,4.333,4.0,75.0,5.0
R02983,Technology,DE,EMEA,Men,30-39,Individual contributor,10 years +,Onsite,4.0,4.667,4.0,5.0,4.667,4.467,86.7,4.333
R02984,Technology,DE,EMEA,Women,30-39,Manager,3-5 years,Remote,4.667,5.0,4.333,4.0,5.0,4.6,90.0,4.667
R02985,Technology,DE,EMEA,Women,18-29,Individual contributor,3-5 years,Hybrid,3.333,3.667,4.0,3.667,4.333,3.8,70.0,3.667
R02987,Technology,DE,EMEA,Women,40-49,Individual contributor,10 years +,Hybrid,4.0,4.667,4.0,4.0,3.0,3.933,73.3,3.0
R02988,Technology,DE,EMEA,Women,30-39,Individual contributor,1-2 years,Onsite,4.667,4.667,3.667,2.667,3.667,3.867,71.7,2.667
R02989,Technology,DE,EMEA,Men,50-59,Individual contributor,< 1 year,Onsite,3.667,5.0,4.0,3.667,3.667,4.0,75.0,5.0
R02990,Technology,DE,EMEA,Men,40-49,Manager,< 1 year,Onsite,5.0,4.667,5.0,3.667,5.0,4.667,91.7,4.667
R02991,Technology,DE,EMEA,Men,18-29,Senior leader,10 years +,Onsite,5.0,4.667,4.667,5.0,5.0,4.867,96.7,4.333
R02992,Technology,DE,EMEA,Men,40-49,Individual contributor,1-2 years,Hybrid,4.333,4.667,5.0,3.0,4.0,4.2,80.0,5.0
R02993,Technology,DE,EMEA,Women,30-39,Manager,3-5 years,Onsite,4.0,5.0,5.0,4.0,4.667,4.533,88.3,5.0
R02994,Technology,DE,EMEA,Men,18-29,Individual contributor,10 years +,Hybrid,4.333,5.0,4.667,4.333,4.333,4.533,88.3,4.667
R02995,Technology,DE,EMEA,Men,30-39,Individual contributor,3-5 years,Onsite,2.333,5.0,2.667,5.0,4.667,3.933,73.3,4.0
R02996,Technology,DE,EMEA,Women,18-29,Individual contributor,3-5 years,Onsite,4.333,4.667,4.667,3.0,4.667,4.267,81.7,4.333
R02997,Technology,DE,EMEA,Women,50-59,Individual contributor,6-10 years,Remote,4.0,3.667,3.667,3.667,5.0,4.0,75.0,4.0
R02998,Technology,DE,EMEA,Women,18-29,Manager,1-2 years,Remote,4.0,4.333,4.667,3.333,4.667,4.2,80.0,4.333
R02999,Technology,DE,EMEA,Women,50-59,Individual contributor,1-2 years,Onsite,4.0,4.667,2.333,4.0,3.667,3.733,68.3,4.667
R03000,Technology,DE,EMEA,Women,50-59,Team lead,6-10 years,Remote,4.0,5.0,4.667,4.667,5.0,4.667,91.7,4.0
R03001,Technology,DE,EMEA,Men,18-29,Team lead,3-5 years,Hybrid,4.0,4.333,3.333,3.333,3.667,3.733,68.3,3.333
R03002,Technology,DE,EMEA,Men,18-29,Individual contributor,1-2 years,Remote,4.667,4.0,3.333,4.333,3.333,3.933,73.3,3.0
R03003,Technology,US,North America,Men,40-49,Individual contributor,10 years +,Onsite,3.333,4.333,4.667,4.0,3.0,3.867,71.7,4.0
R03004,Technology,US,North America,Men,50-59,Manager,1-2 years,Hybrid,5.0,4.667,4.0,4.0,4.333,4.4,85.0,4.333
R03005,Technology,US,North America,Women,40-49,Individual contributor,< 1 year,Hybrid,4.333,4.0,4.0,3.0,4.333,3.933,73.3,4.667
R03007,Technology,US,North America,Men,40-49,Individual contributor,3-5 years,Hybrid,4.0,5.0,3.667,4.333,4.667,4.333,83.3,3.667
R03008,Technology,US,North America,Women,40-49,Individual contributor,3-5 years,Hybrid,4.667,5.0,4.0,2.667,4.333,4.133,78.3,4.667
R03009,Technology,US,North America,Women,18-29,Individual contributor,6-10 years,Hybrid,4.0,3.333,3.667,4.0,4.0,3.8,70.0,3.333
R03011,Technology,US,North America,Women,60+,Individual contributor,< 1 year,Hybrid,5.0,3.667,4.667,3.0,4.667,4.2,80.0,3.667
R03012,Technology,US,North America,Women,18-29,Individual contributor,< 1 year,Onsite,3.0,5.0,5.0,3.333,4.0,4.067,76.7,4.0
R03013,Technology,US,North America,Women,18-29,Individual contributor,3-5 years,Onsite,4.667,3.333,5.0,4.0,4.667,4.333,83.3,4.667
R03014,Technology,US,North America,Women,40-49,Individual contributor,1-2 years,Hybrid,3.667,5.0,4.667,4.333,4.333,4.4,85.0,3.667
R03016,Technology,US,North America,Men,18-29,Team lead,6-10 years,Hybrid,3.333,5.0,4.667,3.333,4.667,4.2,80.0,4.0
R03017,Technology,US,North America,Women,30-39,Individual contributor,3-5 years,Hybrid,4.333,4.667,3.0,3.667,3.667,3.867,71.7,3.333
R03018,Technology,US,North America,Women,30-39,Individual contributor,6-10 years,Onsite,5.0,3.0,3.333,3.0,2.333,3.333,58.3,4.333
R03020,Technology,US,North America,Non-binary / self-described,40-49,Team lead,< 1 year,Onsite,5.0,5.0,5.0,4.0,4.0,4.6,90.0,5.0
R03021,Technology,IN,APAC,Men,60+,Individual contributor,3-5 years,Onsite,4.667,3.667,3.667,3.667,3.667,3.867,71.7,3.667
R03022,Technology,IN,APAC,Men,18-29,Team lead,3-5 years,Hybrid,3.333,4.667,4.667,3.0,4.333,4.0,75.0,5.0
R03023,Technology,IN,APAC,Men,40-49,Team lead,< 1 year,Hybrid,5.0,5.0,4.667,4.333,5.0,4.8,95.0,4.667
R03024,Technology,IN,APAC,Men,30-39,Manager,1-2 years,Onsite,5.0,4.0,5.0,4.333,4.667,4.6,90.0,3.667
R03025,Technology,IN,APAC,Men,30-39,Manager,3-5 years,Onsite,4.667,5.0,4.333,3.0,5.0,4.4,85.0,4.333
R03026,Technology,IN,APAC,Women,30-39,Team lead,1-2 years,Hybrid,4.333,4.667,4.667,4.333,4.333,4.467,86.7,5.0
R03027,Technology,IN,APAC,Women,40-49,Individual contributor,1-2 years,Hybrid,4.667,4.333,3.333,4.333,4.667,4.267,81.7,4.333
R03028,Technology,IN,APAC,Men,60+,Individual contributor,< 1 year,Onsite,4.333,4.667,4.667,3.667,4.333,4.333,83.3,4.667
R03029,Technology,IN,APAC,Men,18-29,Individual contributor,1-2 years,Hybrid,3.667,3.333,4.667,2.333,4.667,3.733,68.3,4.0
R03032,Technology,IN,APAC,Men,30-39,Individual contributor,3-5 years,Remote,4.333,4.667,4.667,4.667,4.333,4.533,88.3,5.0
R03033,Technology,IN,APAC,Men,30-39,Individual contributor,< 1 year,Hybrid,5.0,4.333,5.0,4.0,5.0,4.667,91.7,5.0
R03036,Technology,CA,North America,Women,60+,Manager,3-5 years,Onsite,5.0,3.667,4.667,4.0,5.0,4.467,86.7,5.0
R03037,Technology,CA,North America,Women,50-59,Team lead,1-2 years,Hybrid,4.667,4.0,5.0,3.0,4.667,4.267,81.7,4.0
R03038,Technology,CA,North America,Men,50-59,Individual contributor,3-5 years,Hybrid,4.333,3.333,4.333,2.667,5.0,3.933,73.3,4.333
R03039,Technology,CA,North America,Women,30-39,Individual contributor,< 1 year,Onsite,5.0,5.0,3.0,3.333,4.667,4.2,80.0,4.333
R03040,Technology,CA,North America,Men,40-49,Team lead,1-2 years,Onsite,4.667,3.333,4.0,4.667,4.333,4.2,80.0,3.333
R03043,Technology,CA,North America,Women,50-59,Team lead,6-10 years,Onsite,3.667,5.0,5.0,4.333,5.0,4.6,90.0,4.333
R03044,Technology,CA,North America,Women,50-59,Individual contributor,10 years +,Onsite,4.333,3.667,4.333,2.0,5.0,3.867,71.7,3.667
R03045,Technology,CA,North America,Women,18-29,Individual contributor,6-10 years,Onsite,3.667,4.667,5.0,3.0,4.667,4.2,80.0,4.333
R03046,Technology,CA,North America,Men,30-39,Team lead,< 1 year,Hybrid,5.0,4.333,5.0,5.0,5.0,4.867,96.7,5.0
R03047,Technology,CA,North America,Men,30-39,Individual contributor,1-2 years,Hybrid,4.667,2.667,4.0,3.333,5.0,3.933,73.3,4.333
R03048,Technology,CA,North America,Women,50-59,Individual contributor,< 1 year,Onsite,4.333,4.0,3.667,3.667,4.667,4.067,76.7,3.667
R03049,Technology,CA,North America,Men,18-29,Individual contributor,3-5 years,Hybrid,4.667,4.333,3.667,2.333,5.0,4.0,75.0,3.667
R03050,Technology,CA,North America,Women,50-59,Individual contributor,6-10 years,Hybrid,4.667,3.333,4.0,3.333,5.0,4.067,76.7,4.667
R03051,Technology,CA,North America,Women,18-29,Individual contributor,3-5 years,Remote,3.667,4.0,4.333,5.0,4.667,4.333,83.3,4.0
R03052,Technology,CA,North America,Women,50-59,Team lead,1-2 years,Onsite,5.0,4.333,4.0,2.667,5.0,4.2,80.0,5.0
R03053,Technology,IN,APAC,Women,30-39,Individual contributor,10 years +,Hybrid,4.333,1.667,4.0,4.0,4.0,3.6,65.0,2.667
R03054,Technology,IN,APAC,Men,30-39,Individual contributor,< 1 year,Onsite,4.0,4.333,3.0,3.0,3.667,3.6,65.0,3.333
R03055,Technology,IN,APAC,Men,30-39,Individual contributor,10 years +,Hybrid,4.0,4.667,4.0,3.667,2.667,3.8,70.0,4.0
R03056,Technology,IN,APAC,Women,30-39,Individual contributor,3-5 years,Hybrid,4.667,4.333,4.333,5.0,3.333,4.333,83.3,5.0
R03057,Technology,IN,APAC,Men,50-59,Individual contributor,6-10 years,Hybrid,3.667,3.667,3.667,2.333,4.333,3.533,63.3,3.0
R03059,Technology,IN,APAC,Women,50-59,Individual contributor,1-2 years,Onsite,3.667,4.333,2.333,4.0,4.667,3.8,70.0,3.333
R03060,Technology,IN,APAC,Women,30-39,Individual contributor,1-2 years,Remote,5.0,4.667,4.333,3.667,4.333,4.4,85.0,4.333
R03061,Technology,IN,APAC,Men,18-29,Individual contributor,3-5 years,Onsite,3.333,4.667,2.667,3.333,3.333,3.467,61.7,2.333
R03062,Technology,IN,APAC,Women,40-49,Individual contributor,< 1 year,Hybrid,4.0,4.0,4.0,3.333,4.667,4.0,75.0,4.667
R03064,Technology,IN,APAC,Men,40-49,Individual contributor,3-5 years,Hybrid,4.333,4.667,4.333,3.667,4.0,4.2,80.0,4.0
R03066,Technology,IN,APAC,Men,30-39,Individual contributor,10 years +,Onsite,3.667,3.667,2.333,3.0,4.333,3.4,60.0,2.667
R03067,Technology,IN,APAC,Men,30-39,Team lead,1-2 years,Onsite,2.333,4.667,3.667,4.333,4.0,3.8,70.0,4.333
R03068,Technology,IN,APAC,Men,18-29,Team lead,< 1 year,Onsite,5.0,4.333,3.333,5.0,5.0,4.533,88.3,3.333
R03072,Technology,PL,EMEA,Women,50-59,Individual contributor,3-5 years,Onsite,5.0,4.0,3.667,2.0,4.0,3.733,68.3,4.0
R03073,Technology,PL,EMEA,Women,40-49,Individual contributor,1-2 years,Onsite,4.0,3.667,5.0,3.0,4.333,4.0,75.0,5.0
R03074,Technology,PL,EMEA,Women,30-39,Team lead,3-5 years,Remote,4.667,1.333,4.333,4.333,4.667,3.867,71.7,4.0
R03075,Technology,PL,EMEA,Men,40-49,Individual contributor,1-2 years,Hybrid,4.667,3.333,3.667,3.0,3.667,3.667,66.7,4.0
R03076,Technology,PL,EMEA,Men,40-49,Individual contributor,10 years +,Hybrid,5.0,3.333,2.667,2.333,4.0,3.467,61.7,3.667
R03077,Technology,PL,EMEA,Women,18-29,Individual contributor,3-5 years,Onsite,4.333,3.0,3.667,3.333,2.667,3.4,60.0,4.0
R03078,Technology,PL,EMEA,Men,60+,Individual contributor,3-5 years,Onsite,5.0,2.667,4.667,1.667,5.0,3.8,70.0,4.667
R03079,Technology,PL,EMEA,Men,50-59,Manager,3-5 years,Remote,5.0,4.333,4.667,4.333,5.0,4.667,91.7,4.333
R03080,Technology,PL,EMEA,Women,40-49,Individual contributor,10 years +,Onsite,2.333,4.667,4.333,3.0,4.667,3.8,70.0,3.0
R03081,Technology,PL,EMEA,Women,30-39,Individual contributor,3-5 years,Hybrid,4.667,4.333,4.0,3.667,3.667,4.067,76.7,3.667
R03082,Technology,PL,EMEA,Men,30-39,Manager,< 1 year,Hybrid,5.0,3.0,4.667,4.333,4.667,4.333,83.3,4.667
R03083,Technology,PL,EMEA,Women,18-29,Individual contributor,1-2 years,Onsite,3.333,4.333,2.667,3.0,3.333,3.333,58.3,3.667
R03084,Technology,PL,EMEA,Women,40-49,Team lead,3-5 years,Onsite,4.667,4.333,3.0,2.0,5.0,3.8,70.0,4.667
R03086,Technology,PL,EMEA,Women,30-39,Individual contributor,1-2 years,Onsite,3.333,4.333,3.0,4.333,4.0,3.8,70.0,4.333
R03087,Technology,PL,EMEA,Men,30-39,Individual contributor,1-2 years,Onsite,3.667,3.667,4.0,3.0,4.0,3.667,66.7,3.667
R03088,Technology,PL,EMEA,Men,40-49,Individual contributor,1-2 years,Hybrid,4.0,4.0,2.0,4.667,5.0,3.933,73.3,3.667
R03089,Technology,PL,EMEA,Women,30-39,Individual contributor,3-5 years,Hybrid,4.0,4.0,5.0,3.667,3.333,4.0,75.0,4.0
R03090,Technology,PL,EMEA,Women,30-39,Senior leader,10 years +,Onsite,5.0,5.0,3.0,3.667,4.333,4.2,80.0,3.333
R03092,Technology,PL,EMEA,Men,30-39,Individual contributor,3-5 years,Hybrid,4.333,3.667,4.667,4.667,3.667,4.2,80.0,4.667
R03093,Technology,PL,EMEA,Women,18-29,Manager,10 years +,Onsite,5.0,4.333,3.333,3.667,4.0,4.067,76.7,3.333
R03094,Technology,PL,EMEA,Men,18-29,Individual contributor,< 1 year,Hybrid,3.333,2.667,3.667,4.0,3.667,3.467,61.7,3.667
R03095,Technology,PL,EMEA,Men,18-29,Team lead,6-10 years,Onsite,3.667,3.333,3.667,4.667,4.0,3.867,71.7,4.333
R03096,Technology,PL,EMEA,Men,40-49,Manager,3-5 years,Hybrid,4.333,3.667,4.0,4.0,5.0,4.2,80.0,4.0
R03097,Technology,PL,EMEA,Men,60+,Individual contributor,< 1 year,Onsite,4.333,4.333,2.667,4.667,3.667,3.933,73.3,4.0
R03098,Technology,PL,EMEA,Men,18-29,Individual contributor,10 years +,Onsite,4.0,5.0,2.667,3.667,2.333,3.533,63.3,3.667
R03099,Technology,PL,EMEA,Women,30-39,Individual contributor,10 years +,Hybrid,3.333,5.0,3.667,2.667,3.333,3.6,65.0,4.0
R03100,Technology,PL,EMEA,Women,18-29,Team lead,1-2 years,Onsite,3.667,3.333,3.0,3.333,3.0,3.267,56.7,3.0
R03101,Technology,PL,EMEA,Women,50-59,Team lead,1-2 years,Hybrid,4.667,5.0,5.0,4.333,3.667,4.533,88.3,5.0
R03102,Technology,PL,EMEA,Women,30-39,Individual contributor,10 years +,Remote,5.0,3.0,4.333,3.333,4.667,4.067,76.7,3.333
R03103,Technology,PL,EMEA,Women,30-39,Senior leader,3-5 years,Hybrid,4.0,4.667,5.0,4.333,4.0,4.4,85.0,4.667
R03104,Technology,PL,EMEA,Men,18-29,Individual contributor,3-5 years,Onsite,3.333,5.0,4.0,3.0,2.333,3.533,63.3,3.667
R03105,Technology,PL,EMEA,Men,30-39,Manager,3-5 years,Hybrid,5.0,4.333,4.333,5.0,3.0,4.333,83.3,4.333
R03107,Technology,PL,EMEA,Women,30-39,Team lead,1-2 years,Hybrid,3.333,4.0,4.333,3.667,4.667,4.0,75.0,3.667
R03108,Technology,PL,EMEA,Men,18-29,Manager,6-10 years,Remote,4.667,4.333,4.0,3.333,3.667,4.0,75.0,3.333
R03109,Technology,CA,North America,Non-binary / self-described,60+,Manager,3-5 years,Hybrid,4.0,4.333,4.667,3.333,3.667,4.0,75.0,4.333
R03110,Technology,CA,North America,Men,60+,Manager,1-2 years,Onsite,4.667,5.0,4.0,2.667,5.0,4.267,81.7,5.0
R03111,Technology,CA,North America,Women,50-59,Individual contributor,< 1 year,Onsite,4.667,5.0,4.667,4.0,5.0,4.667,91.7,5.0
R03112,Technology,CA,North America,Men,30-39,Team lead,6-10 years,Hybrid,3.667,5.0,3.667,4.333,4.333,4.2,80.0,4.667
R03113,Technology,CA,North America,Men,30-39,Individual contributor,1-2 years,Remote,4.0,4.333,3.0,2.0,5.0,3.667,66.7,2.667
R03115,Technology,CA,North America,Men,30-39,Individual contributor,3-5 years,Remote,5.0,3.0,3.0,3.333,4.0,3.667,66.7,3.333
R03116,Technology,CA,North America,Women,18-29,Individual contributor,< 1 year,Hybrid,3.667,4.0,2.333,4.333,3.333,3.533,63.3,5.0
R03117,Finance & Legal,SG,APAC,Men,30-39,Individual contributor,1-2 years,Onsite,4.333,4.0,4.333,3.667,4.667,4.2,80.0,4.0
R03118,Finance & Legal,SG,APAC,Men,50-59,Manager,6-10 years,Hybrid,5.0,5.0,4.333,2.333,3.667,4.067,76.7,4.0
R03119,Finance & Legal,SG,APAC,Men,18-29,Individual contributor,1-2 years,Onsite,3.667,3.333,4.0,1.667,5.0,3.533,63.3,3.333
R03122,Finance & Legal,SG,APAC,Women,30-39,Individual contributor,3-5 years,Hybrid,4.667,4.0,4.0,1.667,4.0,3.667,66.7,3.667
R03123,Finance & Legal,SG,APAC,Women,18-29,Individual contributor,3-5 years,Onsite,4.0,3.667,4.0,3.667,3.667,3.8,70.0,4.333
R03124,Finance & Legal,SG,APAC,Women,30-39,Individual contributor,1-2 years,Onsite,4.333,4.667,2.667,4.667,4.333,4.133,78.3,4.0
R03125,Finance & Legal,SG,APAC,Women,60+,Individual contributor,< 1 year,Hybrid,4.0,5.0,4.0,3.0,4.667,4.133,78.3,4.667
R03126,Finance & Legal,SG,APAC,Men,40-49,Individual contributor,< 1 year,Hybrid,4.667,4.667,4.667,3.0,5.0,4.4,85.0,4.0
R03127,Finance & Legal,SG,APAC,Women,30-39,Team lead,3-5 years,Hybrid,4.0,4.333,4.333,4.667,4.333,4.333,83.3,4.0
R03128,Finance & Legal,SG,APAC,Men,40-49,Individual contributor,< 1 year,Onsite,4.0,4.667,4.667,3.0,3.333,3.933,73.3,4.333
R03129,Finance & Legal,SG,APAC,Men,30-39,Individual contributor,10 years +,Remote,3.667,3.667,4.333,4.0,3.333,3.8,70.0,3.333
R03130,Finance & Legal,SG,APAC,Women,40-49,Individual contributor,1-2 years,Hybrid,5.0,5.0,4.333,3.333,4.333,4.4,85.0,4.0
R03131,Finance & Legal,SG,APAC,Men,40-49,Team lead,1-2 years,Hybrid,4.333,5.0,4.0,3.0,4.333,4.133,78.3,3.0
R03132,Finance & Legal,SG,APAC,Women,30-39,Individual contributor,< 1 year,Onsite,5.0,3.0,4.0,4.667,4.667,4.267,81.7,3.667
R03133,Finance & Legal,SG,APAC,Men,30-39,Individual contributor,6-10 years,Hybrid,4.667,3.333,4.0,3.0,4.333,3.867,71.7,4.667
R03134,Finance & Legal,SG,APAC,Non-binary / self-described,18-29,Manager,< 1 year,Onsite,5.0,5.0,4.333,5.0,3.333,4.533,88.3,5.0
R03136,Finance & Legal,SG,APAC,Men,40-49,Team lead,6-10 years,Hybrid,3.333,4.0,4.0,4.667,4.0,4.0,75.0,4.0
R03137,Finance & Legal,SG,APAC,Men,18-29,Team lead,1-2 years,Onsite,4.667,5.0,3.333,2.667,3.667,3.867,71.7,2.667
R03138,Finance & Legal,SG,APAC,Men,30-39,Individual contributor,10 years +,Remote,4.333,1.667,5.0,4.333,4.667,4.0,75.0,4.0
R03139,Finance & Legal,SG,APAC,Men,60+,Manager,6-10 years,Onsite,4.0,3.333,4.0,3.333,3.333,3.6,65.0,3.667
R03140,Finance & Legal,SG,APAC,Men,18-29,Individual contributor,6-10 years,Onsite,3.667,4.0,2.333,2.667,4.667,3.467,61.7,4.0
R03142,Finance & Legal,SG,APAC,Women,40-49,Individual contributor,1-2 years,Onsite,3.667,2.333,3.333,4.333,4.667,3.667,66.7,3.333
R03143,Finance & Legal,SG,APAC,Men,18-29,Individual contributor,< 1 year,Hybrid,4.0,3.667,3.333,3.667,3.667,3.667,66.7,4.0
R03144,Finance & Legal,SG,APAC,Men,30-39,Individual contributor,10 years +,Onsite,4.0,4.333,5.0,2.667,4.667,4.133,78.3,5.0
R03145,Finance & Legal,SG,APAC,Men,30-39,Individual contributor,3-5 years,Hybrid,5.0,3.333,3.667,4.0,5.0,4.2,80.0,4.333
R03146,Finance & Legal,SG,APAC,Women,40-49,Individual contributor,6-10 years,Onsite,4.0,3.0,3.0,3.0,4.333,3.467,61.7,4.333
R03147,Finance & Legal,SG,APAC,Men,18-29,Manager,< 1 year,Onsite,5.0,3.667,3.333,3.0,4.667,3.933,73.3,4.333
R03148,Finance & Legal,SG,APAC,Men,30-39,Team lead,1-2 years,Onsite,4.333,3.667,3.667,4.0,4.333,4.0,75.0,3.667
R03149,Finance & Legal,SG,APAC,Men,50-59,Individual contributor,< 1 year,Remote,3.667,4.0,5.0,4.667,5.0,4.467,86.7,3.0
R03150,Finance & Legal,SG,APAC,Men,18-29,Individual contributor,< 1 year,Remote,5.0,5.0,3.667,3.667,4.0,4.267,81.7,4.0
R03151,Finance & Legal,SG,APAC,Women,50-59,Individual contributor,1-2 years,Remote,4.667,4.0,5.0,3.667,4.0,4.267,81.7,4.667
R03152,Finance & Legal,SG,APAC,Non-binary / self-described,40-49,Individual contributor,10 years +,Hybrid,4.333,3.333,4.333,3.0,3.667,3.733,68.3,3.333
R03153,Finance & Legal,SG,APAC,Men,18-29,Individual contributor,3-5 years,Remote,3.333,3.0,3.333,4.667,2.667,3.4,60.0,3.0
R03154,Finance & Legal,SG,APAC,Women,30-39,Individual contributor,6-10 years,Hybrid,5.0,2.0,3.667,2.667,2.667,3.2,55.0,3.667
R03155,Finance & Legal,SG,APAC,Non-binary / self-described,30-39,Individual contributor,1-2 years,Onsite,4.333,3.0,4.333,2.667,4.667,3.8,70.0,3.667
R03158,Finance & Legal,SG,APAC,Men,30-39,Individual contributor,1-2 years,Hybrid,3.667,4.0,5.0,3.0,3.667,3.867,71.7,4.667
R03159,Finance & Legal,CA,North America,Women,18-29,Individual contributor,6-10 years,Hybrid,3.333,3.333,2.0,3.0,4.667,3.267,56.7,3.0
R03160,Finance & Legal,CA,North America,Women,30-39,Team lead,1-2 years,Onsite,3.667,3.0,3.667,1.667,5.0,3.4,60.0,4.0
R03161,Finance & Legal,CA,North America,Men,18-29,Individual contributor,6-10 years,Hybrid,4.333,4.333,3.333,1.667,4.667,3.667,66.7,4.333
R03162,Finance & Legal,CA,North America,Women,30-39,Individual contributor,< 1 year,Remote,3.0,3.333,4.667,2.667,4.667,3.667,66.7,3.667
R03163,Finance & Legal,CA,North America,Men,30-39,Senior leader,3-5 years,Hybrid,4.667,4.0,4.333,4.0,4.667,4.333,83.3,4.667
R03164,Finance & Legal,CA,North America,Non-binary / self-described,18-29,Manager,1-2 years,Hybrid,3.333,3.0,2.667,4.0,4.0,3.4,60.0,3.333
R03165,Finance & Legal,CA,North America,Men,40-49,Individual contributor,1-2 years,Onsite,4.0,4.0,2.0,4.333,5.0,3.867,71.7,3.667
R03166,Finance & Legal,CA,North America,Men,50-59,Individual contributor,10 years +,Remote,4.0,4.333,2.0,3.0,3.667,3.4,60.0,4.333
R03168,Finance & Legal,CA,North America,Women,30-39,Individual contributor,< 1 year,Onsite,2.667,4.0,3.0,4.667,4.333,3.733,68.3,3.667
R03169,Finance & Legal,CA,North America,Men,50-59,Individual contributor,3-5 years,Onsite,3.667,2.333,3.333,4.333,5.0,3.733,68.3,5.0
R03171,Finance & Legal,CA,North America,Women,30-39,Individual contributor,6-10 years,Onsite,3.333,2.333,3.333,4.333,4.333,3.533,63.3,3.333
R03172,Finance & Legal,CA,North America,Men,40-49,Manager,1-2 years,Hybrid,3.0,3.0,4.333,4.333,3.667,3.667,66.7,4.0
R03173,Finance & Legal,CA,North America,Women,40-49,Team lead,< 1 year,Onsite,4.0,3.0,4.0,3.667,4.667,3.867,71.7,2.667
R03174,Finance & Legal,CA,North America,Men,30-39,Individual contributor,1-2 years,Hybrid,3.667,3.333,3.667,3.0,2.333,3.2,55.0,3.0
R03176,Finance & Legal,CA,North America,Women,50-59,Individual contributor,< 1 year,Hybrid,4.333,1.667,2.333,3.0,4.333,3.133,53.3,2.667
R03178,Finance & Legal,CA,North America,Men,40-49,Individual contributor,1-2 years,Onsite,4.333,4.333,3.667,4.333,4.0,4.133,78.3,4.667
R03179,Finance & Legal,CA,North America,Non-binary / self-described,60+,Team lead,3-5 years,Onsite,4.333,4.333,3.0,2.333,4.0,3.6,65.0,3.333
R03180,Finance & Legal,CA,North America,Women,40-49,Individual contributor,6-10 years,Onsite,4.333,4.0,2.0,3.0,4.333,3.533,63.3,4.0
R03181,Finance & Legal,CA,North America,Women,40-49,Individual contributor,1-2 years,Hybrid,4.0,3.333,3.333,4.0,4.333,3.8,70.0,3.333
R03182,Finance & Legal,US,North America,Men,18-29,Individual contributor,6-10 years,Onsite,2.667,1.667,4.0,3.333,4.0,3.133,53.3,3.667
R03183,Finance & Legal,US,North America,Women,50-59,Team lead,3-5 years,Onsite,4.667,1.667,3.0,3.0,3.0,3.067,51.7,3.0
R03184,Finance & Legal,US,North America,Men,50-59,Individual contributor,1-2 years,Remote,4.333,3.667,4.0,3.333,4.667,4.0,75.0,4.0
R03186,Finance & Legal,US,North America,Women,30-39,Individual contributor,10 years +,Onsite,4.667,3.333,4.333,2.333,2.667,3.467,61.7,4.0
R03187,Finance & Legal,US,North America,Women,40-49,Team lead,6-10 years,Hybrid,5.0,3.333,3.667,3.333,4.667,4.0,75.0,3.667
R03188,Finance & Legal,US,North America,Non-binary / self-described,30-39,Senior leader,3-5 years,Onsite,3.667,3.667,3.0,3.667,4.667,3.733,68.3,3.333
R03189,Finance & Legal,US,North America,Men,18-29,Individual contributor,1-2 years,Hybrid,4.667,2.667,3.333,2.667,4.667,3.6,65.0,3.333
R03190,Finance & Legal,US,North America,Women,50-59,Individual contributor,1-2 years,Onsite,3.0,3.333,4.667,3.0,4.333,3.667,66.7,2.667
R03191,Finance & Legal,DE,EMEA,Women,50-59,Individual contributor,1-2 years,Hybrid,3.667,3.0,3.667,4.0,4.667,3.8,70.0,4.333
R03193,Finance & Legal,DE,EMEA,Women,30-39,Individual contributor,3-5 years,Hybrid,4.333,2.667,4.667,3.0,5.0,3.933,73.3,3.0
R03194,Finance & Legal,DE,EMEA,Men,40-49,Individual contributor,3-5 years,Onsite,4.333,3.0,4.0,3.0,5.0,3.867,71.7,4.667
R03195,Finance & Legal,SG,APAC,Men,30-39,Individual contributor,< 1 year,Onsite,4.0,3.0,4.667,3.0,4.333,3.8,70.0,4.0
R03196,Finance & Legal,SG,APAC,Women,30-39,Individual contributor,3-5 years,Hybrid,4.0,2.333,3.333,3.333,5.0,3.6,65.0,3.667
R03197,Finance & Legal,SG,APAC,Men,40-49,Individual contributor,< 1 year,Onsite,4.0,3.0,3.667,3.667,5.0,3.867,71.7,4.333
R03198,Finance & Legal,SG,APAC,Men,50-59,Manager,1-2 years,Hybrid,4.0,5.0,5.0,4.333,5.0,4.667,91.7,4.667
R03201,Finance & Legal,SG,APAC,Women,50-59,Individual contributor,< 1 year,Hybrid,4.667,4.0,2.333,3.333,5.0,3.867,71.7,4.667
R03202,Finance & Legal,SG,APAC,Women,30-39,Team lead,1-2 years,Onsite,5.0,3.333,4.0,1.0,4.333,3.533,63.3,4.0
R03204,Finance & Legal,SG,APAC,Women,30-39,Individual contributor,6-10 years,Remote,4.0,4.0,4.667,3.0,2.0,3.533,63.3,3.667
R03205,Finance & Legal,SG,APAC,Men,30-39,Individual contributor,1-2 years,Remote,3.667,4.667,4.667,4.667,4.667,4.467,86.7,4.0
R03208,Finance & Legal,SG,APAC,Women,40-49,Individual contributor,10 years +,Onsite,4.667,4.333,3.667,3.667,3.667,4.0,75.0,4.333
R03209,Finance & Legal,SG,APAC,Women,30-39,Individual contributor,6-10 years,Onsite,4.333,3.667,3.667,3.333,4.333,3.867,71.7,3.667
R03210,Finance & Legal,SG,APAC,Men,40-49,Team lead,6-10 years,Onsite,4.667,2.333,4.333,4.667,4.333,4.067,76.7,4.667
R03211,Finance & Legal,SG,APAC,Women,60+,Individual contributor,< 1 year,Onsite,4.667,3.667,3.0,3.667,5.0,4.0,75.0,3.333
R03212,Finance & Legal,SG,APAC,Men,40-49,Individual contributor,< 1 year,Remote,5.0,3.333,4.0,3.667,4.333,4.067,76.7,4.0
R03213,Finance & Legal,SG,APAC,Women,50-59,Team lead,< 1 year,Onsite,4.333,4.667,4.0,3.667,3.667,4.067,76.7,4.0
R03214,Finance & Legal,SG,APAC,Men,30-39,Individual contributor,1-2 years,Hybrid,2.0,3.333,4.0,4.0,5.0,3.667,66.7,3.667
R03215,Finance & Legal,SG,APAC,Non-binary / self-described,40-49,Individual contributor,< 1 year,Hybrid,5.0,2.667,5.0,3.667,4.333,4.133,78.3,5.0
R03216,Finance & Legal,SG,APAC,Men,18-29,Individual contributor,3-5 years,Hybrid,4.333,4.333,4.667,3.333,3.333,4.0,75.0,4.0
R03217,Finance & Legal,SG,APAC,Women,30-39,Individual contributor,6-10 years,Hybrid,5.0,2.0,4.0,3.333,4.667,3.8,70.0,5.0
R03218,Finance & Legal,SG,APAC,Men,30-39,Manager,3-5 years,Onsite,4.667,3.0,3.667,3.0,5.0,3.867,71.7,4.333
R03220,Finance & Legal,SG,APAC,Women,18-29,Individual contributor,< 1 year,Onsite,2.667,4.333,4.333,3.667,3.333,3.667,66.7,4.333
R03221,Finance & Legal,SG,APAC,Men,18-29,Manager,3-5 years,Remote,5.0,3.0,3.333,1.667,4.0,3.4,60.0,3.333
R03222,Finance & Legal,SG,APAC,Women,18-29,Individual contributor,3-5 years,Onsite,5.0,3.0,4.667,3.667,3.667,4.0,75.0,3.0
R03223,Finance & Legal,SG,APAC,Men,30-39,Individual contributor,1-2 years,Onsite,4.0,2.667,2.667,2.333,4.333,3.2,55.0,1.667
R03224,Finance & Legal,SG,APAC,Women,50-59,Individual contributor,1-2 years,Onsite,4.0,4.0,4.0,3.333,4.0,3.867,71.7,4.667
R03227,Finance & Legal,SG,APAC,Women,30-39,Individual contributor,1-2 years,Hybrid,3.333,2.667,4.333,4.0,3.333,3.533,63.3,3.0
R03228,Finance & Legal,SG,APAC,Men,18-29,Manager,3-5 years,Onsite,5.0,4.0,4.0,4.667,3.667,4.267,81.7,4.667
R03229,Finance & Legal,SG,APAC,Women,18-29,Individual contributor,6-10 years,Remote,5.0,3.333,3.667,3.333,4.0,3.867,71.7,4.667
R03231,Finance & Legal,SG,APAC,Women,40-49,Manager,1-2 years,Onsite,4.667,4.333,3.0,4.333,4.667,4.2,80.0,3.667
R03232,Finance & Legal,SG,APAC,Men,30-39,Individual contributor,6-10 years,Hybrid,3.333,3.0,3.333,3.0,3.667,3.267,56.7,3.667
R03233,Finance & Legal,SG,APAC,Women,18-29,Individual contributor,1-2 years,Onsite,2.333,3.333,4.333,2.667,4.667,3.467,61.7,3.667
R03234,Finance & Legal,SG,APAC,Men,60+,Individual contributor,1-2 years,Remote,4.0,4.333,3.333,3.333,4.667,3.933,73.3,4.333
R03236,Finance & Legal,SG,APAC,Men,30-39,Individual contributor,3-5 years,Hybrid,5.0,4.333,3.0,2.667,3.0,3.6,65.0,3.0
R03237,Finance & Legal,SG,APAC,Non-binary / self-described,40-49,Individual contributor,6-10 years,Hybrid,5.0,3.333,2.333,3.667,3.667,3.6,65.0,4.667
R03238,Finance & Legal,SG,APAC,Women,30-39,Individual contributor,< 1 year,Hybrid,3.0,5.0,5.0,2.333,4.333,3.933,73.3,3.333
R03239,Finance & Legal,SG,APAC,Men,18-29,Individual contributor,1-2 years,Hybrid,3.667,3.0,4.333,2.667,5.0,3.733,68.3,3.333
R03240,Finance & Legal,SG,APAC,Women,18-29,Individual contributor,6-10 years,Onsite,3.333,3.333,2.667,3.333,3.667,3.267,56.7,3.0
R03241,Finance & Legal,SG,APAC,Non-binary / self-described,30-39,Individual contributor,3-5 years,Hybrid,4.0,4.0,4.0,4.0,4.333,4.067,76.7,3.0
R03242,Finance & Legal,SG,APAC,Women,60+,Individual contributor,< 1 year,Hybrid,3.667,4.333,3.0,3.333,4.333,3.733,68.3,2.0
R03243,Finance & Legal,SG,APAC,Women,30-39,Manager,3-5 years,Onsite,4.667,3.0,3.333,3.667,3.667,3.667,66.7,4.0
R03244,Finance & Legal,SG,APAC,Men,40-49,Individual contributor,10 years +,Onsite,4.333,3.333,3.333,4.333,5.0,4.067,76.7,3.667
R03245,Finance & Legal,SG,APAC,Non-binary / self-described,60+,Individual contributor,1-2 years,Onsite,4.667,3.667,5.0,4.333,3.667,4.267,81.7,4.667
R03246,Finance & Legal,CA,North America,Men,40-49,Individual contributor,6-10 years,Onsite,3.333,3.667,3.667,4.0,4.667,3.867,71.7,4.0
R03248,Finance & Legal,CA,North America,Men,30-39,Individual contributor,3-5 years,Remote,2.667,2.333,2.333,3.333,2.333,2.6,40.0,2.0
R03250,Finance & Legal,CA,North America,Women,18-29,Individual contributor,3-5 years,Hybrid,3.333,3.333,1.333,2.0,3.667,2.733,43.3,3.333
R03251,Finance & Legal,CA,North America,Women,18-29,Team lead,3-5 years,Onsite,4.0,3.667,3.0,4.667,5.0,4.067,76.7,3.667
R03253,Finance & Legal,CA,North America,Men,18-29,Individual contributor,1-2 years,Hybrid,2.667,2.667,3.667,3.0,3.667,3.133,53.3,5.0
R03254,Finance & Legal,CA,North America,Men,50-59,Senior leader,10 years +,Onsite,4.333,4.667,4.667,2.0,4.0,3.933,73.3,4.333
R03255,Finance & Legal,CA,North America,Men,50-59,Individual contributor,< 1 year,Remote,4.667,4.333,2.0,3.667,5.0,3.933,73.3,4.333
R03256,Finance & Legal,CA,North America,Men,30-39,Individual contributor,1-2 years,Hybrid,4.0,3.333,4.667,3.333,4.333,3.933,73.3,4.333
R03257,Finance & Legal,CA,North America,Men,18-29,Individual contributor,6-10 years,Hybrid,3.333,4.333,1.667,2.667,2.0,2.8,45.0,2.333
R03258,Finance & Legal,CA,North America,Non-binary / self-described,30-39,Team lead,3-5 years,Hybrid,4.0,2.333,4.333,2.667,2.0,3.067,51.7,2.667
R03259,Finance & Legal,CA,North America,Men,30-39,Individual contributor,10 years +,Hybrid,3.667,2.333,3.667,2.0,4.0,3.133,53.3,3.333
R03260,Finance & Legal,CA,North America,Women,30-39,Individual contributor,6-10 years,Onsite,3.0,2.333,3.667,3.333,5.0,3.467,61.7,4.0
R03261,Finance & Legal,CA,North America,Men,60+,Individual contributor,10 years +,Remote,4.0,4.333,4.333,2.667,3.333,3.733,68.3,4.0
R03262,Finance & Legal,CA,North America,Women,40-49,Individual contributor,3-5 years,Remote,3.667,1.333,3.333,4.0,3.667,3.2,55.0,4.0
R03263,Finance & Legal,CA,North America,Women,40-49,Manager,1-2 years,Hybrid,5.0,3.333,3.667,3.0,2.667,3.533,63.3,2.333
R03265,Finance & Legal,CA,North America,Men,60+,Individual contributor,3-5 years,Hybrid,4.0,3.0,3.333,2.0,4.333,3.333,58.3,4.333
R03266,Finance & Legal,CA,North America,Men,60+,Individual contributor,6-10 years,Onsite,4.333,3.0,3.667,3.0,3.667,3.533,63.3,4.333
R03267,Finance & Legal,CA,North America,Men,18-29,Individual contributor,< 1 year,Hybrid,4.0,4.0,2.667,2.333,4.0,3.4,60.0,2.667
R03268,Finance & Legal,CA,North America,Non-binary / self-described,40-49,Individual contributor,1-2 years,Onsite,3.0,3.0,3.333,3.667,4.667,3.533,63.3,2.667
R03269,Finance & Legal,CA,North America,Women,40-49,Individual contributor,3-5 years,Onsite,2.667,4.333,2.667,2.667,3.0,3.067,51.7,4.333
R03271,Finance & Legal,CA,North America,Women,18-29,Individual contributor,6-10 years,Onsite,4.333,2.667,3.0,3.0,2.0,3.0,50.0,2.667
R03272,Finance & Legal,CA,North America,Men,50-59,Individual contributor,6-10 years,Hybrid,3.333,3.333,3.0,1.667,3.333,2.933,48.3,4.667
R03273,Finance & Legal,CA,North America,Men,40-49,Team lead,6-10 years,Hybrid,3.667,2.667,3.667,2.667,3.0,3.133,53.3,3.667
R03275,Finance & Legal,CA,North America,Women,18-29,Individual contributor,6-10 years,Onsite,2.333,3.0,3.333,1.333,2.333,2.467,36.7,3.0
R03276,Finance & Legal,CA,North America,Men,18-29,Individual contributor,1-2 years,Hybrid,4.0,3.333,3.333,2.667,2.667,3.2,55.0,5.0
R03277,Finance & Legal,CA,North America,Men,18-29,Individual contributor,3-5 years,Remote,3.333,4.0,3.0,2.667,3.333,3.267,56.7,3.667
R03278,Finance & Legal,PL,EMEA,Men,30-39,Individual contributor,3-5 years,Remote,5.0,4.0,5.0,4.667,5.0,4.733,93.3,5.0
R03279,Finance & Legal,PL,EMEA,Men,30-39,Manager,< 1 year,Onsite,4.333,4.333,5.0,5.0,5.0,4.733,93.3,5.0
R03281,Finance & Legal,PL,EMEA,Women,30-39,Individual contributor,1-2 years,Onsite,5.0,3.0,4.0,2.667,4.333,3.8,70.0,4.667
R03282,Finance & Legal,PL,EMEA,Women,40-49,Team lead,1-2 years,Hybrid,4.667,4.333,3.333,4.0,5.0,4.267,81.7,5.0
R03285,Finance & Legal,PL,EMEA,Men,30-39,Team lead,6-10 years,Onsite,5.0,5.0,4.0,4.333,4.667,4.6,90.0,4.0
R03286,Finance & Legal,PL,EMEA,Men,50-59,Manager,3-5 years,Onsite,5.0,4.333,4.333,4.667,5.0,4.667,91.7,5.0
R03287,Finance & Legal,PL,EMEA,Men,40-49,Individual contributor,< 1 year,Onsite,5.0,5.0,5.0,4.0,5.0,4.8,95.0,5.0
R03288,Finance & Legal,PL,EMEA,Women,18-29,Individual contributor,3-5 years,Remote,5.0,4.0,4.667,2.667,5.0,4.267,81.7,4.0
R03289,Finance & Legal,PL,EMEA,Women,40-49,Team lead,6-10 years,Hybrid,5.0,3.0,3.667,3.333,4.0,3.8,70.0,5.0
R03290,Finance & Legal,PL,EMEA,Non-binary / self-described,18-29,Individual contributor,1-2 years,Hybrid,4.333,2.333,4.333,3.667,5.0,3.933,73.3,3.667
R03291,Finance & Legal,PL,EMEA,Women,40-49,Individual contributor,3-5 years,Onsite,5.0,3.667,4.0,3.333,4.667,4.133,78.3,4.333
R03292,Finance & Legal,PL,EMEA,Women,50-59,Individual contributor,10 years +,Remote,4.667,4.333,4.0,2.0,4.667,3.933,73.3,3.0
R03293,Finance & Legal,PL,EMEA,Women,40-49,Individual contributor,3-5 years,Hybrid,4.667,4.0,4.667,3.0,4.333,4.133,78.3,4.0
R03294,Finance & Legal,PL,EMEA,Men,40-49,Individual contributor,6-10 years,Onsite,5.0,3.333,3.667,2.667,4.667,3.867,71.7,4.333
R03295,Finance & Legal,PL,EMEA,Men,60+,Individual contributor,< 1 year,Remote,4.667,3.667,3.667,3.333,4.333,3.933,73.3,4.0
R03297,Finance & Legal,PL,EMEA,Women,40-49,Individual contributor,3-5 years,Onsite,4.667,3.333,5.0,4.333,5.0,4.467,86.7,4.333
R03298,Finance & Legal,PL,EMEA,Men,40-49,Individual contributor,3-5 years,Hybrid,5.0,3.667,5.0,3.0,5.0,4.333,83.3,5.0
R03299,Finance & Legal,PL,EMEA,Women,60+,Individual contributor,6-10 years,Onsite,5.0,3.333,3.333,2.667,4.0,3.667,66.7,4.0
R03300,Finance & Legal,PL,EMEA,Men,40-49,Individual contributor,1-2 years,Onsite,5.0,4.667,4.0,2.667,5.0,4.267,81.7,4.667
R03301,Finance & Legal,PL,EMEA,Women,40-49,Individual contributor,1-2 years,Remote,5.0,3.667,4.333,2.0,3.333,3.667,66.7,3.667
R03302,Finance & Legal,US,North America,Non-binary / self-described,30-39,Individual contributor,3-5 years,Remote,2.333,4.333,4.0,3.0,2.333,3.2,55.0,3.667
R03303,Finance & Legal,US,North America,Non-binary / self-described,30-39,Individual contributor,6-10 years,Hybrid,5.0,3.0,2.0,3.667,3.333,3.4,60.0,2.667
R03305,Finance & Legal,US,North America,Men,50-59,Individual contributor,6-10 years,Onsite,5.0,4.0,3.333,2.0,5.0,3.867,71.7,4.667
R03308,Finance & Legal,US,North America,Men,40-49,Team lead,1-2 years,Onsite,3.667,3.667,4.333,3.333,5.0,4.0,75.0,3.333
R03310,Finance & Legal,US,North America,Men,40-49,Individual contributor,1-2 years,Hybrid,3.667,4.333,2.333,4.0,4.667,3.8,70.0,3.667
R03312,Finance & Legal,US,North America,Men,18-29,Individual contributor,< 1 year,Onsite,5.0,3.333,4.667,2.333,3.667,3.8,70.0,2.333
R03313,Finance & Legal,US,North America,Women,40-49,Individual contributor,1-2 years,Hybrid,3.0,2.0,3.0,3.0,4.0,3.0,50.0,3.0
R03314,Finance & Legal,US,North America,Men,30-39,Individual contributor,10 years +,Remote,3.667,4.0,5.0,3.667,5.0,4.267,81.7,4.0
R03315,Finance & Legal,US,North America,Women,50-59,Individual contributor,1-2 years,Onsite,4.667,4.333,4.667,2.333,2.667,3.733,68.3,4.667
R03316,Finance & Legal,US,North America,Women,40-49,Individual contributor,< 1 year,Onsite,4.0,5.0,4.667,3.333,5.0,4.4,85.0,3.333
R03317,Finance & Legal,US,North America,Women,18-29,Individual contributor,6-10 years,Remote,3.333,4.333,3.0,3.333,2.333,3.267,56.7,4.333
R03318,Finance & Legal,US,North America,Women,18-29,Individual contributor,< 1 year,Onsite,3.0,3.667,4.0,4.667,3.667,3.8,70.0,3.667
R03319,Finance & Legal,US,North America,Men,18-29,Individual contributor,6-10 years,Hybrid,3.333,3.0,3.0,1.667,3.333,2.867,46.7,3.333
R03320,Finance & Legal,US,North America,Women,30-39,Individual contributor,1-2 years,Onsite,4.333,4.0,4.0,5.0,4.333,4.333,83.3,3.667
R03322,Finance & Legal,US,North America,Women,40-49,Individual contributor,6-10 years,Hybrid,5.0,3.333,3.0,3.0,5.0,3.867,71.7,4.0
R03323,Finance & Legal,US,North America,Women,18-29,Individual contributor,< 1 year,Remote,3.667,4.667,4.0,4.333,3.667,4.067,76.7,4.333
R03324,Finance & Legal,US,North America,Women,18-29,Individual contributor,1-2 years,Hybrid,4.667,4.0,5.0,3.333,3.667,4.133,78.3,4.333
R03325,Finance & Legal,US,North America,Women,18-29,Manager,1-2 years,Onsite,4.667,3.667,3.667,4.667,5.0,4.333,83.3,4.333
R03326,Finance & Legal,US,North America,Men,40-49,Team lead,< 1 year,Remote,4.667,5.0,5.0,3.0,4.333,4.4,85.0,4.667
R03327,Finance & Legal,US,North America,Women,40-49,Team lead,3-5 years,Remote,2.667,4.0,4.333,3.0,4.667,3.733,68.3,4.333
R03328,Finance & Legal,US,North America,Men,18-29,Individual contributor,6-10 years,Onsite,4.0,5.0,4.333,4.667,4.333,4.467,86.7,5.0
R03329,Finance & Legal,US,North America,Women,40-49,Individual contributor,6-10 years,Remote,4.0,2.667,3.0,3.667,4.0,3.467,61.7,2.667
R03330,Finance & Legal,US,North America,Men,40-49,Individual contributor,10 years +,Onsite,3.333,4.667,3.333,3.0,3.667,3.6,65.0,4.333
R03331,Finance & Legal,US,North America,Women,50-59,Team lead,3-5 years,Onsite,4.333,3.0,4.333,3.667,4.667,4.0,75.0,3.667
R03332,Finance & Legal,US,North America,Men,30-39,Team lead,6-10 years,Onsite,3.667,4.667,2.667,3.333,3.667,3.6,65.0,4.0
R03333,Finance & Legal,US,North America,Men,18-29,Individual contributor,3-5 years,Onsite,4.333,4.667,4.667,4.0,3.667,4.267,81.7,4.667
R03336,Finance & Legal,US,North America,Women,18-29,Team lead,10 years +,Onsite,4.667,4.667,4.667,4.0,4.667,4.533,88.3,3.333
R03337,Finance & Legal,US,North America,Men,30-39,Individual contributor,6-10 years,Remote,5.0,4.333,3.667,5.0,4.0,4.4,85.0,3.0
R03338,Finance & Legal,US,North America,Men,40-49,Individual contributor,< 1 year,Onsite,4.667,3.667,5.0,4.333,4.0,4.333,83.3,4.667
R03339,Finance & Legal,US,North America,Women,60+,Individual contributor,3-5 years,Onsite,4.0,3.333,3.333,4.0,3.333,3.6,65.0,4.667
R03340,Finance & Legal,US,North America,Women,18-29,Individual contributor,1-2 years,Onsite,4.333,2.667,5.0,4.333,4.333,4.133,78.3,4.0
R03341,Finance & Legal,US,North America,Men,30-39,Individual contributor,< 1 year,Hybrid,4.333,3.667,4.0,4.0,4.667,4.133,78.3,5.0
R03345,Finance & Legal,US,North America,Men,40-49,Individual contributor,10 years +,Onsite,4.0,3.667,2.0,3.333,4.667,3.533,63.3,4.333
R03346,Finance & Legal,US,North America,Men,30-39,Team lead,3-5 years,Onsite,3.0,4.333,4.0,2.333,3.0,3.333,58.3,3.333
R03348,Finance & Legal,US,North America,Men,18-29,Individual contributor,6-10 years,Onsite,3.667,3.333,3.333,3.667,3.333,3.467,61.7,3.333
R03349,Finance & Legal,US,North America,Men,40-49,Team lead,3-5 years,Hybrid,5.0,3.333,4.0,2.667,4.0,3.8,70.0,3.333
R03352,Finance & Legal,US,North America,Women,40-49,Individual contributor,6-10 years,Hybrid,3.667,4.667,4.0,4.0,4.333,4.133,78.3,4.667
R03353,Finance & Legal,US,North America,Women,30-39,Individual contributor,< 1 year,Onsite,3.667,4.333,3.0,4.0,4.0,3.8,70.0,4.0
R03354,Finance & Legal,US,North America,Men,50-59,Manager,6-10 years,Remote,4.333,5.0,4.667,3.667,4.333,4.4,85.0,4.333
R03355,Finance & Legal,US,North America,Non-binary / self-described,18-29,Individual contributor,3-5 years,Remote,4.333,3.667,3.333,3.333,5.0,3.933,73.3,4.0
R03356,Finance & Legal,US,North America,Women,40-49,Team lead,1-2 years,Onsite,4.333,3.333,2.333,4.333,2.667,3.4,60.0,3.667
R03359,Finance & Legal,US,North America,Women,30-39,Individual contributor,1-2 years,Onsite,3.0,3.667,3.667,3.333,4.667,3.667,66.7,4.667
R03361,Finance & Legal,US,North America,Women,40-49,Individual contributor,6-10 years,Hybrid,4.667,3.667,3.667,2.0,3.667,3.533,63.3,3.333
R03362,Finance & Legal,US,North America,Men,50-59,Manager,3-5 years,Onsite,4.667,2.667,5.0,4.333,4.333,4.2,80.0,4.0
R03363,Finance & Legal,US,North America,Women,30-39,Individual contributor,< 1 year,Hybrid,4.333,3.667,4.667,3.667,4.333,4.133,78.3,4.333
R03365,Finance & Legal,US,North America,Men,40-49,Individual contributor,3-5 years,Hybrid,4.667,2.667,4.0,3.0,2.333,3.333,58.3,4.0
R03366,Finance & Legal,US,North America,Women,50-59,Team lead,1-2 years,Onsite,5.0,4.333,4.0,3.667,4.0,4.2,80.0,4.333
R03367,Finance & Legal,US,North America,Women,30-39,Individual contributor,< 1 year,Onsite,4.333,4.333,4.0,3.0,3.0,3.733,68.3,3.0
R03368,Finance & Legal,US,North America,Men,50-59,Individual contributor,3-5 years,Hybrid,4.667,3.0,3.667,3.0,3.667,3.6,65.0,4.0
R03369,Finance & Legal,US,North America,Men,30-39,Individual contributor,3-5 years,Hybrid,4.667,4.333,3.333,3.0,4.667,4.0,75.0,3.0
R03370,Finance & Legal,US,North America,Men,18-29,Individual contributor,10 years +,Hybrid,2.0,4.333,4.667,2.333,3.333,3.333,58.3,4.333
R03371,Finance & Legal,US,North America,Women,40-49,Individual contributor,< 1 year,Onsite,4.667,2.333,4.0,4.333,4.333,3.933,73.3,4.333
R03372,Finance & Legal,US,North America,Men,40-49,Individual contributor,< 1 year,Onsite,4.667,3.0,4.667,2.667,4.333,3.867,71.7,4.667
R03373,Finance & Legal,US,North America,Men,40-49,Individual contributor,< 1 year,Onsite,3.667,4.0,4.667,3.0,5.0,4.067,76.7,4.0
R03374,Finance & Legal,US,North America,Women,30-39,Individual contributor,1-2 years,Hybrid,3.667,4.333,4.333,4.667,5.0,4.4,85.0,3.667
R03375,Finance & Legal,US,North America,Non-binary / self-described,40-49,Team lead,3-5 years,Onsite,4.333,2.667,4.0,3.0,4.667,3.733,68.3,3.0
R03376,Finance & Legal,US,North America,Men,30-39,Individual contributor,1-2 years,Hybrid,3.667,4.0,4.0,2.333,4.667,3.733,68.3,2.333
R03377,Finance & Legal,US,North America,Women,30-39,Individual contributor,10 years +,Onsite,4.667,3.0,4.0,3.333,2.667,3.533,63.3,4.667
R03378,Finance & Legal,DE,EMEA,Women,60+,Individual contributor,1-2 years,Onsite,4.333,2.667,4.333,3.667,4.667,3.933,73.3,3.0
R03379,Finance & Legal,DE,EMEA,Women,40-49,Manager,1-2 years,Hybrid,5.0,5.0,3.667,5.0,5.0,4.733,93.3,5.0
R03380,Finance & Legal,DE,EMEA,Women,30-39,Individual contributor,10 years +,Onsite,2.0,4.333,3.0,4.667,5.0,3.8,70.0,4.0
R03381,Finance & Legal,DE,EMEA,Non-binary / self-described,30-39,Individual contributor,3-5 years,Hybrid,4.667,4.667,3.667,3.333,4.0,4.067,76.7,3.0
R03382,Finance & Legal,DE,EMEA,Men,40-49,Individual contributor,1-2 years,Hybrid,3.333,5.0,3.667,5.0,4.667,4.333,83.3,3.0
R03383,Finance & Legal,DE,EMEA,Women,40-49,Team lead,1-2 years,Hybrid,5.0,4.667,5.0,3.333,4.0,4.4,85.0,3.333
R03385,Finance & Legal,DE,EMEA,Women,50-59,Individual contributor,6-10 years,Onsite,4.333,4.667,4.333,4.0,4.0,4.267,81.7,4.667
R03386,Finance & Legal,DE,EMEA,Men,40-49,Individual contributor,< 1 year,Onsite,3.0,5.0,4.667,3.667,3.667,4.0,75.0,4.0
R03387,Finance & Legal,DE,EMEA,Men,40-49,Individual contributor,3-5 years,Remote,3.667,5.0,4.667,3.0,4.333,4.133,78.3,3.667
R03388,Finance & Legal,DE,EMEA,Men,40-49,Team lead,6-10 years,Onsite,4.667,4.333,5.0,5.0,4.0,4.6,90.0,5.0
R03389,Finance & Legal,DE,EMEA,Women,30-39,Individual contributor,1-2 years,Hybrid,4.667,4.667,5.0,4.667,3.333,4.467,86.7,3.667
R03390,Finance & Legal,DE,EMEA,Women,60+,Individual contributor,1-2 years,Hybrid,4.333,5.0,4.333,3.667,3.667,4.2,80.0,4.667
R03391,Finance & Legal,DE,EMEA,Men,30-39,Individual contributor,10 years +,Hybrid,4.667,4.667,5.0,3.667,4.333,4.467,86.7,3.333
R03392,Finance & Legal,DE,EMEA,Women,40-49,Individual contributor,3-5 years,Hybrid,4.667,5.0,3.667,4.667,4.667,4.533,88.3,3.667
R03393,Finance & Legal,DE,EMEA,Women,30-39,Team lead,3-5 years,Hybrid,4.0,3.0,3.333,3.667,3.667,3.533,63.3,3.667
R03394,Finance & Legal,DE,EMEA,Men,40-49,Individual contributor,1-2 years,Hybrid,4.333,4.0,4.667,4.667,3.667,4.267,81.7,4.0
R03395,Finance & Legal,DE,EMEA,Men,60+,Individual contributor,3-5 years,Onsite,4.667,4.667,4.333,2.333,4.333,4.067,76.7,3.667
R03396,Finance & Legal,DE,EMEA,Men,18-29,Individual contributor,10 years +,Hybrid,5.0,4.0,4.333,3.667,3.667,4.133,78.3,4.667
R03397,Finance & Legal,DE,EMEA,Women,60+,Individual contributor,1-2 years,Remote,3.667,4.667,4.667,4.0,4.667,4.333,83.3,3.667
R03398,Finance & Legal,DE,EMEA,Men,30-39,Individual contributor,6-10 years,Hybrid,4.333,4.333,4.0,3.333,5.0,4.2,80.0,3.667
R03399,Finance & Legal,DE,EMEA,Men,60+,Individual contributor,< 1 year,Onsite,4.667,3.667,5.0,4.333,5.0,4.533,88.3,5.0
R03400,Finance & Legal,DE,EMEA,Men,30-39,Individual contributor,3-5 years,Remote,4.667,4.333,4.333,1.333,4.333,3.8,70.0,3.667
R03402,Finance & Legal,DE,EMEA,Men,30-39,Individual contributor,< 1 year,Hybrid,5.0,5.0,4.667,4.333,4.667,4.733,93.3,5.0
R03403,Finance & Legal,DE,EMEA,Women,40-49,Individual contributor,6-10 years,Onsite,5.0,4.333,4.667,3.667,4.333,4.4,85.0,4.333
R03404,Finance & Legal,DE,EMEA,Women,40-49,Individual contributor,3-5 years,Hybrid,4.333,4.333,5.0,3.0,3.667,4.067,76.7,4.333
R03405,Finance & Legal,DE,EMEA,Women,40-49,Individual contributor,3-5 years,Onsite,3.0,5.0,4.333,4.333,4.0,4.133,78.3,4.667
R03406,Finance & Legal,PL,EMEA,Men,18-29,Individual contributor,10 years +,Remote,4.0,2.333,2.0,4.333,5.0,3.533,63.3,2.0
R03408,Finance & Legal,PL,EMEA,Women,40-49,Individual contributor,3-5 years,Remote,5.0,4.667,5.0,2.333,5.0,4.4,85.0,5.0
R03409,Finance & Legal,PL,EMEA,Women,18-29,Individual contributor,1-2 years,Onsite,4.333,4.0,3.0,3.0,4.333,3.733,68.3,3.333
R03410,Finance & Legal,PL,EMEA,Women,40-49,Individual contributor,1-2 years,Onsite,4.667,4.0,5.0,2.0,5.0,4.133,78.3,4.0
R03411,Finance & Legal,PL,EMEA,Men,18-29,Team lead,3-5 years,Hybrid,5.0,5.0,3.0,2.333,4.333,3.933,73.3,4.667
R03412,Finance & Legal,PL,EMEA,Men,30-39,Team lead,< 1 year,Remote,3.667,4.0,5.0,3.0,5.0,4.133,78.3,4.667
R03414,Finance & Legal,PL,EMEA,Men,30-39,Team lead,6-10 years,Onsite,3.333,3.333,4.0,2.667,4.333,3.533,63.3,3.0
R03415,Finance & Legal,PL,EMEA,Women,18-29,Individual contributor,6-10 years,Remote,4.333,3.333,2.667,2.333,4.333,3.4,60.0,3.667
R03416,Finance & Legal,PL,EMEA,Men,60+,Individual contributor,1-2 years,Remote,5.0,2.667,3.333,4.667,3.667,3.867,71.7,3.0
R03417,Finance & Legal,PL,EMEA,Men,30-39,Individual contributor,6-10 years,Onsite,3.667,2.0,4.0,3.0,4.0,3.333,58.3,4.0
R03418,Finance & Legal,PL,EMEA,Men,40-49,Individual contributor,1-2 years,Hybrid,5.0,4.667,3.333,3.0,5.0,4.2,80.0,4.667
R03419,Finance & Legal,PL,EMEA,Women,40-49,Team lead,3-5 years,Onsite,4.0,4.0,3.0,3.667,5.0,3.933,73.3,3.333
R03420,Finance & Legal,PL,EMEA,Women,40-49,Individual contributor,< 1 year,Onsite,3.667,4.333,3.333,5.0,4.333,4.133,78.3,4.667
R03421,Finance & Legal,PL,EMEA,Men,40-49,Individual contributor,3-5 years,Onsite,3.0,3.333,3.0,3.0,4.667,3.4,60.0,4.333
R03422,Finance & Legal,PL,EMEA,Women,40-49,Individual contributor,3-5 years,Onsite,4.333,3.0,3.0,3.0,4.0,3.467,61.7,3.667
R03423,Finance & Legal,PL,EMEA,Women,40-49,Individual contributor,1-2 years,Hybrid,4.667,2.667,5.0,3.0,5.0,4.067,76.7,4.667
R03424,Finance & Legal,PL,EMEA,Women,60+,Team lead,3-5 years,Hybrid,5.0,4.667,3.333,2.667,4.667,4.067,76.7,4.0
R03425,Finance & Legal,SG,APAC,Women,30-39,Manager,< 1 year,Hybrid,4.667,3.667,4.333,5.0,4.667,4.467,86.7,3.667
R03426,Finance & Legal,SG,APAC,Men,30-39,Team lead,3-5 years,Onsite,4.667,3.667,4.0,4.667,4.0,4.2,80.0,4.0
R03428,Finance & Legal,SG,APAC,Women,18-29,Individual contributor,< 1 year,Onsite,4.0,3.667,4.333,4.0,5.0,4.2,80.0,4.333
R03429,Finance & Legal,SG,APAC,Women,30-39,Individual contributor,3-5 years,Onsite,4.333,4.333,3.333,4.333,4.667,4.2,80.0,3.667
R03430,Finance & Legal,SG,APAC,Women,30-39,Individual contributor,6-10 years,Hybrid,5.0,5.0,2.0,3.667,5.0,4.133,78.3,4.667
R03431,Finance & Legal,SG,APAC,Women,50-59,Team lead,3-5 years,Remote,4.0,4.667,4.667,4.333,3.667,4.267,81.7,4.333
R03432,Finance & Legal,SG,APAC,Women,30-39,Individual contributor,10 years +,Remote,5.0,4.333,4.333,2.333,5.0,4.2,80.0,4.333
R03433,Finance & Legal,SG,APAC,Women,30-39,Individual contributor,< 1 year,Hybrid,5.0,5.0,4.667,5.0,4.667,4.867,96.7,4.333
R03434,Finance & Legal,SG,APAC,Men,18-29,Individual contributor,6-10 years,Remote,4.0,3.667,2.333,4.333,4.0,3.667,66.7,3.667
R03436,Finance & Legal,SG,APAC,Men,60+,Individual contributor,6-10 years,Onsite,5.0,5.0,4.333,2.333,5.0,4.333,83.3,4.667
R03437,Finance & Legal,SG,APAC,Women,30-39,Individual contributor,< 1 year,Hybrid,5.0,3.667,4.667,4.0,5.0,4.467,86.7,4.667
R03438,Finance & Legal,SG,APAC,Men,40-49,Manager,1-2 years,Onsite,5.0,5.0,5.0,3.333,5.0,4.667,91.7,5.0
R03439,Finance & Legal,SG,APAC,Women,18-29,Individual contributor,1-2 years,Remote,5.0,4.667,3.667,3.0,3.667,4.0,75.0,4.667
R03440,Finance & Legal,SG,APAC,Men,40-49,Individual contributor,1-2 years,Onsite,4.667,4.0,4.333,5.0,4.333,4.467,86.7,5.0
R03441,Finance & Legal,SG,APAC,Women,40-49,Individual contributor,3-5 years,Onsite,4.667,4.333,3.667,4.333,4.333,4.267,81.7,4.0
R03442,Finance & Legal,SG,APAC,Non-binary / self-described,30-39,Individual contributor,< 1 year,Onsite,4.667,3.667,5.0,4.333,4.333,4.4,85.0,5.0
R03444,Finance & Legal,SG,APAC,Women,30-39,Individual contributor,1-2 years,Hybrid,4.333,3.667,5.0,4.0,4.333,4.267,81.7,4.333
R03445,Finance & Legal,SG,APAC,Men,40-49,Team lead,< 1 year,Onsite,4.0,4.0,5.0,4.667,4.0,4.333,83.3,5.0
R03446,Finance & Legal,SG,APAC,Men,40-49,Team lead,< 1 year,Remote,5.0,4.333,4.0,3.0,5.0,4.267,81.7,4.333
R03447,Finance & Legal,SG,APAC,Men,18-29,Individual contributor,6-10 years,Hybrid,3.667,5.0,4.667,4.0,4.333,4.333,83.3,3.667
R03448,Finance & Legal,SG,APAC,Men,30-39,Individual contributor,6-10 years,Hybrid,5.0,4.333,4.333,5.0,3.667,4.467,86.7,4.0
R03449,Finance & Legal,IN,APAC,Women,30-39,Senior leader,1-2 years,Hybrid,5.0,3.667,2.0,3.0,3.667,3.467,61.7,4.0
R03450,Finance & Legal,IN,APAC,Men,30-39,Individual contributor,3-5 years,Onsite,2.333,3.333,3.0,2.667,2.667,2.8,45.0,2.333
R03451,Finance & Legal,IN,APAC,Women,30-39,Individual contributor,3-5 years,Onsite,2.667,3.333,2.667,2.667,3.0,2.867,46.7,4.333
R03452,Finance & Legal,IN,APAC,Women,30-39,Individual contributor,6-10 years,Hybrid,4.0,5.0,1.333,4.0,4.333,3.733,68.3,3.0
R03453,Finance & Legal,IN,APAC,Women,30-39,Individual contributor,< 1 year,Remote,3.667,2.333,3.333,2.333,3.0,2.933,48.3,4.0
R03454,Finance & Legal,IN,APAC,Women,40-49,Team lead,< 1 year,Hybrid,3.0,2.667,3.0,4.333,2.333,3.067,51.7,3.333
R03455,Finance & Legal,IN,APAC,Men,60+,Individual contributor,6-10 years,Hybrid,3.333,4.667,3.667,2.667,3.333,3.533,63.3,2.667
R03458,Finance & Legal,IN,APAC,Women,30-39,Individual contributor,1-2 years,Hybrid,2.0,4.333,2.667,3.0,4.0,3.2,55.0,3.667
R03459,People & Workplace,US,North America,Women,30-39,Individual contributor,3-5 years,Onsite,4.667,3.333,4.333,2.0,4.333,3.733,68.3,4.0
R03460,People & Workplace,US,North America,Women,30-39,Individual contributor,6-10 years,Hybrid,4.333,5.0,4.333,3.333,3.333,4.067,76.7,3.667
R03461,People & Workplace,US,North America,Men,40-49,Individual contributor,< 1 year,Remote,5.0,4.0,3.333,3.0,4.0,3.867,71.7,3.0
R03463,People & Workplace,US,North America,Women,30-39,Individual contributor,10 years +,Hybrid,4.667,4.333,4.333,3.333,4.667,4.267,81.7,4.333
R03464,People & Workplace,US,North America,Men,30-39,Individual contributor,10 years +,Hybrid,5.0,2.667,3.333,4.667,3.0,3.733,68.3,4.333
R03465,People & Workplace,US,North America,Women,40-49,Individual contributor,< 1 year,Hybrid,5.0,4.333,4.333,4.333,4.333,4.467,86.7,4.667
R03466,People & Workplace,US,North America,Men,50-59,Individual contributor,6-10 years,Onsite,4.333,2.667,2.333,4.667,4.333,3.667,66.7,3.0
R03467,People & Workplace,US,North America,Men,30-39,Individual contributor,1-2 years,Hybrid,3.0,4.667,4.667,4.0,4.333,4.133,78.3,3.0
R03469,People & Workplace,US,North America,Women,18-29,Individual contributor,< 1 year,Hybrid,4.333,2.0,3.333,4.0,5.0,3.733,68.3,4.0
R03470,People & Workplace,US,North America,Women,50-59,Individual contributor,10 years +,Hybrid,4.667,4.0,4.0,5.0,4.0,4.333,83.3,4.333
R03471,People & Workplace,US,North America,Women,50-59,Individual contributor,3-5 years,Hybrid,4.0,3.667,4.333,3.667,4.333,4.0,75.0,4.333
R03472,People & Workplace,US,North America,Men,18-29,Individual contributor,3-5 years,Onsite,4.333,4.0,3.0,3.667,5.0,4.0,75.0,3.667
R03473,People & Workplace,US,North America,Women,18-29,Team lead,< 1 year,Onsite,4.667,4.0,4.667,3.333,4.0,4.133,78.3,4.0
R03474,People & Workplace,US,North America,Women,18-29,Team lead,3-5 years,Onsite,4.333,3.333,4.0,3.333,4.667,3.933,73.3,3.333
R03475,People & Workplace,US,North America,Non-binary / self-described,60+,Individual contributor,3-5 years,Hybrid,3.667,4.333,2.667,3.333,4.333,3.667,66.7,3.0
R03476,People & Workplace,US,North America,Men,30-39,Individual contributor,< 1 year,Hybrid,2.667,4.667,4.333,2.333,4.667,3.733,68.3,3.667
R03477,People & Workplace,PL,EMEA,Men,18-29,Individual contributor,3-5 years,Onsite,4.0,4.0,3.0,4.333,3.667,3.8,70.0,3.0
R03479,People & Workplace,PL,EMEA,Men,50-59,Individual contributor,1-2 years,Onsite,4.667,3.667,3.0,3.333,5.0,3.933,73.3,3.667
R03480,People & Workplace,PL,EMEA,Women,50-59,Individual contributor,1-2 years,Onsite,4.0,3.333,2.333,3.667,4.667,3.6,65.0,3.333
R03481,People & Workplace,PL,EMEA,Men,18-29,Individual contributor,6-10 years,Hybrid,5.0,3.667,3.0,4.0,3.333,3.8,70.0,4.333
R03482,People & Workplace,PL,EMEA,Women,50-59,Individual contributor,3-5 years,Hybrid,4.0,3.667,4.0,2.0,4.0,3.533,63.3,4.667
R03483,People & Workplace,PL,EMEA,Men,50-59,Individual contributor,3-5 years,Onsite,2.667,2.667,2.0,3.333,4.333,3.0,50.0,4.0
R03485,People & Workplace,PL,EMEA,Women,60+,Team lead,3-5 years,Onsite,3.0,4.333,2.0,4.333,3.0,3.333,58.3,3.0
R03486,People & Workplace,PL,EMEA,Men,18-29,Individual contributor,3-5 years,Onsite,4.667,4.667,2.667,4.0,3.333,3.867,71.7,4.667
R03488,People & Workplace,PL,EMEA,Men,30-39,Team lead,3-5 years,Onsite,4.667,4.667,4.667,4.0,3.0,4.2,80.0,4.333
R03489,People & Workplace,PL,EMEA,Men,30-39,Manager,1-2 years,Onsite,5.0,3.0,3.667,4.333,4.333,4.067,76.7,4.667
R03490,People & Workplace,PL,EMEA,Women,18-29,Individual contributor,< 1 year,Remote,4.333,5.0,5.0,3.333,4.0,4.333,83.3,4.333
R03491,People & Workplace,PL,EMEA,Men,40-49,Individual contributor,10 years +,Remote,4.667,3.0,4.333,3.0,4.333,3.867,71.7,4.667
R03492,People & Workplace,PL,EMEA,Men,40-49,Individual contributor,10 years +,Onsite,4.667,3.667,3.333,3.333,3.0,3.6,65.0,3.0
R03493,People & Workplace,PL,EMEA,Men,18-29,Individual contributor,1-2 years,Onsite,4.667,2.333,4.667,4.333,2.667,3.733,68.3,3.667
R03494,People & Workplace,PL,EMEA,Men,40-49,Individual contributor,6-10 years,Onsite,3.0,2.333,5.0,5.0,4.667,4.0,75.0,4.667
R03496,People & Workplace,PL,EMEA,Women,40-49,Individual contributor,3-5 years,Hybrid,3.667,4.667,3.333,2.0,2.667,3.267,56.7,3.333
R03497,People & Workplace,PL,EMEA,Women,18-29,Individual contributor,10 years +,Onsite,5.0,3.0,4.667,2.667,4.667,4.0,75.0,3.333
R03499,People & Workplace,PL,EMEA,Men,18-29,Team lead,< 1 year,Onsite,5.0,5.0,3.667,4.667,5.0,4.667,91.7,5.0
R03500,People & Workplace,PL,EMEA,Men,30-39,Manager,10 years +,Remote,5.0,5.0,4.333,4.667,5.0,4.8,95.0,5.0
R03501,People & Workplace,PL,EMEA,Men,30-39,Manager,3-5 years,Hybrid,4.667,3.333,4.667,4.0,5.0,4.333,83.3,4.667
R03503,People & Workplace,PL,EMEA,Men,40-49,Individual contributor,1-2 years,Onsite,5.0,5.0,5.0,4.0,4.333,4.667,91.7,5.0
R03504,People & Workplace,PL,EMEA,Men,40-49,Manager,1-2 years,Onsite,5.0,4.667,5.0,4.667,5.0,4.867,96.7,5.0
R03505,People & Workplace,PL,EMEA,Women,40-49,Team lead,6-10 years,Hybrid,5.0,5.0,5.0,4.333,5.0,4.867,96.7,4.667
R03506,People & Workplace,PL,EMEA,Non-binary / self-described,50-59,Individual contributor,< 1 year,Hybrid,5.0,3.333,4.667,4.667,5.0,4.533,88.3,3.667
R03507,People & Workplace,PL,EMEA,Men,40-49,Individual contributor,3-5 years,Onsite,5.0,4.333,3.667,5.0,4.667,4.533,88.3,3.667
R03508,People & Workplace,PL,EMEA,Women,40-49,Individual contributor,< 1 year,Onsite,4.333,4.667,4.333,4.0,4.333,4.333,83.3,4.667
R03509,People & Workplace,PL,EMEA,Men,50-59,Individual contributor,1-2 years,Onsite,5.0,2.667,3.333,4.0,4.667,3.933,73.3,2.667
R03510,People & Workplace,PL,EMEA,Women,30-39,Individual contributor,6-10 years,Remote,5.0,5.0,5.0,5.0,5.0,5.0,100.0,5.0
R03511,People & Workplace,PL,EMEA,Women,18-29,Individual contributor,6-10 years,Hybrid,5.0,3.333,4.333,4.667,5.0,4.467,86.7,4.667
R03512,People & Workplace,PL,EMEA,Men,40-49,Individual contributor,1-2 years,Onsite,5.0,5.0,4.667,5.0,4.667,4.867,96.7,4.667
R03513,People & Workplace,PL,EMEA,Men,30-39,Team lead,< 1 year,Onsite,4.667,4.333,5.0,4.0,5.0,4.6,90.0,5.0
R03514,People & Workplace,PL,EMEA,Women,40-49,Individual contributor,3-5 years,Hybrid,5.0,5.0,4.667,4.667,5.0,4.867,96.7,5.0
R03515,People & Workplace,PL,EMEA,Men,30-39,Team lead,< 1 year,Onsite,5.0,4.333,4.667,4.667,5.0,4.733,93.3,5.0
R03516,People & Workplace,PL,EMEA,Men,30-39,Individual contributor,3-5 years,Hybrid,5.0,4.667,4.667,4.333,5.0,4.733,93.3,4.667
R03517,People & Workplace,PL,EMEA,Women,30-39,Individual contributor,3-5 years,Onsite,5.0,3.667,5.0,3.667,5.0,4.467,86.7,4.667
R03518,People & Workplace,PL,EMEA,Women,40-49,Individual contributor,1-2 years,Hybrid,5.0,4.667,4.333,4.667,4.667,4.667,91.7,4.0
R03519,People & Workplace,PL,EMEA,Men,30-39,Individual contributor,1-2 years,Hybrid,5.0,4.667,4.667,4.667,4.333,4.667,91.7,4.333
R03520,People & Workplace,PL,EMEA,Men,30-39,Individual contributor,< 1 year,Remote,5.0,4.333,5.0,2.333,4.667,4.267,81.7,4.0
R03521,People & Workplace,PL,EMEA,Men,18-29,Individual contributor,< 1 year,Hybrid,4.667,4.333,4.0,4.333,5.0,4.467,86.7,5.0
R03522,People & Workplace,PL,EMEA,Women,40-49,Individual contributor,3-5 years,Hybrid,4.0,4.667,4.0,4.0,5.0,4.333,83.3,4.667
R03523,People & Workplace,PL,EMEA,Women,30-39,Manager,1-2 years,Hybrid,5.0,5.0,4.667,4.667,5.0,4.867,96.7,5.0
R03524,People & Workplace,PL,EMEA,Men,50-59,Manager,1-2 years,Onsite,5.0,5.0,5.0,4.0,5.0,4.8,95.0,5.0
R03525,People & Workplace,PL,EMEA,Men,50-59,Individual contributor,< 1 year,Hybrid,5.0,5.0,4.667,4.667,5.0,4.867,96.7,5.0
R03526,People & Workplace,PL,EMEA,Men,40-49,Individual contributor,6-10 years,Onsite,4.667,4.667,4.333,3.0,5.0,4.333,83.3,3.667
R03527,People & Workplace,PL,EMEA,Women,60+,Individual contributor,3-5 years,Onsite,4.667,4.0,4.333,4.667,4.667,4.467,86.7,3.333
R03528,People & Workplace,PL,EMEA,Women,40-49,Individual contributor,3-5 years,Hybrid,5.0,3.333,4.0,3.0,4.667,4.0,75.0,5.0
R03529,People & Workplace,PL,EMEA,Women,60+,Team lead,3-5 years,Hybrid,4.333,5.0,4.333,4.667,4.667,4.6,90.0,4.667
R03530,People & Workplace,PL,EMEA,Men,30-39,Individual contributor,3-5 years,Remote,3.667,5.0,4.0,4.333,5.0,4.4,85.0,5.0
R03531,People & Workplace,PL,EMEA,Men,18-29,Individual contributor,1-2 years,Onsite,4.0,5.0,4.667,4.667,5.0,4.667,91.7,5.0
R03532,People & Workplace,SG,APAC,Women,18-29,Senior leader,1-2 years,Remote,4.333,5.0,5.0,4.667,5.0,4.8,95.0,5.0
R03533,People & Workplace,SG,APAC,Non-binary / self-described,50-59,Individual contributor,3-5 years,Onsite,5.0,4.667,5.0,4.0,4.667,4.667,91.7,4.667
R03534,People & Workplace,SG,APAC,Women,50-59,Team lead,3-5 years,Onsite,5.0,4.333,4.0,4.0,5.0,4.467,86.7,3.667
R03535,People & Workplace,SG,APAC,Men,18-29,Individual contributor,6-10 years,Remote,3.667,4.333,4.333,5.0,4.0,4.267,81.7,4.0
R03536,People & Workplace,SG,APAC,Men,60+,Individual contributor,3-5 years,Hybrid,3.333,3.333,3.0,3.667,4.667,3.6,65.0,5.0
R03537,People & Workplace,SG,APAC,Men,50-59,Team lead,10 years +,Onsite,3.333,5.0,4.667,3.667,4.667,4.267,81.7,4.333
R03538,People & Workplace,SG,APAC,Men,30-39,Individual contributor,< 1 year,Remote,4.667,4.0,4.667,4.333,2.333,4.0,75.0,5.0
R03539,People & Workplace,SG,APAC,Men,60+,Manager,10 years +,Hybrid,5.0,5.0,4.333,4.667,4.667,4.733,93.3,5.0
R03540,People & Workplace,SG,APAC,Men,30-39,Individual contributor,1-2 years,Onsite,4.667,5.0,3.667,4.333,4.333,4.4,85.0,5.0
R03541,People & Workplace,SG,APAC,Women,18-29,Individual contributor,6-10 years,Remote,3.667,3.0,3.667,3.333,4.667,3.667,66.7,3.667
R03542,People & Workplace,SG,APAC,Men,30-39,Individual contributor,< 1 year,Hybrid,4.333,4.667,4.333,3.333,4.333,4.2,80.0,5.0
R03543,People & Workplace,SG,APAC,Men,40-49,Individual contributor,< 1 year,Remote,5.0,4.333,4.333,4.667,4.333,4.533,88.3,5.0
R03544,People & Workplace,SG,APAC,Women,30-39,Individual contributor,1-2 years,Hybrid,4.0,3.0,2.333,3.0,4.667,3.4,60.0,4.333
R03545,People & Workplace,SG,APAC,Men,50-59,Individual contributor,1-2 years,Onsite,4.0,4.333,5.0,3.333,3.667,4.067,76.7,4.667
R03546,People & Workplace,SG,APAC,Men,50-59,Individual contributor,1-2 years,Hybrid,4.667,5.0,5.0,4.667,4.667,4.8,95.0,4.667
R03547,People & Workplace,SG,APAC,Men,30-39,Individual contributor,3-5 years,Hybrid,4.667,3.0,4.667,4.333,4.667,4.267,81.7,4.0
R03548,People & Workplace,SG,APAC,Women,40-49,Individual contributor,< 1 year,Onsite,4.667,4.667,5.0,3.333,2.667,4.067,76.7,5.0
R03549,People & Workplace,SG,APAC,Men,30-39,Senior leader,3-5 years,Hybrid,3.333,3.333,4.333,5.0,5.0,4.2,80.0,4.667
R03550,People & Workplace,SG,APAC,Women,50-59,Individual contributor,< 1 year,Onsite,4.667,3.333,4.667,4.333,5.0,4.4,85.0,4.667
R03551,People & Workplace,SG,APAC,Women,18-29,Individual contributor,6-10 years,Remote,4.667,4.0,4.333,3.333,4.667,4.2,80.0,4.667
R03552,People & Workplace,SG,APAC,Men,40-49,Individual contributor,6-10 years,Hybrid,4.333,4.333,4.667,4.0,5.0,4.467,86.7,5.0
R03554,People & Workplace,SG,APAC,Men,40-49,Individual contributor,< 1 year,Hybrid,4.667,4.667,3.333,4.667,4.667,4.4,85.0,4.667
R03555,People & Workplace,SG,APAC,Women,30-39,Individual contributor,< 1 year,Onsite,5.0,3.0,4.333,4.0,4.667,4.2,80.0,4.333
R03556,People & Workplace,SG,APAC,Men,30-39,Individual contributor,< 1 year,Hybrid,3.667,4.333,3.333,5.0,5.0,4.267,81.7,3.333
R03557,People & Workplace,SG,APAC,Men,30-39,Individual contributor,< 1 year,Onsite,5.0,4.333,4.333,4.333,5.0,4.6,90.0,5.0
R03558,People & Workplace,SG,APAC,Men,30-39,Individual contributor,10 years +,Onsite,4.667,5.0,3.333,5.0,5.0,4.6,90.0,5.0
R03559,People & Workplace,SG,APAC,Women,50-59,Individual contributor,6-10 years,Onsite,4.333,4.333,3.667,3.667,4.333,4.067,76.7,3.667
R03560,People & Workplace,SG,APAC,Women,50-59,Individual contributor,1-2 years,Hybrid,3.333,4.0,4.333,3.667,5.0,4.067,76.7,4.667
R03561,People & Workplace,SG,APAC,Women,18-29,Individual contributor,1-2 years,Onsite,5.0,2.667,5.0,4.0,4.0,4.133,78.3,4.0
R03562,People & Workplace,SG,APAC,Non-binary / self-described,40-49,Individual contributor,6-10 years,Onsite,5.0,4.667,3.667,3.333,5.0,4.333,83.3,4.333
R03563,People & Workplace,SG,APAC,Women,60+,Individual contributor,3-5 years,Onsite,5.0,4.667,3.667,2.333,4.0,3.933,73.3,3.667
R03564,People & Workplace,SG,APAC,Women,60+,Individual contributor,6-10 years,Onsite,4.0,2.333,2.667,2.667,4.667,3.267,56.7,3.0
R03565,People & Workplace,SG,APAC,Non-binary / self-described,18-29,Individual contributor,3-5 years,Remote,4.667,2.667,2.0,4.333,3.333,3.4,60.0,3.667
R03566,People & Workplace,SG,APAC,Men,18-29,Individual contributor,3-5 years,Hybrid,4.667,4.667,3.667,4.667,5.0,4.533,88.3,4.0
R03567,People & Workplace,SG,APAC,Non-binary / self-described,30-39,Individual contributor,3-5 years,Onsite,4.333,3.333,4.333,3.333,4.333,3.933,73.3,3.667
R03569,People & Workplace,SG,APAC,Men,40-49,Individual contributor,6-10 years,Onsite,2.333,3.667,2.667,4.333,3.667,3.333,58.3,3.0
R03570,People & Workplace,SG,APAC,Women,30-39,Individual contributor,< 1 year,Onsite,4.667,3.667,3.667,2.333,4.333,3.733,68.3,3.667
R03571,People & Workplace,PL,EMEA,Women,30-39,Individual contributor,10 years +,Onsite,5.0,3.0,4.0,4.0,4.333,4.067,76.7,4.667
R03572,People & Workplace,PL,EMEA,Non-binary / self-described,50-59,Senior leader,10 years +,Hybrid,4.667,4.667,4.0,4.333,5.0,4.533,88.3,4.0
R03574,People & Workplace,PL,EMEA,Women,50-59,Individual contributor,6-10 years,Onsite,5.0,2.333,4.333,3.0,4.667,3.867,71.7,3.667
R03575,People & Workplace,PL,EMEA,Men,50-59,Individual contributor,3-5 years,Onsite,4.333,4.0,3.667,5.0,4.333,4.267,81.7,4.333
R03576,People & Workplace,PL,EMEA,Men,40-49,Individual contributor,< 1 year,Hybrid,4.333,4.0,4.333,3.667,4.667,4.2,80.0,4.333
R03577,People & Workplace,PL,EMEA,Women,30-39,Team lead,3-5 years,Onsite,4.333,4.0,3.333,2.0,4.333,3.6,65.0,4.0
R03578,People & Workplace,PL,EMEA,Women,40-49,Team lead,10 years +,Hybrid,5.0,4.0,4.667,2.667,4.667,4.2,80.0,4.0
R03579,People & Workplace,PL,EMEA,Men,60+,Individual contributor,< 1 year,Onsite,4.333,4.667,3.333,2.0,4.0,3.667,66.7,3.333
R03580,People & Workplace,PL,EMEA,Women,18-29,Individual contributor,1-2 years,Onsite,4.333,2.667,3.333,4.0,4.667,3.8,70.0,3.667
R03581,People & Workplace,PL,EMEA,Women,60+,Individual contributor,1-2 years,Hybrid,3.667,5.0,3.0,3.0,4.667,3.867,71.7,5.0
R03582,People & Workplace,PL,EMEA,Men,40-49,Team lead,3-5 years,Hybrid,5.0,2.333,4.0,4.0,5.0,4.067,76.7,4.333
R03583,People & Workplace,PL,EMEA,Men,18-29,Individual contributor,< 1 year,Onsite,4.333,4.0,4.333,4.0,3.667,4.067,76.7,4.667
R03584,People & Workplace,PL,EMEA,Women,40-49,Individual contributor,1-2 years,Remote,5.0,3.667,2.333,4.667,4.667,4.067,76.7,4.333
R03585,People & Workplace,PL,EMEA,Men,40-49,Individual contributor,10 years +,Onsite,3.667,4.333,3.667,5.0,3.333,4.0,75.0,4.667
R03588,People & Workplace,PL,EMEA,Men,60+,Team lead,3-5 years,Remote,5.0,3.0,4.0,5.0,5.0,4.4,85.0,4.0
R03589,People & Workplace,PL,EMEA,Men,30-39,Team lead,1-2 years,Onsite,5.0,3.667,1.667,4.0,4.333,3.733,68.3,4.667
R03590,People & Workplace,PL,EMEA,Men,40-49,Individual contributor,< 1 year,Hybrid,4.667,3.0,5.0,4.333,4.333,4.267,81.7,4.333
R03591,People & Workplace,PL,EMEA,Women,30-39,Individual contributor,6-10 years,Onsite,3.333,2.667,5.0,4.0,4.333,3.867,71.7,3.333
R03592,People & Workplace,PL,EMEA,Women,40-49,Individual contributor,10 years +,Onsite,5.0,3.333,4.667,4.667,5.0,4.533,88.3,4.667
R03593,People & Workplace,PL,EMEA,Men,40-49,Individual contributor,6-10 years,Onsite,4.0,3.333,4.0,3.0,3.333,3.533,63.3,4.333
R03594,People & Workplace,PL,EMEA,Men,30-39,Individual contributor,6-10 years,Onsite,4.667,4.0,3.333,3.0,5.0,4.0,75.0,3.667
R03595,People & Workplace,PL,EMEA,Men,18-29,Individual contributor,1-2 years,Remote,4.0,4.0,4.333,3.667,5.0,4.2,80.0,4.0
R03596,People & Workplace,PL,EMEA,Men,30-39,Individual contributor,10 years +,Remote,4.0,3.333,3.667,3.333,4.0,3.667,66.7,4.333
R03598,People & Workplace,PL,EMEA,Women,40-49,Individual contributor,1-2 years,Hybrid,4.667,3.667,5.0,3.333,5.0,4.333,83.3,5.0
R03599,People & Workplace,PL,EMEA,Non-binary / self-described,40-49,Manager,6-10 years,Hybrid,3.333,3.333,4.0,4.667,3.667,3.8,70.0,3.667
R03600,People & Workplace,PL,EMEA,Women,18-29,Team lead,< 1 year,Onsite,4.667,5.0,3.0,4.0,2.667,3.867,71.7,4.333
R03601,People & Workplace,PL,EMEA,Men,30-39,Individual contributor,6-10 years,Onsite,5.0,3.667,4.0,4.333,4.667,4.333,83.3,5.0
R03602,People & Workplace,PL,EMEA,Men,40-49,Individual contributor,1-2 years,Hybrid,5.0,4.333,5.0,2.667,4.667,4.333,83.3,4.333
R03603,People & Workplace,PL,EMEA,Women,30-39,Individual contributor,< 1 year,Onsite,4.667,3.667,5.0,5.0,5.0,4.667,91.7,5.0
R03604,People & Workplace,PL,EMEA,Women,40-49,Team lead,< 1 year,Remote,5.0,4.667,4.333,3.0,4.667,4.333,83.3,4.333
R03606,People & Workplace,PL,EMEA,Men,40-49,Individual contributor,3-5 years,Onsite,4.667,5.0,3.667,4.333,3.667,4.267,81.7,5.0
R03607,People & Workplace,PL,EMEA,Women,40-49,Team lead,10 years +,Onsite,5.0,3.667,3.667,3.0,4.667,4.0,75.0,4.667
R03608,People & Workplace,PL,EMEA,Men,18-29,Individual contributor,< 1 year,Onsite,4.667,4.333,4.667,3.333,4.667,4.333,83.3,4.0
R03609,People & Workplace,PL,EMEA,Men,18-29,Individual contributor,< 1 year,Remote,5.0,3.667,4.333,3.0,4.333,4.067,76.7,4.333
R03610,People & Workplace,PL,EMEA,Men,50-59,Team lead,6-10 years,Hybrid,4.333,4.0,4.333,3.333,4.0,4.0,75.0,3.667
R03611,People & Workplace,PL,EMEA,Men,40-49,Manager,3-5 years,Remote,5.0,5.0,3.0,3.333,5.0,4.267,81.7,4.333
R03612,People & Workplace,PL,EMEA,Women,18-29,Manager,10 years +,Onsite,5.0,4.667,4.0,4.0,4.667,4.467,86.7,5.0
R03613,People & Workplace,PL,EMEA,Men,30-39,Individual contributor,< 1 year,Remote,5.0,5.0,5.0,3.0,5.0,4.6,90.0,3.667
R03614,People & Workplace,PL,EMEA,Men,18-29,Individual contributor,1-2 years,Hybrid,3.333,4.667,1.333,3.667,3.333,3.267,56.7,3.333
R03615,People & Workplace,PL,EMEA,Men,18-29,Individual contributor,1-2 years,Onsite,4.667,3.0,3.667,2.667,4.0,3.6,65.0,3.667
R03616,People & Workplace,PL,EMEA,Women,60+,Individual contributor,3-5 years,Hybrid,5.0,4.0,3.667,4.0,3.0,3.933,73.3,3.667
R03617,People & Workplace,PL,EMEA,Men,40-49,Individual contributor,< 1 year,Hybrid,4.667,3.0,3.0,5.0,4.667,4.067,76.7,4.0
R03618,People & Workplace,PL,EMEA,Women,50-59,Individual contributor,10 years +,Hybrid,5.0,4.0,3.333,4.333,3.333,4.0,75.0,4.333
R03620,People & Workplace,CA,North America,Women,60+,Team lead,3-5 years,Onsite,4.667,2.667,5.0,2.0,4.667,3.8,70.0,4.0
R03621,People & Workplace,CA,North America,Men,30-39,Manager,1-2 years,Onsite,4.667,4.0,5.0,5.0,5.0,4.733,93.3,5.0
R03622,People & Workplace,CA,North America,Women,18-29,Individual contributor,1-2 years,Hybrid,4.333,4.667,4.667,5.0,4.333,4.6,90.0,5.0
R03623,People & Workplace,CA,North America,Men,30-39,Individual contributor,1-2 years,Onsite,3.0,3.667,3.333,4.333,4.333,3.733,68.3,3.667
R03624,People & Workplace,CA,North America,Women,50-59,Individual contributor,1-2 years,Hybrid,4.0,3.667,3.667,3.0,5.0,3.867,71.7,4.0
R03625,People & Workplace,CA,North America,Women,50-59,Manager,6-10 years,Hybrid,3.667,3.0,3.0,4.667,5.0,3.867,71.7,4.333
R03626,People & Workplace,CA,North America,Men,18-29,Individual contributor,1-2 years,Onsite,4.667,3.333,4.0,3.667,4.0,3.933,73.3,3.333
R03627,People & Workplace,CA,North America,Men,30-39,Individual contributor,3-5 years,Onsite,4.0,4.0,4.0,3.0,4.333,3.867,71.7,4.333
R03628,People & Workplace,CA,North America,Women,18-29,Team lead,3-5 years,Remote,4.667,4.333,3.333,3.333,3.667,3.867,71.7,3.0
R03629,People & Workplace,CA,North America,Men,30-39,Team lead,6-10 years,Hybrid,5.0,3.333,4.0,4.0,5.0,4.267,81.7,5.0
R03630,People & Workplace,CA,North America,Women,50-59,Individual contributor,10 years +,Hybrid,4.667,2.667,4.667,3.667,3.0,3.733,68.3,5.0
R03631,People & Workplace,CA,North America,Men,18-29,Individual contributor,1-2 years,Hybrid,4.333,4.667,4.0,3.667,3.333,4.0,75.0,3.667
R03633,People & Workplace,CA,North America,Men,30-39,Manager,1-2 years,Remote,5.0,5.0,5.0,5.0,4.667,4.933,98.3,4.667
R03634,People & Workplace,CA,North America,Women,40-49,Individual contributor,< 1 year,Hybrid,5.0,4.667,5.0,4.667,4.0,4.667,91.7,4.0
R03635,People & Workplace,CA,North America,Women,50-59,Individual contributor,6-10 years,Hybrid,3.667,2.333,3.667,3.0,5.0,3.533,63.3,4.333
R03636,People & Workplace,CA,North America,Women,30-39,Individual contributor,6-10 years,Hybrid,4.667,4.333,3.0,1.667,4.0,3.533,63.3,4.333
R03637,People & Workplace,CA,North America,Men,50-59,Individual contributor,3-5 years,Onsite,4.667,4.333,4.0,5.0,5.0,4.6,90.0,4.0
R03638,People & Workplace,CA,North America,Men,50-59,Individual contributor,1-2 years,Hybrid,3.333,4.667,2.333,1.667,4.667,3.333,58.3,3.0
R03639,People & Workplace,CA,North America,Men,50-59,Individual contributor,3-5 years,Hybrid,4.0,3.667,4.667,5.0,2.667,4.0,75.0,4.0
R03640,People & Workplace,CA,North America,Men,30-39,Manager,1-2 years,Onsite,5.0,2.667,4.0,4.333,5.0,4.2,80.0,4.667
R03641,People & Workplace,CA,North America,Women,40-49,Individual contributor,< 1 year,Remote,5.0,3.0,4.667,4.0,4.0,4.133,78.3,4.333
R03643,People & Workplace,CA,North America,Men,40-49,Team lead,6-10 years,Hybrid,4.667,4.333,2.333,3.667,5.0,4.0,75.0,4.333
R03644,People & Workplace,CA,North America,Women,50-59,Team lead,1-2 years,Onsite,3.667,5.0,5.0,2.333,5.0,4.2,80.0,3.667
R03645,People & Workplace,CA,North America,Men,50-59,Individual contributor,1-2 years,Hybrid,5.0,3.333,3.667,4.0,2.333,3.667,66.7,4.333
R03646,People & Workplace,CA,North America,Women,60+,Individual contributor,6-10 years,Onsite,5.0,3.667,3.333,4.333,4.333,4.133,78.3,2.667
R03647,People & Workplace,CA,North America,Men,18-29,Individual contributor,3-5 years,Onsite,4.333,4.333,4.0,5.0,4.0,4.333,83.3,4.667
R03648,People & Workplace,CA,North America,Women,18-29,Manager,3-5 years,Hybrid,4.667,4.667,5.0,4.0,4.667,4.6,90.0,5.0
R03649,People & Workplace,CA,North America,Men,30-39,Individual contributor,1-2 years,Onsite,3.667,4.333,3.333,4.0,5.0,4.067,76.7,4.333
R03650,People & Workplace,CA,North America,Women,40-49,Individual contributor,1-2 years,Hybrid,4.667,4.333,3.0,3.0,5.0,4.0,75.0,4.0
R03651,People & Workplace,IN,APAC,Men,18-29,Individual contributor,6-10 years,Onsite,3.333,4.333,3.667,3.667,5.0,4.0,75.0,4.0
R03652,People & Workplace,IN,APAC,Women,18-29,Individual contributor,< 1 year,Onsite,3.333,3.0,5.0,3.333,4.0,3.733,68.3,4.0
R03654,People & Workplace,IN,APAC,Women,30-39,Individual contributor,1-2 years,Onsite,3.333,4.333,3.333,3.667,4.0,3.733,68.3,3.667
R03656,People & Workplace,IN,APAC,Women,18-29,Individual contributor,< 1 year,Onsite,4.0,3.333,3.333,2.333,4.667,3.533,63.3,3.333
R03657,People & Workplace,IN,APAC,Women,30-39,Individual contributor,1-2 years,Hybrid,4.667,3.667,4.667,3.667,3.333,4.0,75.0,4.333
R03658,People & Workplace,IN,APAC,Women,18-29,Team lead,6-10 years,Onsite,5.0,4.667,3.333,3.0,5.0,4.2,80.0,2.667
R03659,People & Workplace,IN,APAC,Men,30-39,Senior leader,6-10 years,Hybrid,3.0,3.667,3.667,4.333,3.333,3.6,65.0,2.667
R03660,People & Workplace,IN,APAC,Women,30-39,Individual contributor,1-2 years,Hybrid,4.0,4.333,3.0,4.667,3.333,3.867,71.7,3.0
R03661,People & Workplace,IN,APAC,Women,30-39,Team lead,1-2 years,Remote,4.667,4.0,3.333,4.0,4.333,4.067,76.7,4.333
R03662,People & Workplace,IN,APAC,Women,18-29,Individual contributor,1-2 years,Hybrid,4.333,4.0,4.667,2.333,4.333,3.933,73.3,4.333
R03663,People & Workplace,IN,APAC,Non-binary / self-described,30-39,Individual contributor,< 1 year,Remote,4.0,2.667,3.667,3.0,3.0,3.267,56.7,3.333
R03664,People & Workplace,IN,APAC,Women,18-29,Manager,< 1 year,Hybrid,4.667,4.667,3.333,4.0,4.0,4.133,78.3,3.333
R03669,People & Workplace,IN,APAC,Women,18-29,Manager,1-2 years,Onsite,4.667,4.333,5.0,2.667,5.0,4.333,83.3,5.0
R03670,People & Workplace,IN,APAC,Men,40-49,Individual contributor,6-10 years,Onsite,3.0,4.333,2.667,3.333,4.0,3.467,61.7,3.333
R03671,People & Workplace,IN,APAC,Men,30-39,Individual contributor,3-5 years,Hybrid,4.0,4.333,3.667,4.667,5.0,4.333,83.3,4.667
R03672,People & Workplace,IN,APAC,Men,30-39,Individual contributor,6-10 years,Onsite,4.333,2.0,4.0,4.333,4.333,3.8,70.0,4.333
R03673,People & Workplace,IN,APAC,Women,40-49,Individual contributor,< 1 year,Remote,4.667,4.333,4.333,4.0,3.667,4.2,80.0,3.667
R03674,People & Workplace,IN,APAC,Men,18-29,Manager,3-5 years,Remote,5.0,3.667,3.667,4.333,5.0,4.333,83.3,5.0
R03679,People & Workplace,IN,APAC,Men,30-39,Individual contributor,3-5 years,Onsite,3.0,3.667,3.667,1.667,5.0,3.4,60.0,4.0
R03680,People & Workplace,IN,APAC,Women,50-59,Manager,3-5 years,Onsite,3.667,3.667,4.0,3.667,4.333,3.867,71.7,3.0
R03681,People & Workplace,IN,APAC,Men,30-39,Individual contributor,1-2 years,Hybrid,3.667,2.333,3.667,3.667,4.333,3.533,63.3,3.667
R03682,People & Workplace,IN,APAC,Men,30-39,Individual contributor,< 1 year,Remote,5.0,4.333,4.0,4.667,4.333,4.467,86.7,4.333
R03683,People & Workplace,IN,APAC,Men,18-29,Manager,1-2 years,Remote,5.0,4.667,4.667,3.333,3.0,4.133,78.3,4.0
R03684,People & Workplace,IN,APAC,Women,18-29,Individual contributor,1-2 years,Hybrid,4.333,4.333,4.333,2.667,2.667,3.667,66.7,4.0
R03685,People & Workplace,IN,APAC,Men,30-39,Team lead,10 years +,Onsite,4.333,3.333,5.0,4.333,5.0,4.4,85.0,4.667
R03686,People & Workplace,IN,APAC,Non-binary / self-described,30-39,Individual contributor,3-5 years,Onsite,5.0,3.333,4.0,3.667,4.667,4.133,78.3,4.0
R03688,People & Workplace,IN,APAC,Men,30-39,Individual contributor,6-10 years,Remote,4.667,3.0,4.333,3.0,3.333,3.667,66.7,4.333
R03689,People & Workplace,IN,APAC,Non-binary / self-described,30-39,Individual contributor,6-10 years,Onsite,3.0,2.333,3.333,1.667,3.333,2.733,43.3,4.667
R03690,People & Workplace,IN,APAC,Women,60+,Individual contributor,6-10 years,Hybrid,4.667,2.0,5.0,2.667,5.0,3.867,71.7,3.333
R03691,People & Workplace,IN,APAC,Men,40-49,Senior leader,1-2 years,Hybrid,4.0,5.0,4.333,4.0,4.667,4.4,85.0,4.333
R03692,People & Workplace,IN,APAC,Men,50-59,Individual contributor,< 1 year,Remote,4.667,2.667,2.333,5.0,4.0,3.733,68.3,4.0
R03693,People & Workplace,IN,APAC,Men,30-39,Individual contributor,< 1 year,Onsite,5.0,5.0,2.333,3.0,3.333,3.733,68.3,4.333
R03694,People & Workplace,IN,APAC,Women,18-29,Individual contributor,3-5 years,Remote,3.333,3.0,4.0,4.0,3.0,3.467,61.7,3.0
R03695,People & Workplace,IN,APAC,Men,40-49,Team lead,1-2 years,Remote,4.667,2.667,3.0,3.0,4.333,3.533,63.3,3.333
R03698,People & Workplace,IN,APAC,Men,30-39,Individual contributor,10 years +,Hybrid,2.667,4.0,5.0,3.333,4.333,3.867,71.7,3.667
R03699,People & Workplace,IN,APAC,Women,18-29,Individual contributor,6-10 years,Onsite,4.333,3.333,4.0,3.667,3.333,3.733,68.3,4.0
R03701,People & Workplace,IN,APAC,Women,18-29,Team lead,1-2 years,Hybrid,3.667,4.333,3.0,5.0,4.667,4.133,78.3,4.0
R03702,People & Workplace,IN,APAC,Men,18-29,Individual contributor,6-10 years,Hybrid,5.0,3.667,4.333,3.333,4.333,4.133,78.3,4.0
R03706,People & Workplace,CA,North America,Women,30-39,Individual contributor,10 years +,Remote,3.0,3.333,2.0,2.0,3.333,2.733,43.3,2.333
R03707,People & Workplace,CA,North America,Women,30-39,Individual contributor,1-2 years,Hybrid,3.0,3.333,4.0,2.333,3.667,3.267,56.7,3.333
R03708,People & Workplace,CA,North America,Women,30-39,Team lead,3-5 years,Hybrid,3.333,5.0,2.333,2.0,2.0,2.933,48.3,4.333
R03710,People & Workplace,CA,North America,Men,40-49,Individual contributor,1-2 years,Hybrid,3.667,2.667,2.0,1.667,2.333,2.467,36.7,2.333
R03711,People & Workplace,CA,North America,Women,40-49,Individual contributor,3-5 years,Onsite,3.0,1.333,2.0,1.667,4.667,2.533,38.3,2.0
R03712,People & Workplace,CA,North America,Women,30-39,Individual contributor,< 1 year,Onsite,4.0,4.667,2.333,2.0,4.0,3.4,60.0,3.333
R03713,People & Workplace,CA,North America,Men,30-39,Team lead,< 1 year,Remote,4.0,4.0,2.667,2.667,4.0,3.467,61.7,4.0
R03714,People & Workplace,CA,North America,Women,40-49,Individual contributor,3-5 years,Hybrid,2.333,2.667,3.0,1.333,2.667,2.4,35.0,1.333
R03715,People & Workplace,CA,North America,Women,18-29,Individual contributor,< 1 year,Hybrid,4.667,3.333,2.0,1.667,3.333,3.0,50.0,3.667
R03716,People & Workplace,CA,North America,Men,30-39,Individual contributor,6-10 years,Onsite,3.333,3.333,2.0,4.0,3.0,3.133,53.3,3.333
R03717,People & Workplace,CA,North America,Men,50-59,Individual contributor,1-2 years,Hybrid,4.0,2.0,2.0,2.333,2.0,2.467,36.7,2.333
R03718,People & Workplace,CA,North America,Men,40-49,Individual contributor,10 years +,Hybrid,4.333,2.0,1.667,2.667,5.0,3.133,53.3,3.0
R03720,People & Workplace,CA,North America,Men,30-39,Senior leader,6-10 years,Onsite,3.0,3.0,2.0,3.0,2.0,2.6,40.0,2.0
R03721,People & Workplace,CA,North America,Non-binary / self-described,30-39,Individual contributor,< 1 year,Onsite,2.333,2.333,1.333,2.667,3.0,2.333,33.3,2.0
R03722,People & Workplace,CA,North America,Men,30-39,Individual contributor,3-5 years,Hybrid,3.333,3.333,4.0,3.333,2.667,3.333,58.3,3.0
R03724,People & Workplace,CA,North America,Women,50-59,Individual contributor,10 years +,Remote,3.0,1.667,3.667,2.0,2.333,2.533,38.3,3.0
R03726,People & Workplace,CA,North America,Women,40-49,Individual contributor,1-2 years,Onsite,3.0,2.667,2.667,2.667,1.667,2.533,38.3,2.333
R03727,People & Workplace,CA,North America,Women,40-49,Individual contributor,10 years +,Onsite,2.667,2.0,2.0,2.333,2.667,2.333,33.3,2.0
R03728,People & Workplace,CA,North America,Men,30-39,Individual contributor,6-10 years,Hybrid,4.0,3.667,3.0,2.667,1.667,3.0,50.0,3.0
R03729,People & Workplace,CA,North America,Women,50-59,Individual contributor,1-2 years,Hybrid,3.667,2.667,2.0,2.333,4.333,3.0,50.0,2.667
R03731,People & Workplace,CA,North America,Non-binary / self-described,18-29,Individual contributor,1-2 years,Hybrid,2.0,2.667,3.333,2.333,2.667,2.6,40.0,1.667
R03732,People & Workplace,CA,North America,Women,30-39,Team lead,3-5 years,Hybrid,5.0,2.333,3.333,1.667,3.0,3.067,51.7,4.333
R03733,People & Workplace,CA,North America,Women,40-49,Individual contributor,< 1 year,Onsite,3.333,3.0,3.333,3.0,3.0,3.133,53.3,3.333
R03734,People & Workplace,CA,North America,Men,40-49,Individual contributor,3-5 years,Hybrid,2.333,3.333,1.0,3.0,1.333,2.2,30.0,2.0
R03735,People & Workplace,CA,North America,Men,50-59,Manager,6-10 years,Remote,2.333,2.0,2.667,2.0,4.0,2.6,40.0,3.667
R03736,People & Workplace,CA,North America,Women,30-39,Individual contributor,< 1 year,Onsite,3.667,2.667,2.0,3.0,2.0,2.667,41.7,3.333
R03738,People & Workplace,CA,North America,Men,50-59,Individual contributor,1-2 years,Hybrid,1.333,3.333,4.333,3.333,3.0,3.067,51.7,3.333
R03739,People & Workplace,CA,North America,Women,30-39,Team lead,< 1 year,Hybrid,2.667,3.0,1.333,3.333,3.667,2.8,45.0,3.333
R03740,People & Workplace,CA,North America,Women,30-39,Individual contributor,< 1 year,Hybrid,2.667,2.667,2.333,4.333,3.0,3.0,50.0,2.333
R03742,People & Workplace,CA,North America,Women,40-49,Individual contributor,1-2 years,Hybrid,4.667,2.333,3.0,3.0,3.667,3.333,58.3,3.0
R03743,People & Workplace,CA,North America,Men,40-49,Team lead,1-2 years,Hybrid,4.0,3.333,4.667,1.667,3.0,3.333,58.3,3.667
R03744,People & Workplace,CA,North America,Men,50-59,Individual contributor,10 years +,Hybrid,3.667,2.667,4.667,3.0,2.667,3.333,58.3,3.0
R03745,People & Workplace,CA,North America,Women,30-39,Individual contributor,3-5 years,Onsite,3.333,4.0,1.333,3.0,2.667,2.867,46.7,3.333
R03747,People & Workplace,SG,APAC,Men,30-39,Team lead,< 1 year,Hybrid,5.0,3.667,4.0,4.0,4.333,4.2,80.0,4.0
R03748,People & Workplace,SG,APAC,Men,40-49,Team lead,< 1 year,Hybrid,5.0,3.667,4.667,4.0,5.0,4.467,86.7,5.0
R03749,People & Workplace,SG,APAC,Men,40-49,Individual contributor,10 years +,Onsite,4.0,4.0,4.667,3.333,5.0,4.2,80.0,4.333
R03750,People & Workplace,SG,APAC,Men,50-59,Team lead,< 1 year,Remote,5.0,3.667,2.667,4.333,5.0,4.133,78.3,3.333
R03751,People & Workplace,SG,APAC,Men,30-39,Individual contributor,3-5 years,Onsite,5.0,2.667,4.333,1.667,4.667,3.667,66.7,3.667
R03752,People & Workplace,SG,APAC,Women,30-39,Team lead,10 years +,Onsite,4.333,4.333,3.333,3.333,4.667,4.0,75.0,4.333
R03753,People & Workplace,SG,APAC,Women,18-29,Individual contributor,1-2 years,Hybrid,4.0,1.667,4.0,2.333,4.667,3.333,58.3,4.0
R03754,People & Workplace,SG,APAC,Men,40-49,Individual contributor,3-5 years,Onsite,3.333,3.667,5.0,3.667,5.0,4.133,78.3,2.333
R03755,People & Workplace,SG,APAC,Women,40-49,Team lead,3-5 years,Hybrid,4.0,4.0,4.0,5.0,4.667,4.333,83.3,4.667
R03757,People & Workplace,SG,APAC,Men,30-39,Individual contributor,3-5 years,Onsite,3.333,3.667,4.333,3.0,5.0,3.867,71.7,4.667
R03758,People & Workplace,SG,APAC,Men,50-59,Individual contributor,10 years +,Hybrid,5.0,4.0,4.333,2.0,5.0,4.067,76.7,4.667
R03759,People & Workplace,SG,APAC,Women,18-29,Individual contributor,< 1 year,Onsite,4.667,5.0,4.0,4.0,5.0,4.533,88.3,3.333
R03760,People & Workplace,SG,APAC,Men,40-49,Individual contributor,10 years +,Onsite,4.333,3.333,2.667,3.667,4.0,3.6,65.0,5.0
R03761,People & Workplace,SG,APAC,Women,40-49,Individual contributor,< 1 year,Onsite,3.333,3.333,4.0,2.0,4.667,3.467,61.7,4.0
R03762,People & Workplace,SG,APAC,Men,50-59,Team lead,1-2 years,Onsite,3.0,3.667,3.667,3.667,5.0,3.8,70.0,4.333
R03763,People & Workplace,SG,APAC,Men,18-29,Individual contributor,3-5 years,Onsite,4.0,3.333,4.333,2.667,3.0,3.467,61.7,2.0
R03765,People & Workplace,SG,APAC,Men,60+,Individual contributor,< 1 year,Onsite,4.667,4.333,4.0,3.0,4.0,4.0,75.0,5.0
R03766,People & Workplace,SG,APAC,Men,40-49,Individual contributor,6-10 years,Hybrid,4.0,1.667,4.667,4.0,5.0,3.867,71.7,3.0
R03768,People & Workplace,DE,EMEA,Men,30-39,Individual contributor,1-2 years,Hybrid,4.333,2.667,4.0,4.333,4.0,3.867,71.7,4.333
R03769,People & Workplace,DE,EMEA,Women,18-29,Manager,6-10 years,Hybrid,5.0,4.333,3.333,4.0,3.667,4.067,76.7,3.333
R03770,People & Workplace,DE,EMEA,Women,30-39,Team lead,1-2 years,Remote,3.667,4.333,5.0,4.0,3.333,4.067,76.7,4.333
R03771,People & Workplace,DE,EMEA,Women,18-29,Individual contributor,6-10 years,Hybrid,4.0,1.667,1.333,2.333,3.333,2.533,38.3,3.333
R03773,People & Workplace,DE,EMEA,Men,40-49,Individual contributor,3-5 years,Onsite,3.0,3.667,2.0,4.333,5.0,3.6,65.0,2.333
R03774,People & Workplace,DE,EMEA,Women,30-39,Individual contributor,6-10 years,Hybrid,4.333,4.0,4.0,5.0,4.667,4.4,85.0,4.0
R03775,People & Workplace,DE,EMEA,Women,40-49,Team lead,6-10 years,Hybrid,3.0,4.333,4.0,3.333,4.333,3.8,70.0,3.0
R03776,People & Workplace,DE,EMEA,Women,40-49,Individual contributor,6-10 years,Onsite,4.667,4.0,3.0,3.333,3.0,3.6,65.0,3.0
R03777,People & Workplace,DE,EMEA,Men,50-59,Team lead,6-10 years,Hybrid,2.667,4.667,4.333,4.0,4.0,3.933,73.3,3.667
R03778,People & Workplace,DE,EMEA,Women,40-49,Team lead,3-5 years,Hybrid,4.667,3.0,3.0,3.333,2.667,3.333,58.3,3.0
R03779,People & Workplace,DE,EMEA,Women,40-49,Individual contributor,6-10 years,Remote,3.667,4.333,3.0,4.333,3.667,3.8,70.0,4.0
R03780,People & Workplace,DE,EMEA,Men,30-39,Individual contributor,< 1 year,Onsite,4.0,4.667,4.667,5.0,4.667,4.6,90.0,5.0
R03781,People & Workplace,DE,EMEA,Men,30-39,Team lead,6-10 years,Onsite,4.667,2.333,4.0,4.0,4.667,3.933,73.3,4.333
R03782,People & Workplace,DE,EMEA,Women,40-49,Individual contributor,6-10 years,Onsite,4.667,3.0,3.0,3.0,2.333,3.2,55.0,3.0
R03783,People & Workplace,DE,EMEA,Women,30-39,Individual contributor,< 1 year,Onsite,3.333,3.333,4.667,2.667,5.0,3.8,70.0,4.333
R03784,People & Workplace,DE,EMEA,Women,18-29,Individual contributor,3-5 years,Onsite,3.333,3.667,3.0,3.667,4.667,3.667,66.7,2.667
R03785,People & Workplace,DE,EMEA,Women,40-49,Individual contributor,< 1 year,Hybrid,4.0,2.333,4.333,3.667,2.333,3.333,58.3,3.667
R03786,People & Workplace,DE,EMEA,Men,18-29,Team lead,6-10 years,Onsite,4.0,4.667,3.667,5.0,5.0,4.467,86.7,5.0
R03787,People & Workplace,DE,EMEA,Women,18-29,Senior leader,< 1 year,Remote,3.667,3.333,2.333,4.333,4.333,3.6,65.0,3.667
R03788,People & Workplace,DE,EMEA,Women,40-49,Manager,6-10 years,Hybrid,4.667,3.667,5.0,4.333,5.0,4.533,88.3,4.667
R03789,People & Workplace,DE,EMEA,Men,50-59,Individual contributor,< 1 year,Remote,3.0,2.667,4.667,3.333,4.667,3.667,66.7,4.333
R03790,People & Workplace,DE,EMEA,Men,40-49,Individual contributor,10 years +,Hybrid,3.667,3.667,4.0,5.0,4.667,4.2,80.0,4.667
R03791,People & Workplace,DE,EMEA,Men,30-39,Individual contributor,6-10 years,Hybrid,4.0,5.0,4.0,3.667,4.667,4.267,81.7,3.333
R03792,People & Workplace,DE,EMEA,Men,30-39,Individual contributor,1-2 years,Hybrid,3.333,4.0,2.667,4.0,4.667,3.733,68.3,3.0
R03793,People & Workplace,DE,EMEA,Women,18-29,Individual contributor,10 years +,Onsite,4.667,4.333,4.333,4.0,3.0,4.067,76.7,3.333
R03794,People & Workplace,DE,EMEA,Men,18-29,Team lead,10 years +,Onsite,4.0,5.0,2.333,3.667,5.0,4.0,75.0,3.667
R03795,People & Workplace,DE,EMEA,Men,18-29,Individual contributor,6-10 years,Onsite,3.0,4.0,4.333,1.667,4.0,3.4,60.0,3.0
R03796,People & Workplace,DE,EMEA,Men,40-49,Individual contributor,< 1 year,Onsite,4.667,3.0,5.0,4.333,4.0,4.2,80.0,4.0
R03797,People & Workplace,DE,EMEA,Women,40-49,Manager,1-2 years,Onsite,4.667,5.0,3.333,3.667,4.0,4.133,78.3,4.0
R03798,People & Workplace,DE,EMEA,Men,18-29,Manager,1-2 years,Onsite,5.0,3.667,4.333,4.0,4.667,4.333,83.3,4.667
R03799,People & Workplace,DE,EMEA,Men,40-49,Team lead,< 1 year,Onsite,3.667,2.333,5.0,4.667,5.0,4.133,78.3,4.667
R03800,People & Workplace,DE,EMEA,Men,30-39,Individual contributor,1-2 years,Hybrid,5.0,5.0,3.333,4.0,4.333,4.333,83.3,3.667
