comment_id,response_id,question,comment_text
C00001,R00006,what_to_change,Everything important is decided in English at a speed that excludes half the room. I am already looking at other options. I commute an hour to sit on video calls I could take from home.
C00002,R00010,what_works,One thing that works: the new scheduling tool has saved us hours every week. The pension contribution and the extra leave days are genuinely good.
C00003,R00012,what_to_change,The approval process takes longer than the work itself.
C00004,R00016,what_to_change,The main issue is that getting access to a tool takes weeks and nobody owns the process. Frankly it is exhausting. My first month was three days of induction and then nothing.
C00005,R00018,what_to_change,"The pay bands are a secret, which makes it impossible to trust the process. The rest of my experience here is positive. My manager cancels our one to ones more often than we hold them."
C00006,R00031,what_to_change,Recognition stops at my manager and never travels further up. It should not be this hard. Training budget exists on paper but every request gets postponed.
C00007,R00031,what_works,"Genuinely, flexibility around school hours is the main reason I stay. Please keep it."
C00008,R00037,what_to_change,Leadership talks about transparency and then reorganises without warning.
C00009,R00037,what_works,The new scheduling tool has saved us hours every week. Please keep it.
C00010,R00049,what_to_change,To be direct: the office rules changed twice this year with no explanation. It is the main reason people are looking elsewhere.
C00011,R00049,what_works,One thing that works: my team lead protects our workload and it makes a real difference. That should be the standard everywhere.
C00012,R00054,what_to_change,Leadership talks about transparency and then reorganises without warning. It should not be this hard. Everything important is decided in English at a speed that excludes half the room.
C00013,R00054,what_works,The internal move I made last year was handled really well. Please keep it.
C00014,R00058,what_to_change,My first month was three days of induction and then nothing. It should not be this hard.
C00015,R00058,what_works,"Genuinely, my team lead protects our workload and it makes a real difference. Please keep it."
C00016,R00062,what_works,"Genuinely, my team is genuinely welcoming and people look out for each other."
C00017,R00075,what_to_change,"Honestly, everything important is decided in English at a speed that excludes half the room. It should not be this hard. Town halls are broadcasts, not conversations - questions get filtered."
C00018,R00075,what_works,My team lead protects our workload and it makes a real difference. That should be the standard everywhere.
C00019,R00077,what_to_change,"Honestly, our systems do not talk to each other so we rekey the same data twice. It is the one thing I would change."
C00020,R00077,what_works,I can raise a concern here without worrying about how it will be taken. Please keep it.
C00021,R00083,what_to_change,The team delivered a difficult project and nobody outside noticed. This needs fixing this year.
C00022,R00083,what_works,One thing that works: the direction for the year is clear and I can see how my work fits.
C00023,R00091,what_to_change,"Honestly, the office rules changed twice this year with no explanation."
C00024,R00096,what_to_change,I commute an hour to sit on video calls I could take from home. It is the one thing I would change.
C00025,R00096,what_works,One thing that works: my onboarding buddy made the first weeks much easier. That should be the standard everywhere.
C00026,R00100,what_to_change,"To be direct: town halls are broadcasts, not conversations - questions get filtered. It is the one thing I would change."
C00027,R00108,what_to_change,The main issue is that i raised the same issue three times and nothing came back. I am already looking at other options. The approval process takes longer than the work itself.
C00028,R00119,what_to_change,The main issue is that i raised the same issue three times and nothing came back. This needs fixing this year.
C00029,R00119,what_works,One thing that works: my manager is genuinely supportive and gives me feedback I can use. That should be the standard everywhere.
C00030,R00120,what_to_change,"The main issue is that promotions here go to people who are visible to leadership, not to people who deliver."
C00031,R00126,what_to_change,The main issue is that shift patterns get published too late to plan anything around them. It should not be this hard. My first month was three days of induction and then nothing.
C00032,R00126,what_works,One thing that works: the new scheduling tool has saved us hours every week.
C00033,R00132,what_to_change,Recognition stops at my manager and never travels further up. It is the one thing I would change.
C00034,R00133,what_to_change,The main issue is that my first month was three days of induction and then nothing. The rest of my experience here is positive.
C00035,R00133,what_works,One thing that works: the team shout-outs in our monthly meeting are a small thing that works. That should be the standard everywhere.
C00036,R00136,what_to_change,"Shift patterns get published too late to plan anything around them. The rest of my experience here is positive. My manager avoids difficult conversations, so problems in the team just continue."
C00037,R00144,what_works,One thing that works: since we added two people the pressure has come down a lot. I can raise a concern here without worrying about how it will be taken.
C00038,R00151,what_to_change,My first month was three days of induction and then nothing. Otherwise this is a good place to work.
C00039,R00164,what_to_change,The main issue is that i have been in the same grade for four years with no conversation about what comes next. It should not be this hard.
C00040,R00166,what_to_change,"Honestly, good work is expected and never mentioned; mistakes are mentioned immediately."
C00041,R00166,what_works,My team lead backs us up when things go wrong and that builds trust. That should be the standard everywhere. The direction for the year is clear and I can see how my work fits.
C00042,R00174,what_to_change,Shift patterns get published too late to plan anything around them.
C00043,R00174,what_works,The internal move I made last year was handled really well. My team is genuinely welcoming and people look out for each other.
C00044,R00178,what_to_change,"Everything important is decided in English at a speed that excludes half the room. Frankly it is exhausting. Town halls are broadcasts, not conversations - questions get filtered."
C00045,R00178,what_works,The last town hall actually answered the hard questions honestly. That should be the standard everywhere.
C00046,R00185,what_to_change,Getting access to a tool takes weeks and nobody owns the process.
C00047,R00185,what_works,"Genuinely, the last town hall actually answered the hard questions honestly."
C00048,R00188,what_to_change,"Honestly, feedback only arrives when something goes wrong."
C00049,R00191,what_to_change,Good work is expected and never mentioned; mistakes are mentioned immediately. The rest of my experience here is positive.
C00050,R00191,what_works,My onboarding buddy made the first weeks much easier. My team is genuinely welcoming and people look out for each other.
C00051,R00193,what_works,"Genuinely, my manager makes a point of recognising good work publicly. That should be the standard everywhere."
C00052,R00194,what_to_change,Our systems do not talk to each other so we rekey the same data twice. Benefits are fine but the base salary is below what I am offered elsewhere.
C00053,R00195,what_to_change,To be direct: training budget exists on paper but every request gets postponed.
C00054,R00199,what_to_change,New joiners are hired above people already doing the job.
C00055,R00202,what_to_change,"My manager avoids difficult conversations, so problems in the team just continue."
C00056,R00206,what_to_change,To be direct: the office rules changed twice this year with no explanation. Otherwise this is a good place to work. There is no visible route from my role to the next one.
C00057,R00206,what_works,"Genuinely, my team lead backs us up when things go wrong and that builds trust. My manager makes a point of recognising good work publicly."
C00058,R00229,what_to_change,The approval process takes longer than the work itself.
C00059,R00229,what_works,My onboarding buddy made the first weeks much easier.
C00060,R00231,what_to_change,"My manager avoids difficult conversations, so problems in the team just continue. It is the one thing I would change."
C00061,R00231,what_works,One thing that works: my onboarding buddy made the first weeks much easier.
C00062,R00233,what_to_change,"Honestly, town halls are broadcasts, not conversations - questions get filtered."
C00063,R00234,what_works,The internal move I made last year was handled really well.
C00064,R00239,what_to_change,Feedback only arrives when something goes wrong. It is the one thing I would change.
C00065,R00244,what_to_change,New joiners are hired above people already doing the job. The rest of my experience here is positive. Training budget exists on paper but every request gets postponed.
C00066,R00244,what_works,"I always know where I stand with my manager, which I value."
C00067,R00246,what_to_change,The main issue is that leadership talks about transparency and then reorganises without warning. Otherwise this is a good place to work.
C00068,R00246,what_works,The new scheduling tool has saved us hours every week.
C00069,R00251,what_to_change,"Honestly, i did not have a laptop for my first week, which set the tone. Two people left my team last year and neither was replaced, so the work just moved to us."
C00070,R00251,what_works,One thing that works: the pension contribution and the extra leave days are genuinely good. My development plan is real and we actually review it.
C00071,R00253,what_works,My team lead backs us up when things go wrong and that builds trust.
C00072,R00257,what_to_change,The main issue is that good work is expected and never mentioned; mistakes are mentioned immediately.
C00073,R00257,what_works,My onboarding buddy made the first weeks much easier. Please keep it.
C00074,R00265,what_works,Flexibility around school hours is the main reason I stay.
C00075,R00267,what_to_change,The office rules changed twice this year with no explanation.
C00076,R00267,what_works,One thing that works: since we added two people the pressure has come down a lot.
C00077,R00270,what_to_change,I commute an hour to sit on video calls I could take from home. It is the one thing I would change. We hear about decisions that affect us from other teams first.
C00078,R00270,what_works,My team lead protects our workload and it makes a real difference. Please keep it.
C00079,R00274,what_to_change,To be direct: my salary has not kept up with inflation for two years running. It should not be this hard.
C00080,R00279,what_to_change,Leadership talks about transparency and then reorganises without warning. Otherwise this is a good place to work.
C00081,R00279,what_works,"Genuinely, the team shout-outs in our monthly meeting are a small thing that works."
C00082,R00282,what_to_change,Benefits are fine but the base salary is below what I am offered elsewhere.
C00083,R00285,what_to_change,Strategy changes every quarter and nobody explains why.
C00084,R00286,what_to_change,My first month was three days of induction and then nothing. This needs fixing this year.
C00085,R00286,what_works,One thing that works: my manager is genuinely supportive and gives me feedback I can use.
C00086,R00290,what_to_change,Strategy changes every quarter and nobody explains why.
C00087,R00290,what_works,The last town hall actually answered the hard questions honestly. Please keep it.
C00088,R00293,what_to_change,To be direct: i have been in the same grade for four years with no conversation about what comes next. It should not be this hard.
C00089,R00293,what_works,My team lead protects our workload and it makes a real difference. My team is genuinely welcoming and people look out for each other.
C00090,R00297,what_to_change,The main issue is that the approval process takes longer than the work itself. I am already looking at other options.
C00091,R00300,what_to_change,The main issue is that we hear about decisions that affect us from other teams first. Nothing has changed since the last survey.
C00092,R00304,what_to_change,"To be direct: the pay bands are a secret, which makes it impossible to trust the process. This needs fixing this year."
C00093,R00304,what_works,Flexibility around school hours is the main reason I stay.
C00094,R00305,what_to_change,I have been in the same grade for four years with no conversation about what comes next. It should not be this hard.
C00095,R00308,what_to_change,New joiners are hired above people already doing the job. This needs fixing this year.
C00096,R00309,what_to_change,We hear about decisions that affect us from other teams first.
C00097,R00309,what_works,One thing that works: the pension contribution and the extra leave days are genuinely good.
C00098,R00310,what_to_change,The main issue is that every week is firefighting; there is no capacity left for anything planned. Nothing has changed since the last survey.
C00099,R00310,what_works,The hybrid arrangement works well for me and my team coordinates it sensibly.
C00100,R00312,what_works,"Genuinely, since we added two people the pressure has come down a lot."
C00101,R00323,what_to_change,We hear about decisions that affect us from other teams first.
C00102,R00324,what_to_change,Getting access to a tool takes weeks and nobody owns the process. It is the one thing I would change.
C00103,R00329,what_to_change,Our systems do not talk to each other so we rekey the same data twice. It should not be this hard.
C00104,R00341,what_to_change,The main issue is that the same voices dominate every meeting and the rest of us stop trying. The rest of my experience here is positive.
C00105,R00345,what_to_change,"I commute an hour to sit on video calls I could take from home. This needs fixing this year. I did not have a laptop for my first week, which set the tone."
C00106,R00345,what_works,The direction for the year is clear and I can see how my work fits. That should be the standard everywhere.
C00107,R00348,what_to_change,The approval process takes longer than the work itself.
C00108,R00351,what_works,"Genuinely, my team lead backs us up when things go wrong and that builds trust. The last town hall actually answered the hard questions honestly."
C00109,R00353,what_to_change,Holiday requests get refused because we do not have the cover. Otherwise this is a good place to work.
C00110,R00354,what_works,The pension contribution and the extra leave days are genuinely good. Please keep it.
C00111,R00356,what_to_change,The main issue is that recognition stops at my manager and never travels further up. The rest of my experience here is positive. The same voices dominate every meeting and the rest of us stop trying.
C00112,R00360,what_to_change,To be direct: i answer messages at 10pm because there is no other way to keep up.
C00113,R00360,what_works,One thing that works: the direction for the year is clear and I can see how my work fits.
C00114,R00366,what_to_change,Everything important is decided in English at a speed that excludes half the room. It should not be this hard.
C00115,R00369,what_to_change,"I did not have a laptop for my first week, which set the tone. It should not be this hard."
C00116,R00369,what_works,My team lead backs us up when things go wrong and that builds trust. That should be the standard everywhere.
C00117,R00373,what_to_change,My first month was three days of induction and then nothing. It is the one thing I would change.
C00118,R00373,what_works,"Genuinely, the new scheduling tool has saved us hours every week."
C00119,R00389,what_to_change,I raised the same issue three times and nothing came back. This needs fixing this year.
C00120,R00389,what_works,"Genuinely, my manager is genuinely supportive and gives me feedback I can use."
C00121,R00400,what_to_change,The main issue is that new joiners are hired above people already doing the job. The rest of my experience here is positive.
C00122,R00400,what_works,"Genuinely, my onboarding buddy made the first weeks much easier."
C00123,R00410,what_to_change,To be direct: the same voices dominate every meeting and the rest of us stop trying. I have been in the same grade for four years with no conversation about what comes next.
C00124,R00410,what_works,One thing that works: the hybrid arrangement works well for me and my team coordinates it sensibly. My team is genuinely welcoming and people look out for each other.
C00125,R00421,what_to_change,"Honestly, the office rules changed twice this year with no explanation."
C00126,R00422,what_works,The last town hall actually answered the hard questions honestly.
C00127,R00427,what_to_change,My manager cancels our one to ones more often than we hold them. It should not be this hard.
C00128,R00437,what_to_change,To be direct: we hire externally for roles that people inside could grow into.
C00129,R00445,what_works,Since we added two people the pressure has come down a lot. That should be the standard everywhere.
C00130,R00448,what_to_change,Everything important is decided in English at a speed that excludes half the room. This needs fixing this year.
C00131,R00454,what_works,My team is genuinely welcoming and people look out for each other. Since we added two people the pressure has come down a lot.
C00132,R00460,what_to_change,The main issue is that the same voices dominate every meeting and the rest of us stop trying. It is the one thing I would change.
C00133,R00467,what_to_change,We hear about decisions that affect us from other teams first.
C00134,R00470,what_works,My manager is genuinely supportive and gives me feedback I can use. The pension contribution and the extra leave days are genuinely good.
C00135,R00476,what_to_change,Training budget exists on paper but every request gets postponed.
C00136,R00476,what_works,One thing that works: my manager makes a point of recognising good work publicly. Please keep it.
C00137,R00479,what_to_change,The main issue is that strategy changes every quarter and nobody explains why. This needs fixing this year.
C00138,R00481,what_to_change,New joiners are hired above people already doing the job. Otherwise this is a good place to work. Our systems do not talk to each other so we rekey the same data twice.
C00139,R00481,what_works,The new scheduling tool has saved us hours every week.
C00140,R00485,what_to_change,"Honestly, my first month was three days of induction and then nothing. My manager avoids difficult conversations, so problems in the team just continue."
C00141,R00487,what_to_change,Our systems do not talk to each other so we rekey the same data twice. Otherwise this is a good place to work.
C00142,R00498,what_to_change,We hear about decisions that affect us from other teams first. It is the one thing I would change.
C00143,R00498,what_works,The pension contribution and the extra leave days are genuinely good. Please keep it. The last town hall actually answered the hard questions honestly.
C00144,R00500,what_to_change,"Honestly, promotions here go to people who are visible to leadership, not to people who deliver. The rest of my experience here is positive."
C00145,R00500,what_works,"Genuinely, my onboarding buddy made the first weeks much easier. That should be the standard everywhere."
C00146,R00503,what_to_change,"Honestly, leadership talks about transparency and then reorganises without warning."
C00147,R00503,what_works,My onboarding buddy made the first weeks much easier.
C00148,R00513,what_to_change,To be direct: our systems do not talk to each other so we rekey the same data twice. Otherwise this is a good place to work.
C00149,R00513,what_works,Flexibility around school hours is the main reason I stay. Please keep it.
C00150,R00522,what_to_change,Benefits are fine but the base salary is below what I am offered elsewhere.
C00151,R00522,what_works,One thing that works: the hybrid arrangement works well for me and my team coordinates it sensibly. Please keep it. My onboarding buddy made the first weeks much easier.
C00152,R00527,what_works,One thing that works: flexibility around school hours is the main reason I stay.
C00153,R00535,what_to_change,"Honestly, our systems do not talk to each other so we rekey the same data twice. Frankly it is exhausting."
C00154,R00541,what_works,"Genuinely, the direction for the year is clear and I can see how my work fits."
C00155,R00543,what_works,"Genuinely, my team lead protects our workload and it makes a real difference. That should be the standard everywhere."
C00156,R00545,what_to_change,"Honestly, town halls are broadcasts, not conversations - questions get filtered. I am already looking at other options."
C00157,R00545,what_works,One thing that works: my team lead backs us up when things go wrong and that builds trust. That should be the standard everywhere.
C00158,R00554,what_to_change,Every week is firefighting; there is no capacity left for anything planned.
C00159,R00554,what_works,My onboarding buddy made the first weeks much easier. That should be the standard everywhere. My team lead protects our workload and it makes a real difference.
C00160,R00555,what_to_change,My first month was three days of induction and then nothing.
C00161,R00566,what_to_change,The same voices dominate every meeting and the rest of us stop trying.
C00162,R00566,what_works,One thing that works: my onboarding buddy made the first weeks much easier.
C00163,R00567,what_to_change,"To be direct: promotions here go to people who are visible to leadership, not to people who deliver. It should not be this hard."
C00164,R00571,what_to_change,To be direct: my first month was three days of induction and then nothing. This needs fixing this year.
C00165,R00571,what_works,My onboarding buddy made the first weeks much easier. My team is genuinely welcoming and people look out for each other.
C00166,R00586,what_to_change,The main issue is that shift patterns get published too late to plan anything around them. The rest of my experience here is positive.
C00167,R00589,what_works,One thing that works: the new scheduling tool has saved us hours every week.
C00168,R00594,what_to_change,Everything important is decided in English at a speed that excludes half the room. It is the one thing I would change.
C00169,R00601,what_works,Since we added two people the pressure has come down a lot. Please keep it.
C00170,R00608,what_works,I can raise a concern here without worrying about how it will be taken. Flexibility around school hours is the main reason I stay.
C00171,R00628,what_to_change,Training budget exists on paper but every request gets postponed. Otherwise this is a good place to work.
C00172,R00628,what_works,My onboarding buddy made the first weeks much easier. Please keep it.
C00173,R00636,what_works,My development plan is real and we actually review it. My onboarding buddy made the first weeks much easier.
C00174,R00664,what_to_change,The same voices dominate every meeting and the rest of us stop trying. The rest of my experience here is positive.
C00175,R00664,what_works,One thing that works: my onboarding buddy made the first weeks much easier. The pension contribution and the extra leave days are genuinely good.
C00176,R00676,what_to_change,The main issue is that i commute an hour to sit on video calls I could take from home. The rest of my experience here is positive.
C00177,R00676,what_works,One thing that works: the team shout-outs in our monthly meeting are a small thing that works.
C00178,R00677,what_to_change,There is no visible route from my role to the next one. The rest of my experience here is positive.
C00179,R00678,what_to_change,"To be direct: i answer messages at 10pm because there is no other way to keep up. It is the one thing I would change. Town halls are broadcasts, not conversations - questions get filtered."
C00180,R00678,what_works,Flexibility around school hours is the main reason I stay. Please keep it. My team lead backs us up when things go wrong and that builds trust.
C00181,R00679,what_works,One thing that works: my development plan is real and we actually review it. That should be the standard everywhere.
C00182,R00692,what_to_change,To be direct: new joiners are hired above people already doing the job. Otherwise this is a good place to work.
C00183,R00692,what_works,One thing that works: flexibility around school hours is the main reason I stay.
C00184,R00703,what_to_change,"Honestly, recognition stops at my manager and never travels further up."
C00185,R00703,what_works,The team shout-outs in our monthly meeting are a small thing that works.
C00186,R00717,what_works,My development plan is real and we actually review it. Please keep it.
C00187,R00718,what_to_change,"There is no visible route from my role to the next one. I did not have a laptop for my first week, which set the tone."
C00188,R00719,what_to_change,The main issue is that the same voices dominate every meeting and the rest of us stop trying.
C00189,R00725,what_to_change,To be direct: holiday requests get refused because we do not have the cover. The rest of my experience here is positive. Training budget exists on paper but every request gets postponed.
C00190,R00731,what_to_change,Our systems do not talk to each other so we rekey the same data twice.
C00191,R00738,what_to_change,"Honestly, we hear about decisions that affect us from other teams first. It is the one thing I would change."
C00192,R00738,what_works,"Genuinely, my development plan is real and we actually review it. Please keep it. My team lead protects our workload and it makes a real difference."
C00193,R00739,what_to_change,Benefits are fine but the base salary is below what I am offered elsewhere.
C00194,R00739,what_works,One thing that works: my development plan is real and we actually review it.
C00195,R00742,what_works,The team shout-outs in our monthly meeting are a small thing that works. That should be the standard everywhere.
C00196,R00743,what_works,Flexibility around school hours is the main reason I stay. Please keep it. My team is genuinely welcoming and people look out for each other.
C00197,R00763,what_works,"Genuinely, i always know where I stand with my manager, which I value. That should be the standard everywhere."
C00198,R00764,what_to_change,Good work is expected and never mentioned; mistakes are mentioned immediately. It should not be this hard.
C00199,R00765,what_to_change,"I did not have a laptop for my first week, which set the tone. We are permanently short-staffed and the overtime has stopped feeling optional."
C00200,R00765,what_works,My onboarding buddy made the first weeks much easier.
C00201,R00778,what_works,The new scheduling tool has saved us hours every week. That should be the standard everywhere.
C00202,R00782,what_to_change,"Honestly, my manager avoids difficult conversations, so problems in the team just continue. It should not be this hard."
C00203,R00804,what_to_change,"Honestly, two people left my team last year and neither was replaced, so the work just moved to us."
C00204,R00806,what_works,One thing that works: flexibility around school hours is the main reason I stay. Please keep it.
C00205,R00815,what_to_change,Strategy changes every quarter and nobody explains why. It is the main reason people are looking elsewhere.
C00206,R00815,what_works,My team is genuinely welcoming and people look out for each other. That should be the standard everywhere.
C00207,R00824,what_to_change,"Honestly, benefits are fine but the base salary is below what I am offered elsewhere. Feedback only arrives when something goes wrong."
C00208,R00824,what_works,One thing that works: i can raise a concern here without worrying about how it will be taken. Please keep it.
C00209,R00825,what_to_change,The main issue is that the same voices dominate every meeting and the rest of us stop trying.
C00210,R00825,what_works,I can raise a concern here without worrying about how it will be taken. Please keep it.
C00211,R00843,what_to_change,"To be direct: benefits are fine but the base salary is below what I am offered elsewhere. It should not be this hard. I did not have a laptop for my first week, which set the tone."
C00212,R00843,what_works,"Genuinely, my onboarding buddy made the first weeks much easier. Please keep it."
C00213,R00850,what_to_change,Every week is firefighting; there is no capacity left for anything planned. My first month was three days of induction and then nothing.
C00214,R00852,what_to_change,To be direct: we hire externally for roles that people inside could grow into. Leadership talks about transparency and then reorganises without warning.
C00215,R00863,what_works,The hybrid arrangement works well for me and my team coordinates it sensibly.
C00216,R00864,what_to_change,"The main issue is that i did not have a laptop for my first week, which set the tone."
C00217,R00864,what_works,One thing that works: my onboarding buddy made the first weeks much easier. That should be the standard everywhere. The direction for the year is clear and I can see how my work fits.
C00218,R00865,what_to_change,I answer messages at 10pm because there is no other way to keep up.
C00219,R00866,what_to_change,Every week is firefighting; there is no capacity left for anything planned.
C00220,R00871,what_to_change,"To be direct: town halls are broadcasts, not conversations - questions get filtered. It should not be this hard."
C00221,R00875,what_to_change,The approval process takes longer than the work itself. Otherwise this is a good place to work. Recognition stops at my manager and never travels further up.
C00222,R00875,what_works,The new scheduling tool has saved us hours every week.
C00223,R00881,what_to_change,"Honestly, i raised the same issue three times and nothing came back. This needs fixing this year. The team delivered a difficult project and nobody outside noticed."
C00224,R00881,what_works,Since we added two people the pressure has come down a lot. Please keep it.
C00225,R00885,what_works,My onboarding buddy made the first weeks much easier. That should be the standard everywhere.
C00226,R00890,what_to_change,To be direct: holiday requests get refused because we do not have the cover. This needs fixing this year.
C00227,R00896,what_to_change,I commute an hour to sit on video calls I could take from home. This needs fixing this year.
C00228,R00898,what_to_change,"Honestly, holiday requests get refused because we do not have the cover. This needs fixing this year. I raised the same issue three times and nothing came back."
C00229,R00898,what_works,My manager makes a point of recognising good work publicly. Please keep it.
C00230,R00916,what_to_change,Good work is expected and never mentioned; mistakes are mentioned immediately. It should not be this hard.
C00231,R00918,what_works,"Genuinely, my onboarding buddy made the first weeks much easier. That should be the standard everywhere."
C00232,R00920,what_to_change,"Honestly, two people left my team last year and neither was replaced, so the work just moved to us."
C00233,R00920,what_works,"Genuinely, the last town hall actually answered the hard questions honestly. Please keep it."
C00234,R00934,what_to_change,"The main issue is that i did not have a laptop for my first week, which set the tone. This needs fixing this year."
C00235,R00934,what_works,The internal move I made last year was handled really well. That should be the standard everywhere.
C00236,R00935,what_works,The new scheduling tool has saved us hours every week. Please keep it. The pension contribution and the extra leave days are genuinely good.
C00237,R00941,what_to_change,"Honestly, the approval process takes longer than the work itself."
C00238,R00941,what_works,My team lead protects our workload and it makes a real difference. Please keep it. The pension contribution and the extra leave days are genuinely good.
C00239,R00943,what_to_change,Everything important is decided in English at a speed that excludes half the room.
C00240,R00943,what_works,The last town hall actually answered the hard questions honestly. Please keep it.
C00241,R00950,what_to_change,There is no visible route from my role to the next one. This needs fixing this year.
C00242,R00953,what_works,"I always know where I stand with my manager, which I value."
C00243,R00957,what_to_change,"Honestly, we hire externally for roles that people inside could grow into. This needs fixing this year."
C00244,R00957,what_works,"Genuinely, my development plan is real and we actually review it."
C00245,R00959,what_works,"Genuinely, my team lead backs us up when things go wrong and that builds trust. Please keep it."
C00246,R00960,what_works,One thing that works: my team is genuinely welcoming and people look out for each other.
C00247,R00961,what_to_change,"The main issue is that town halls are broadcasts, not conversations - questions get filtered."
C00248,R00962,what_to_change,The approval process takes longer than the work itself.
C00249,R00962,what_works,One thing that works: my manager is genuinely supportive and gives me feedback I can use. That should be the standard everywhere.
C00250,R00970,what_to_change,We are permanently short-staffed and the overtime has stopped feeling optional.
C00251,R00980,what_works,The team shout-outs in our monthly meeting are a small thing that works. That should be the standard everywhere.
C00252,R00984,what_to_change,The team delivered a difficult project and nobody outside noticed.
C00253,R00992,what_to_change,Strategy changes every quarter and nobody explains why. This needs fixing this year.
C00254,R00993,what_to_change,"Honestly, i have been in the same grade for four years with no conversation about what comes next. It is the one thing I would change. Benefits are fine but the base salary is below what I am offered elsewhere."
C00255,R01001,what_works,One thing that works: the hybrid arrangement works well for me and my team coordinates it sensibly.
C00256,R01006,what_works,The new scheduling tool has saved us hours every week. The direction for the year is clear and I can see how my work fits.
C00257,R01014,what_to_change,We hire externally for roles that people inside could grow into. It should not be this hard. I raised the same issue three times and nothing came back.
C00258,R01014,what_works,"Genuinely, the internal move I made last year was handled really well."
C00259,R01024,what_works,"Genuinely, i always know where I stand with my manager, which I value."
C00260,R01028,what_to_change,"Honestly, recognition stops at my manager and never travels further up. This needs fixing this year."
C00261,R01028,what_works,"Genuinely, my manager makes a point of recognising good work publicly."
C00262,R01032,what_works,One thing that works: the new scheduling tool has saved us hours every week.
C00263,R01038,what_works,"Genuinely, my manager makes a point of recognising good work publicly."
C00264,R01039,what_to_change,The same voices dominate every meeting and the rest of us stop trying. It should not be this hard.
C00265,R01042,what_to_change,"Honestly, we are permanently short-staffed and the overtime has stopped feeling optional."
C00266,R01042,what_works,One thing that works: the direction for the year is clear and I can see how my work fits.
C00267,R01046,what_to_change,"To be direct: two people left my team last year and neither was replaced, so the work just moved to us. The rest of my experience here is positive."
C00268,R01046,what_works,"Genuinely, the team shout-outs in our monthly meeting are a small thing that works."
C00269,R01047,what_to_change,Everything important is decided in English at a speed that excludes half the room. Otherwise this is a good place to work. The approval process takes longer than the work itself.
C00270,R01047,what_works,One thing that works: my team is genuinely welcoming and people look out for each other. That should be the standard everywhere.
C00271,R01051,what_to_change,To be direct: feedback only arrives when something goes wrong. It should not be this hard. Good work is expected and never mentioned; mistakes are mentioned immediately.
C00272,R01051,what_works,One thing that works: the last town hall actually answered the hard questions honestly. The pension contribution and the extra leave days are genuinely good.
C00273,R01052,what_to_change,The main issue is that holiday requests get refused because we do not have the cover.
C00274,R01052,what_works,One thing that works: the last town hall actually answered the hard questions honestly. Please keep it.
C00275,R01053,what_works,One thing that works: the hybrid arrangement works well for me and my team coordinates it sensibly. Please keep it.
C00276,R01072,what_to_change,"To be direct: town halls are broadcasts, not conversations - questions get filtered. It is the one thing I would change."
C00277,R01072,what_works,My onboarding buddy made the first weeks much easier. My manager makes a point of recognising good work publicly.
C00278,R01077,what_to_change,"The main issue is that town halls are broadcasts, not conversations - questions get filtered. I did not have a laptop for my first week, which set the tone."
C00279,R01084,what_to_change,"Honestly, new joiners are hired above people already doing the job. It should not be this hard. I answer messages at 10pm because there is no other way to keep up."
C00280,R01084,what_works,"Genuinely, the team shout-outs in our monthly meeting are a small thing that works. That should be the standard everywhere. Flexibility around school hours is the main reason I stay."
C00281,R01106,what_to_change,My manager cancels our one to ones more often than we hold them. It is the one thing I would change.
C00282,R01106,what_works,My onboarding buddy made the first weeks much easier.
C00283,R01108,what_works,One thing that works: the team shout-outs in our monthly meeting are a small thing that works.
C00284,R01112,what_works,"Genuinely, i can raise a concern here without worrying about how it will be taken. That should be the standard everywhere."
C00285,R01126,what_to_change,To be direct: my first month was three days of induction and then nothing. The rest of my experience here is positive.
C00286,R01126,what_works,"Genuinely, the internal move I made last year was handled really well. Please keep it."
C00287,R01128,what_to_change,"Honestly, every week is firefighting; there is no capacity left for anything planned. The approval process takes longer than the work itself."
C00288,R01128,what_works,"Genuinely, the team shout-outs in our monthly meeting are a small thing that works. Please keep it."
C00289,R01133,what_to_change,The main issue is that the office rules changed twice this year with no explanation. It is the one thing I would change.
C00290,R01133,what_works,"Genuinely, flexibility around school hours is the main reason I stay. Please keep it."
C00291,R01135,what_to_change,Training budget exists on paper but every request gets postponed. This needs fixing this year.
C00292,R01135,what_works,One thing that works: i can raise a concern here without worrying about how it will be taken. Please keep it.
C00293,R01140,what_to_change,Recognition stops at my manager and never travels further up. Otherwise this is a good place to work. My manager cancels our one to ones more often than we hold them.
C00294,R01140,what_works,One thing that works: since we added two people the pressure has come down a lot.
C00295,R01142,what_works,The team shout-outs in our monthly meeting are a small thing that works.
C00296,R01147,what_works,One thing that works: my manager is genuinely supportive and gives me feedback I can use.
C00297,R01149,what_to_change,Our systems do not talk to each other so we rekey the same data twice. This needs fixing this year.
C00298,R01151,what_works,One thing that works: the team shout-outs in our monthly meeting are a small thing that works.
C00299,R01152,what_to_change,To be direct: new joiners are hired above people already doing the job. It is the one thing I would change.
C00300,R01152,what_works,"Genuinely, flexibility around school hours is the main reason I stay."
C00301,R01166,what_to_change,Getting access to a tool takes weeks and nobody owns the process.
C00302,R01168,what_to_change,"To be direct: i did not have a laptop for my first week, which set the tone. Frankly it is exhausting."
C00303,R01173,what_to_change,My first month was three days of induction and then nothing. It is the one thing I would change. The same voices dominate every meeting and the rest of us stop trying.
C00304,R01179,what_to_change,We hire externally for roles that people inside could grow into. It should not be this hard.
C00305,R01181,what_to_change,The same voices dominate every meeting and the rest of us stop trying. The rest of my experience here is positive.
C00306,R01181,what_works,One thing that works: my onboarding buddy made the first weeks much easier. That should be the standard everywhere.
C00307,R01190,what_works,The team shout-outs in our monthly meeting are a small thing that works. That should be the standard everywhere.
C00308,R01197,what_to_change,"Honestly, getting access to a tool takes weeks and nobody owns the process. This needs fixing this year."
C00309,R01198,what_to_change,New joiners are hired above people already doing the job.
C00310,R01198,what_works,One thing that works: the pension contribution and the extra leave days are genuinely good.
C00311,R01201,what_to_change,"To be direct: my manager avoids difficult conversations, so problems in the team just continue."
C00312,R01201,what_works,Flexibility around school hours is the main reason I stay. Please keep it.
C00313,R01203,what_to_change,"I did not have a laptop for my first week, which set the tone. This needs fixing this year."
C00314,R01210,what_works,One thing that works: the pension contribution and the extra leave days are genuinely good.
C00315,R01217,what_to_change,To be direct: every week is firefighting; there is no capacity left for anything planned. Otherwise this is a good place to work. My manager cancels our one to ones more often than we hold them.
C00316,R01217,what_works,"Genuinely, the pension contribution and the extra leave days are genuinely good. Please keep it."
C00317,R01221,what_to_change,"The main issue is that i did not have a laptop for my first week, which set the tone."
C00318,R01221,what_works,One thing that works: the internal move I made last year was handled really well.
C00319,R01228,what_to_change,Recognition stops at my manager and never travels further up. It is the main reason people are looking elsewhere.
C00320,R01228,what_works,My onboarding buddy made the first weeks much easier.
C00321,R01236,what_to_change,To be direct: there is no visible route from my role to the next one.
C00322,R01238,what_to_change,"I did not have a laptop for my first week, which set the tone."
C00323,R01238,what_works,The new scheduling tool has saved us hours every week. Please keep it.
C00324,R01244,what_to_change,Feedback only arrives when something goes wrong.
C00325,R01244,what_works,One thing that works: the pension contribution and the extra leave days are genuinely good.
C00326,R01251,what_to_change,"We are permanently short-staffed and the overtime has stopped feeling optional. It should not be this hard. My manager avoids difficult conversations, so problems in the team just continue."
C00327,R01251,what_works,Flexibility around school hours is the main reason I stay.
C00328,R01257,what_to_change,To be direct: everything important is decided in English at a speed that excludes half the room.
C00329,R01258,what_to_change,I answer messages at 10pm because there is no other way to keep up.
C00330,R01258,what_works,One thing that works: my onboarding buddy made the first weeks much easier. Please keep it. The pension contribution and the extra leave days are genuinely good.
C00331,R01260,what_to_change,Benefits are fine but the base salary is below what I am offered elsewhere. It should not be this hard.
C00332,R01265,what_to_change,"Honestly, the approval process takes longer than the work itself. It should not be this hard."
C00333,R01265,what_works,The internal move I made last year was handled really well. That should be the standard everywhere.
C00334,R01268,what_to_change,The main issue is that feedback only arrives when something goes wrong.
C00335,R01269,what_to_change,"Honestly, recognition stops at my manager and never travels further up. It is the one thing I would change."
C00336,R01269,what_works,"Genuinely, i always know where I stand with my manager, which I value. The new scheduling tool has saved us hours every week."
C00337,R01271,what_to_change,The main issue is that feedback only arrives when something goes wrong.
C00338,R01271,what_works,One thing that works: the team shout-outs in our monthly meeting are a small thing that works.
C00339,R01276,what_to_change,"To be direct: town halls are broadcasts, not conversations - questions get filtered."
C00340,R01276,what_works,"Genuinely, since we added two people the pressure has come down a lot."
C00341,R01280,what_to_change,Good work is expected and never mentioned; mistakes are mentioned immediately.
C00342,R01282,what_to_change,"Honestly, my salary has not kept up with inflation for two years running."
C00343,R01283,what_to_change,The main issue is that recognition stops at my manager and never travels further up. It is the one thing I would change.
C00344,R01291,what_works,My manager makes a point of recognising good work publicly.
C00345,R01293,what_to_change,"Honestly, i have been in the same grade for four years with no conversation about what comes next. This needs fixing this year."
C00346,R01293,what_works,My onboarding buddy made the first weeks much easier.
C00347,R01297,what_to_change,Benefits are fine but the base salary is below what I am offered elsewhere.
C00348,R01297,what_works,The hybrid arrangement works well for me and my team coordinates it sensibly. The pension contribution and the extra leave days are genuinely good.
C00349,R01303,what_to_change,"Two people left my team last year and neither was replaced, so the work just moved to us. Otherwise this is a good place to work."
C00350,R01303,what_works,The team shout-outs in our monthly meeting are a small thing that works. That should be the standard everywhere.
C00351,R01304,what_to_change,"Honestly, recognition stops at my manager and never travels further up. It should not be this hard."
C00352,R01306,what_to_change,"Two people left my team last year and neither was replaced, so the work just moved to us."
C00353,R01306,what_works,One thing that works: my team lead protects our workload and it makes a real difference. Please keep it.
C00354,R01318,what_to_change,New joiners are hired above people already doing the job.
C00355,R01318,what_works,My development plan is real and we actually review it.
C00356,R01323,what_to_change,"Promotions here go to people who are visible to leadership, not to people who deliver. This needs fixing this year."
C00357,R01323,what_works,"Genuinely, i can raise a concern here without worrying about how it will be taken. That should be the standard everywhere."
C00358,R01324,what_to_change,"Honestly, there is no visible route from my role to the next one. This needs fixing this year."
C00359,R01324,what_works,"Genuinely, the new scheduling tool has saved us hours every week."
C00360,R01328,what_to_change,We hire externally for roles that people inside could grow into. It should not be this hard.
C00361,R01335,what_to_change,To be direct: new joiners are hired above people already doing the job. The rest of my experience here is positive.
C00362,R01341,what_to_change,The main issue is that i raised the same issue three times and nothing came back. It should not be this hard.
C00363,R01343,what_to_change,"Honestly, i answer messages at 10pm because there is no other way to keep up."
C00364,R01343,what_works,One thing that works: the new scheduling tool has saved us hours every week.
C00365,R01349,what_works,Flexibility around school hours is the main reason I stay. Please keep it. The team shout-outs in our monthly meeting are a small thing that works.
C00366,R01350,what_to_change,Leadership talks about transparency and then reorganises without warning. It is the one thing I would change.
C00367,R01351,what_to_change,The same voices dominate every meeting and the rest of us stop trying.
C00368,R01357,what_to_change,The same voices dominate every meeting and the rest of us stop trying. Otherwise this is a good place to work.
C00369,R01359,what_to_change,We hire externally for roles that people inside could grow into. I am already looking at other options.
C00370,R01360,what_to_change,"The pay bands are a secret, which makes it impossible to trust the process. It is the one thing I would change."
C00371,R01360,what_works,"Genuinely, my development plan is real and we actually review it. That should be the standard everywhere."
C00372,R01367,what_to_change,"The main issue is that promotions here go to people who are visible to leadership, not to people who deliver."
C00373,R01369,what_to_change,Our systems do not talk to each other so we rekey the same data twice. It is the main reason people are looking elsewhere. Every week is firefighting; there is no capacity left for anything planned.
C00374,R01370,what_to_change,The main issue is that getting access to a tool takes weeks and nobody owns the process. Nothing has changed since the last survey.
C00375,R01371,what_to_change,Everything important is decided in English at a speed that excludes half the room. It should not be this hard. My salary has not kept up with inflation for two years running.
C00376,R01371,what_works,My team lead protects our workload and it makes a real difference. That should be the standard everywhere.
C00377,R01374,what_works,The direction for the year is clear and I can see how my work fits. Please keep it.
C00378,R01377,what_works,The pension contribution and the extra leave days are genuinely good.
C00379,R01381,what_to_change,The team delivered a difficult project and nobody outside noticed.
C00380,R01381,what_works,"Genuinely, the pension contribution and the extra leave days are genuinely good. Please keep it."
C00381,R01392,what_works,One thing that works: the team shout-outs in our monthly meeting are a small thing that works.
C00382,R01393,what_to_change,"Honestly, benefits are fine but the base salary is below what I am offered elsewhere. This needs fixing this year."
C00383,R01402,what_to_change,Good work is expected and never mentioned; mistakes are mentioned immediately.
C00384,R01406,what_to_change,Leadership talks about transparency and then reorganises without warning. This needs fixing this year.
C00385,R01408,what_to_change,Shift patterns get published too late to plan anything around them. Otherwise this is a good place to work.
C00386,R01408,what_works,One thing that works: my manager is genuinely supportive and gives me feedback I can use. Flexibility around school hours is the main reason I stay.
C00387,R01409,what_to_change,"The main issue is that i did not have a laptop for my first week, which set the tone. Strategy changes every quarter and nobody explains why."
C00388,R01409,what_works,One thing that works: since we added two people the pressure has come down a lot. My team is genuinely welcoming and people look out for each other.
C00389,R01418,what_to_change,The main issue is that i raised the same issue three times and nothing came back. The rest of my experience here is positive.
C00390,R01419,what_works,"Genuinely, i can raise a concern here without worrying about how it will be taken."
C00391,R01421,what_to_change,"To be direct: i did not have a laptop for my first week, which set the tone."
C00392,R01423,what_to_change,The approval process takes longer than the work itself. This needs fixing this year. Recognition stops at my manager and never travels further up.
C00393,R01425,what_works,One thing that works: my manager makes a point of recognising good work publicly. Please keep it.
C00394,R01426,what_to_change,"Honestly, town halls are broadcasts, not conversations - questions get filtered. It is the one thing I would change. Good work is expected and never mentioned; mistakes are mentioned immediately."
C00395,R01431,what_works,"Genuinely, the pension contribution and the extra leave days are genuinely good. Please keep it. I always know where I stand with my manager, which I value."
C00396,R01435,what_to_change,The same voices dominate every meeting and the rest of us stop trying. This needs fixing this year. Leadership talks about transparency and then reorganises without warning.
C00397,R01435,what_works,The hybrid arrangement works well for me and my team coordinates it sensibly. Please keep it.
C00398,R01439,what_to_change,The approval process takes longer than the work itself. It is the one thing I would change.
C00399,R01439,what_works,My team lead backs us up when things go wrong and that builds trust.
C00400,R01440,what_to_change,There is no visible route from my role to the next one.
C00401,R01440,what_works,My manager is genuinely supportive and gives me feedback I can use.
C00402,R01446,what_to_change,To be direct: every week is firefighting; there is no capacity left for anything planned. It is the one thing I would change. Our systems do not talk to each other so we rekey the same data twice.
C00403,R01446,what_works,"Genuinely, since we added two people the pressure has come down a lot. Flexibility around school hours is the main reason I stay."
C00404,R01447,what_to_change,To be direct: i commute an hour to sit on video calls I could take from home. It is the one thing I would change. Leadership talks about transparency and then reorganises without warning.
C00405,R01448,what_to_change,"To be direct: town halls are broadcasts, not conversations - questions get filtered. It should not be this hard."
C00406,R01448,what_works,"I always know where I stand with my manager, which I value. Please keep it."
C00407,R01453,what_to_change,I commute an hour to sit on video calls I could take from home. Otherwise this is a good place to work.
C00408,R01453,what_works,"Genuinely, the new scheduling tool has saved us hours every week."
C00409,R01454,what_to_change,"To be direct: town halls are broadcasts, not conversations - questions get filtered. The rest of my experience here is positive."
C00410,R01456,what_to_change,"Honestly, recognition stops at my manager and never travels further up."
C00411,R01456,what_works,One thing that works: my team lead backs us up when things go wrong and that builds trust. That should be the standard everywhere.
C00412,R01457,what_to_change,I have been in the same grade for four years with no conversation about what comes next.
C00413,R01457,what_works,"Genuinely, the hybrid arrangement works well for me and my team coordinates it sensibly. My onboarding buddy made the first weeks much easier."
C00414,R01460,what_to_change,To be direct: the same voices dominate every meeting and the rest of us stop trying.
C00415,R01461,what_to_change,The main issue is that our systems do not talk to each other so we rekey the same data twice.
C00416,R01464,what_works,One thing that works: my team lead backs us up when things go wrong and that builds trust. That should be the standard everywhere.
C00417,R01467,what_to_change,"Two people left my team last year and neither was replaced, so the work just moved to us. It is the one thing I would change. Everything important is decided in English at a speed that excludes half the room."
C00418,R01467,what_works,One thing that works: the pension contribution and the extra leave days are genuinely good.
C00419,R01469,what_to_change,Getting access to a tool takes weeks and nobody owns the process. The rest of my experience here is positive.
C00420,R01469,what_works,"Genuinely, the new scheduling tool has saved us hours every week. That should be the standard everywhere."
C00421,R01472,what_works,"Genuinely, the new scheduling tool has saved us hours every week. Please keep it."
C00422,R01477,what_to_change,"Honestly, benefits are fine but the base salary is below what I am offered elsewhere."
C00423,R01480,what_works,"Genuinely, my team is genuinely welcoming and people look out for each other. Please keep it."
C00424,R01482,what_to_change,"Honestly, everything important is decided in English at a speed that excludes half the room. It is the one thing I would change."
C00425,R01482,what_works,My team is genuinely welcoming and people look out for each other. The hybrid arrangement works well for me and my team coordinates it sensibly.
C00426,R01483,what_to_change,"The main issue is that i commute an hour to sit on video calls I could take from home. Otherwise this is a good place to work. Town halls are broadcasts, not conversations - questions get filtered."
C00427,R01483,what_works,Flexibility around school hours is the main reason I stay.
C00428,R01494,what_to_change,"Honestly, i did not have a laptop for my first week, which set the tone. It is the one thing I would change."
C00429,R01494,what_works,"Genuinely, my onboarding buddy made the first weeks much easier. That should be the standard everywhere."
C00430,R01498,what_to_change,Strategy changes every quarter and nobody explains why.
C00431,R01499,what_to_change,The main issue is that benefits are fine but the base salary is below what I am offered elsewhere. It should not be this hard. I raised the same issue three times and nothing came back.
C00432,R01499,what_works,"Genuinely, the pension contribution and the extra leave days are genuinely good."
C00433,R01504,what_to_change,"Honestly, my manager cancels our one to ones more often than we hold them. The rest of my experience here is positive."
C00434,R01504,what_works,Flexibility around school hours is the main reason I stay.
C00435,R01508,what_to_change,"To be direct: i did not have a laptop for my first week, which set the tone. It should not be this hard. Getting access to a tool takes weeks and nobody owns the process."
C00436,R01510,what_to_change,My first month was three days of induction and then nothing. It should not be this hard.
C00437,R01510,what_works,The internal move I made last year was handled really well.
C00438,R01517,what_to_change,The team delivered a difficult project and nobody outside noticed.
C00439,R01521,what_to_change,Good work is expected and never mentioned; mistakes are mentioned immediately. Otherwise this is a good place to work.
C00440,R01521,what_works,My manager makes a point of recognising good work publicly.
C00441,R01524,what_to_change,"Honestly, there is no visible route from my role to the next one. The rest of my experience here is positive."
C00442,R01526,what_to_change,Recognition stops at my manager and never travels further up.
C00443,R01536,what_to_change,Leadership talks about transparency and then reorganises without warning. The rest of my experience here is positive.
C00444,R01536,what_works,My team lead backs us up when things go wrong and that builds trust. Please keep it.
C00445,R01538,what_to_change,"Honestly, town halls are broadcasts, not conversations - questions get filtered. Otherwise this is a good place to work."
C00446,R01538,what_works,One thing that works: my team is genuinely welcoming and people look out for each other. That should be the standard everywhere.
C00447,R01539,what_to_change,To be direct: the office rules changed twice this year with no explanation. This needs fixing this year.
C00448,R01541,what_to_change,"I did not have a laptop for my first week, which set the tone. It should not be this hard. Promotions here go to people who are visible to leadership, not to people who deliver."
C00449,R01542,what_to_change,"To be direct: i did not have a laptop for my first week, which set the tone. It should not be this hard."
C00450,R01544,what_works,The pension contribution and the extra leave days are genuinely good.
C00451,R01564,what_to_change,I answer messages at 10pm because there is no other way to keep up.
C00452,R01564,what_works,One thing that works: flexibility around school hours is the main reason I stay. Please keep it. The team shout-outs in our monthly meeting are a small thing that works.
C00453,R01573,what_to_change,The main issue is that training budget exists on paper but every request gets postponed. The rest of my experience here is positive.
C00454,R01581,what_works,My onboarding buddy made the first weeks much easier. That should be the standard everywhere.
C00455,R01585,what_works,"Genuinely, the pension contribution and the extra leave days are genuinely good. Please keep it."
C00456,R01586,what_works,One thing that works: the hybrid arrangement works well for me and my team coordinates it sensibly. That should be the standard everywhere.
C00457,R01592,what_to_change,The main issue is that my manager cancels our one to ones more often than we hold them. It is the one thing I would change.
C00458,R01592,what_works,The last town hall actually answered the hard questions honestly.
C00459,R01594,what_to_change,The approval process takes longer than the work itself. It is the one thing I would change.
C00460,R01594,what_works,"I always know where I stand with my manager, which I value."
C00461,R01596,what_works,The team shout-outs in our monthly meeting are a small thing that works.
C00462,R01599,what_works,One thing that works: the new scheduling tool has saved us hours every week.
C00463,R01603,what_to_change,Shift patterns get published too late to plan anything around them. Otherwise this is a good place to work.
C00464,R01603,what_works,The hybrid arrangement works well for me and my team coordinates it sensibly.
C00465,R01608,what_works,Since we added two people the pressure has come down a lot. Please keep it.
C00466,R01611,what_to_change,"The team delivered a difficult project and nobody outside noticed. Town halls are broadcasts, not conversations - questions get filtered."
C00467,R01612,what_to_change,My first month was three days of induction and then nothing. The rest of my experience here is positive.
C00468,R01616,what_to_change,Feedback only arrives when something goes wrong.
C00469,R01631,what_to_change,We hire externally for roles that people inside could grow into. The rest of my experience here is positive.
C00470,R01631,what_works,My team is genuinely welcoming and people look out for each other. That should be the standard everywhere.
C00471,R01632,what_to_change,"My manager avoids difficult conversations, so problems in the team just continue. Otherwise this is a good place to work."
C00472,R01632,what_works,One thing that works: my onboarding buddy made the first weeks much easier.
C00473,R01637,what_works,One thing that works: i can raise a concern here without worrying about how it will be taken.
C00474,R01638,what_works,"Genuinely, my development plan is real and we actually review it. Please keep it. The new scheduling tool has saved us hours every week."
C00475,R01642,what_to_change,Our systems do not talk to each other so we rekey the same data twice. Otherwise this is a good place to work. The same voices dominate every meeting and the rest of us stop trying.
C00476,R01642,what_works,The last town hall actually answered the hard questions honestly. Please keep it.
C00477,R01650,what_to_change,Strategy changes every quarter and nobody explains why. It should not be this hard.
C00478,R01650,what_works,One thing that works: since we added two people the pressure has come down a lot. Please keep it.
C00479,R01654,what_to_change,The same voices dominate every meeting and the rest of us stop trying. This needs fixing this year.
C00480,R01654,what_works,The last town hall actually answered the hard questions honestly. Please keep it.
C00481,R01665,what_to_change,I have been in the same grade for four years with no conversation about what comes next. It should not be this hard.
C00482,R01665,what_works,My onboarding buddy made the first weeks much easier.
C00483,R01666,what_to_change,Leadership talks about transparency and then reorganises without warning. The rest of my experience here is positive. We hire externally for roles that people inside could grow into.
C00484,R01666,what_works,One thing that works: the pension contribution and the extra leave days are genuinely good.
C00485,R01675,what_works,The team shout-outs in our monthly meeting are a small thing that works.
C00486,R01687,what_works,One thing that works: my team lead protects our workload and it makes a real difference.
C00487,R01690,what_to_change,We hire externally for roles that people inside could grow into. The rest of my experience here is positive.
C00488,R01691,what_to_change,To be direct: we hire externally for roles that people inside could grow into. This needs fixing this year.
C00489,R01691,what_works,The internal move I made last year was handled really well. The new scheduling tool has saved us hours every week.
C00490,R01698,what_to_change,"Town halls are broadcasts, not conversations - questions get filtered. It is the one thing I would change."
C00491,R01698,what_works,The last town hall actually answered the hard questions honestly. Please keep it.
C00492,R01699,what_to_change,Everything important is decided in English at a speed that excludes half the room.
C00493,R01699,what_works,"One thing that works: i always know where I stand with my manager, which I value."
C00494,R01711,what_works,"Genuinely, my team is genuinely welcoming and people look out for each other. That should be the standard everywhere."
C00495,R01716,what_to_change,We hear about decisions that affect us from other teams first.
C00496,R01717,what_to_change,Shift patterns get published too late to plan anything around them. It is the one thing I would change. New joiners are hired above people already doing the job.
C00497,R01717,what_works,The new scheduling tool has saved us hours every week. The internal move I made last year was handled really well.
C00498,R01718,what_works,One thing that works: my onboarding buddy made the first weeks much easier. The team shout-outs in our monthly meeting are a small thing that works.
C00499,R01720,what_to_change,"The pay bands are a secret, which makes it impossible to trust the process. The rest of my experience here is positive."
C00500,R01720,what_works,One thing that works: the pension contribution and the extra leave days are genuinely good.
C00501,R01732,what_to_change,The same voices dominate every meeting and the rest of us stop trying. It is the one thing I would change.
C00502,R01732,what_works,My team is genuinely welcoming and people look out for each other. Please keep it.
C00503,R01739,what_works,"Genuinely, the new scheduling tool has saved us hours every week. Please keep it."
C00504,R01742,what_to_change,The office rules changed twice this year with no explanation. I am already looking at other options.
C00505,R01751,what_to_change,The approval process takes longer than the work itself.
C00506,R01751,what_works,One thing that works: the hybrid arrangement works well for me and my team coordinates it sensibly. That should be the standard everywhere.
C00507,R01764,what_works,The team shout-outs in our monthly meeting are a small thing that works.
C00508,R01765,what_to_change,My first month was three days of induction and then nothing. The rest of my experience here is positive. Holiday requests get refused because we do not have the cover.
C00509,R01765,what_works,The new scheduling tool has saved us hours every week. That should be the standard everywhere. My manager makes a point of recognising good work publicly.
C00510,R01769,what_to_change,To be direct: we hear about decisions that affect us from other teams first. It should not be this hard.
C00511,R01769,what_works,My onboarding buddy made the first weeks much easier. The last town hall actually answered the hard questions honestly.
C00512,R01772,what_to_change,"Honestly, training budget exists on paper but every request gets postponed."
C00513,R01772,what_works,My team lead protects our workload and it makes a real difference. Please keep it.
C00514,R01773,what_works,Flexibility around school hours is the main reason I stay.
C00515,R01778,what_to_change,"The main issue is that promotions here go to people who are visible to leadership, not to people who deliver. Otherwise this is a good place to work."
C00516,R01778,what_works,"The internal move I made last year was handled really well. I always know where I stand with my manager, which I value."
C00517,R01782,what_to_change,"My manager avoids difficult conversations, so problems in the team just continue."
C00518,R01786,what_works,The new scheduling tool has saved us hours every week. Please keep it.
C00519,R01794,what_to_change,Everything important is decided in English at a speed that excludes half the room. The rest of my experience here is positive.
C00520,R01794,what_works,One thing that works: flexibility around school hours is the main reason I stay. That should be the standard everywhere.
C00521,R01803,what_to_change,"Honestly, good work is expected and never mentioned; mistakes are mentioned immediately. It should not be this hard."
C00522,R01803,what_works,My onboarding buddy made the first weeks much easier. The internal move I made last year was handled really well.
C00523,R01811,what_works,"Genuinely, my onboarding buddy made the first weeks much easier."
C00524,R01813,what_to_change,"Two people left my team last year and neither was replaced, so the work just moved to us. The rest of my experience here is positive."
C00525,R01825,what_to_change,"Strategy changes every quarter and nobody explains why. It is the one thing I would change. Two people left my team last year and neither was replaced, so the work just moved to us."
C00526,R01825,what_works,"Genuinely, the last town hall actually answered the hard questions honestly. Please keep it."
C00527,R01828,what_to_change,"The main issue is that my manager avoids difficult conversations, so problems in the team just continue. The rest of my experience here is positive."
C00528,R01828,what_works,One thing that works: the internal move I made last year was handled really well. Please keep it.
C00529,R01829,what_works,My team lead backs us up when things go wrong and that builds trust.
C00530,R01830,what_to_change,"Honestly, new joiners are hired above people already doing the job. Otherwise this is a good place to work."
C00531,R01830,what_works,One thing that works: the last town hall actually answered the hard questions honestly. That should be the standard everywhere.
C00532,R01833,what_to_change,"Honestly, leadership talks about transparency and then reorganises without warning. Holiday requests get refused because we do not have the cover."
C00533,R01833,what_works,One thing that works: the last town hall actually answered the hard questions honestly.
C00534,R01834,what_to_change,Everything important is decided in English at a speed that excludes half the room. This needs fixing this year.
C00535,R01835,what_to_change,New joiners are hired above people already doing the job. I am already looking at other options.
C00536,R01836,what_to_change,The main issue is that we hear about decisions that affect us from other teams first. Otherwise this is a good place to work.
C00537,R01840,what_to_change,To be direct: the approval process takes longer than the work itself.
C00538,R01840,what_works,"Genuinely, the hybrid arrangement works well for me and my team coordinates it sensibly."
C00539,R01842,what_to_change,Recognition stops at my manager and never travels further up.
C00540,R01845,what_to_change,"Honestly, our systems do not talk to each other so we rekey the same data twice. It should not be this hard."
C00541,R01845,what_works,Flexibility around school hours is the main reason I stay. Please keep it.
C00542,R01850,what_works,"Genuinely, my development plan is real and we actually review it. That should be the standard everywhere."
C00543,R01851,what_to_change,To be direct: the approval process takes longer than the work itself.
C00544,R01853,what_to_change,The approval process takes longer than the work itself.
C00545,R01853,what_works,The direction for the year is clear and I can see how my work fits.
C00546,R01858,what_to_change,The main issue is that i have been in the same grade for four years with no conversation about what comes next. It is the one thing I would change.
C00547,R01859,what_to_change,To be direct: our systems do not talk to each other so we rekey the same data twice. The rest of my experience here is positive.
C00548,R01860,what_works,The new scheduling tool has saved us hours every week. Please keep it.
C00549,R01865,what_to_change,My salary has not kept up with inflation for two years running.
C00550,R01865,what_works,My team is genuinely welcoming and people look out for each other. Please keep it.
C00551,R01869,what_to_change,Our systems do not talk to each other so we rekey the same data twice.
C00552,R01869,what_works,The last town hall actually answered the hard questions honestly. That should be the standard everywhere. The pension contribution and the extra leave days are genuinely good.
C00553,R01871,what_to_change,Leadership talks about transparency and then reorganises without warning. The rest of my experience here is positive.
C00554,R01871,what_works,"Genuinely, the pension contribution and the extra leave days are genuinely good."
C00555,R01878,what_to_change,Getting access to a tool takes weeks and nobody owns the process. Nothing has changed since the last survey.
C00556,R01878,what_works,The pension contribution and the extra leave days are genuinely good.
C00557,R01886,what_to_change,To be direct: the approval process takes longer than the work itself. It should not be this hard.
C00558,R01888,what_to_change,Everything important is decided in English at a speed that excludes half the room. The rest of my experience here is positive.
C00559,R01888,what_works,My onboarding buddy made the first weeks much easier. Please keep it. The new scheduling tool has saved us hours every week.
C00560,R01890,what_to_change,To be direct: i have been in the same grade for four years with no conversation about what comes next.
C00561,R01901,what_to_change,The team delivered a difficult project and nobody outside noticed. It is the one thing I would change.
C00562,R01901,what_works,Flexibility around school hours is the main reason I stay. Please keep it.
C00563,R01902,what_to_change,"Honestly, i answer messages at 10pm because there is no other way to keep up."
C00564,R01902,what_works,"I always know where I stand with my manager, which I value."
C00565,R01907,what_works,Flexibility around school hours is the main reason I stay. That should be the standard everywhere.
C00566,R01909,what_to_change,The approval process takes longer than the work itself.
C00567,R01909,what_works,The internal move I made last year was handled really well.
C00568,R01911,what_to_change,"Honestly, i raised the same issue three times and nothing came back."
C00569,R01911,what_works,"Genuinely, my manager makes a point of recognising good work publicly. Please keep it. I can raise a concern here without worrying about how it will be taken."
C00570,R01917,what_to_change,"To be direct: town halls are broadcasts, not conversations - questions get filtered. Otherwise this is a good place to work."
C00571,R01929,what_to_change,My first month was three days of induction and then nothing. This needs fixing this year. Training budget exists on paper but every request gets postponed.
C00572,R01931,what_to_change,Getting access to a tool takes weeks and nobody owns the process.
C00573,R01933,what_to_change,I answer messages at 10pm because there is no other way to keep up. This needs fixing this year.
C00574,R01938,what_to_change,The main issue is that everything important is decided in English at a speed that excludes half the room. This needs fixing this year.
C00575,R01938,what_works,One thing that works: the hybrid arrangement works well for me and my team coordinates it sensibly. Please keep it. The pension contribution and the extra leave days are genuinely good.
C00576,R01939,what_works,One thing that works: my team is genuinely welcoming and people look out for each other. That should be the standard everywhere. The team shout-outs in our monthly meeting are a small thing that works.
C00577,R01948,what_to_change,"Honestly, the team delivered a difficult project and nobody outside noticed. It should not be this hard."
C00578,R01948,what_works,The direction for the year is clear and I can see how my work fits. That should be the standard everywhere.
C00579,R01949,what_to_change,Good work is expected and never mentioned; mistakes are mentioned immediately. It is the one thing I would change.
C00580,R01949,what_works,"Genuinely, the pension contribution and the extra leave days are genuinely good."
C00581,R01956,what_to_change,My first month was three days of induction and then nothing. Otherwise this is a good place to work.
C00582,R01956,what_works,One thing that works: my team is genuinely welcoming and people look out for each other. Please keep it.
C00583,R01957,what_works,"Genuinely, my onboarding buddy made the first weeks much easier. That should be the standard everywhere. Since we added two people the pressure has come down a lot."
C00584,R01958,what_works,"Genuinely, my team lead protects our workload and it makes a real difference. Please keep it."
C00585,R01965,what_to_change,"Town halls are broadcasts, not conversations - questions get filtered. The rest of my experience here is positive."
C00586,R01965,what_works,"Genuinely, i can raise a concern here without worrying about how it will be taken. Please keep it. The pension contribution and the extra leave days are genuinely good."
C00587,R01974,what_to_change,I raised the same issue three times and nothing came back. Otherwise this is a good place to work. Everything important is decided in English at a speed that excludes half the room.
C00588,R01974,what_works,My manager is genuinely supportive and gives me feedback I can use.
C00589,R01980,what_to_change,To be direct: the office rules changed twice this year with no explanation. The rest of my experience here is positive.
C00590,R01983,what_to_change,The approval process takes longer than the work itself. The rest of my experience here is positive.
C00591,R01983,what_works,One thing that works: the last town hall actually answered the hard questions honestly. Please keep it.
C00592,R01993,what_to_change,"The main issue is that two people left my team last year and neither was replaced, so the work just moved to us. It is the one thing I would change."
C00593,R01994,what_to_change,The office rules changed twice this year with no explanation. Otherwise this is a good place to work.
C00594,R01994,what_works,The pension contribution and the extra leave days are genuinely good. The new scheduling tool has saved us hours every week.
C00595,R02005,what_to_change,"Honestly, i did not have a laptop for my first week, which set the tone."
C00596,R02005,what_works,One thing that works: the new scheduling tool has saved us hours every week. That should be the standard everywhere. I can raise a concern here without worrying about how it will be taken.
C00597,R02006,what_to_change,Everything important is decided in English at a speed that excludes half the room. It should not be this hard.
C00598,R02007,what_to_change,My salary has not kept up with inflation for two years running.
C00599,R02007,what_works,My manager is genuinely supportive and gives me feedback I can use.
C00600,R02008,what_to_change,The main issue is that shift patterns get published too late to plan anything around them.
C00601,R02008,what_works,"Genuinely, flexibility around school hours is the main reason I stay. Please keep it."
C00602,R02011,what_to_change,Our systems do not talk to each other so we rekey the same data twice.
C00603,R02016,what_works,"Genuinely, the team shout-outs in our monthly meeting are a small thing that works."
C00604,R02020,what_to_change,"To be direct: the pay bands are a secret, which makes it impossible to trust the process. This needs fixing this year."
C00605,R02026,what_works,The new scheduling tool has saved us hours every week. Please keep it.
C00606,R02035,what_works,One thing that works: i can raise a concern here without worrying about how it will be taken.
C00607,R02036,what_to_change,"Honestly, the same voices dominate every meeting and the rest of us stop trying. The rest of my experience here is positive."
C00608,R02036,what_works,"Genuinely, the pension contribution and the extra leave days are genuinely good."
C00609,R02040,what_to_change,I have been in the same grade for four years with no conversation about what comes next. The rest of my experience here is positive.
C00610,R02047,what_to_change,"My manager avoids difficult conversations, so problems in the team just continue. The office rules changed twice this year with no explanation."
C00611,R02047,what_works,"Genuinely, my onboarding buddy made the first weeks much easier. That should be the standard everywhere."
C00612,R02054,what_to_change,"Honestly, the office rules changed twice this year with no explanation. Otherwise this is a good place to work."
C00613,R02057,what_to_change,"Two people left my team last year and neither was replaced, so the work just moved to us."
C00614,R02057,what_works,One thing that works: my team lead backs us up when things go wrong and that builds trust.
C00615,R02060,what_to_change,"The approval process takes longer than the work itself. Two people left my team last year and neither was replaced, so the work just moved to us."
C00616,R02065,what_to_change,Feedback only arrives when something goes wrong.
C00617,R02065,what_works,"Genuinely, the team shout-outs in our monthly meeting are a small thing that works."
C00618,R02074,what_to_change,Every week is firefighting; there is no capacity left for anything planned. The rest of my experience here is positive. The team delivered a difficult project and nobody outside noticed.
C00619,R02083,what_to_change,The main issue is that the same voices dominate every meeting and the rest of us stop trying.
C00620,R02087,what_to_change,To be direct: good work is expected and never mentioned; mistakes are mentioned immediately. It is the one thing I would change.
C00621,R02087,what_works,One thing that works: my manager makes a point of recognising good work publicly. That should be the standard everywhere.
C00622,R02097,what_to_change,"I did not have a laptop for my first week, which set the tone. It is the one thing I would change."
C00623,R02097,what_works,"Genuinely, the internal move I made last year was handled really well. Please keep it."
C00624,R02099,what_to_change,"Honestly, we hear about decisions that affect us from other teams first. This needs fixing this year."
C00625,R02099,what_works,"Genuinely, the direction for the year is clear and I can see how my work fits."
C00626,R02100,what_to_change,The main issue is that shift patterns get published too late to plan anything around them.
C00627,R02100,what_works,My development plan is real and we actually review it. Please keep it.
C00628,R02102,what_to_change,The main issue is that there is no visible route from my role to the next one. It is the one thing I would change. Our systems do not talk to each other so we rekey the same data twice.
C00629,R02102,what_works,"Genuinely, my team lead backs us up when things go wrong and that builds trust. My onboarding buddy made the first weeks much easier."
C00630,R02113,what_to_change,"Promotions here go to people who are visible to leadership, not to people who deliver. I am already looking at other options."
C00631,R02113,what_works,The pension contribution and the extra leave days are genuinely good.
C00632,R02117,what_works,"Genuinely, my team lead backs us up when things go wrong and that builds trust. That should be the standard everywhere."
C00633,R02123,what_to_change,To be direct: everything important is decided in English at a speed that excludes half the room. Our systems do not talk to each other so we rekey the same data twice.
C00634,R02123,what_works,My development plan is real and we actually review it. Please keep it. The pension contribution and the extra leave days are genuinely good.
C00635,R02135,what_to_change,I raised the same issue three times and nothing came back. It should not be this hard.
C00636,R02135,what_works,"Genuinely, the team shout-outs in our monthly meeting are a small thing that works."
C00637,R02142,what_to_change,"Honestly, we are permanently short-staffed and the overtime has stopped feeling optional. Otherwise this is a good place to work."
C00638,R02142,what_works,"Genuinely, the pension contribution and the extra leave days are genuinely good."
C00639,R02148,what_works,"Genuinely, the team shout-outs in our monthly meeting are a small thing that works."
C00640,R02149,what_works,The hybrid arrangement works well for me and my team coordinates it sensibly. Please keep it.
C00641,R02153,what_to_change,My manager cancels our one to ones more often than we hold them. Nothing has changed since the last survey.
C00642,R02154,what_works,My team is genuinely welcoming and people look out for each other. Please keep it. The team shout-outs in our monthly meeting are a small thing that works.
C00643,R02157,what_to_change,To be direct: shift patterns get published too late to plan anything around them. This needs fixing this year.
C00644,R02160,what_to_change,"I did not have a laptop for my first week, which set the tone. Otherwise this is a good place to work."
C00645,R02164,what_to_change,I have been in the same grade for four years with no conversation about what comes next. This needs fixing this year.
C00646,R02164,what_works,"Genuinely, the direction for the year is clear and I can see how my work fits. That should be the standard everywhere. The pension contribution and the extra leave days are genuinely good."
C00647,R02168,what_to_change,"Town halls are broadcasts, not conversations - questions get filtered."
C00648,R02168,what_works,"Genuinely, the hybrid arrangement works well for me and my team coordinates it sensibly."
C00649,R02170,what_works,My onboarding buddy made the first weeks much easier.
C00650,R02171,what_to_change,The main issue is that we hear about decisions that affect us from other teams first. It is the one thing I would change. My manager cancels our one to ones more often than we hold them.
C00651,R02176,what_to_change,"Recognition stops at my manager and never travels further up. The rest of my experience here is positive. The pay bands are a secret, which makes it impossible to trust the process."
C00652,R02176,what_works,"Genuinely, flexibility around school hours is the main reason I stay. That should be the standard everywhere."
C00653,R02177,what_to_change,"Honestly, every week is firefighting; there is no capacity left for anything planned. Shift patterns get published too late to plan anything around them."
C00654,R02177,what_works,Flexibility around school hours is the main reason I stay. Please keep it.
C00655,R02178,what_to_change,The main issue is that holiday requests get refused because we do not have the cover.
C00656,R02181,what_to_change,Feedback only arrives when something goes wrong. The rest of my experience here is positive.
C00657,R02184,what_to_change,To be direct: feedback only arrives when something goes wrong.
C00658,R02185,what_to_change,To be direct: there is no visible route from my role to the next one. My first month was three days of induction and then nothing.
C00659,R02185,what_works,"Genuinely, my manager makes a point of recognising good work publicly. That should be the standard everywhere."
C00660,R02188,what_to_change,Feedback only arrives when something goes wrong. It is the one thing I would change.
C00661,R02190,what_to_change,To be direct: new joiners are hired above people already doing the job. It is the one thing I would change.
C00662,R02190,what_works,"Genuinely, my manager makes a point of recognising good work publicly. That should be the standard everywhere."
C00663,R02193,what_works,"I always know where I stand with my manager, which I value. Please keep it."
C00664,R02196,what_to_change,Holiday requests get refused because we do not have the cover. It should not be this hard. We hear about decisions that affect us from other teams first.
C00665,R02200,what_to_change,"To be direct: everything important is decided in English at a speed that excludes half the room. It should not be this hard. Two people left my team last year and neither was replaced, so the work just moved to us."
C00666,R02200,what_works,I can raise a concern here without worrying about how it will be taken. That should be the standard everywhere.
C00667,R02201,what_to_change,"Honestly, the approval process takes longer than the work itself. Training budget exists on paper but every request gets postponed."
C00668,R02202,what_to_change,The main issue is that leadership talks about transparency and then reorganises without warning. It should not be this hard.
C00669,R02202,what_works,I can raise a concern here without worrying about how it will be taken. That should be the standard everywhere.
C00670,R02208,what_to_change,My salary has not kept up with inflation for two years running.
C00671,R02208,what_works,"Genuinely, i can raise a concern here without worrying about how it will be taken. Please keep it."
C00672,R02213,what_to_change,To be direct: our systems do not talk to each other so we rekey the same data twice.
C00673,R02213,what_works,"Genuinely, my onboarding buddy made the first weeks much easier. Please keep it."
C00674,R02217,what_to_change,"Honestly, everything important is decided in English at a speed that excludes half the room. This needs fixing this year."
C00675,R02217,what_works,One thing that works: my development plan is real and we actually review it. Please keep it. The new scheduling tool has saved us hours every week.
C00676,R02218,what_works,My onboarding buddy made the first weeks much easier. The internal move I made last year was handled really well.
C00677,R02219,what_to_change,Recognition stops at my manager and never travels further up. Nothing has changed since the last survey.
C00678,R02220,what_to_change,To be direct: the same voices dominate every meeting and the rest of us stop trying.
C00679,R02226,what_to_change,The approval process takes longer than the work itself. Otherwise this is a good place to work.
C00680,R02228,what_to_change,"I did not have a laptop for my first week, which set the tone."
C00681,R02236,what_to_change,"Honestly, training budget exists on paper but every request gets postponed."
C00682,R02237,what_to_change,Feedback only arrives when something goes wrong.
C00683,R02237,what_works,The team shout-outs in our monthly meeting are a small thing that works.
C00684,R02246,what_to_change,"Honestly, we hear about decisions that affect us from other teams first. Frankly it is exhausting."
C00685,R02248,what_to_change,To be direct: benefits are fine but the base salary is below what I am offered elsewhere. It is the one thing I would change.
C00686,R02248,what_works,The internal move I made last year was handled really well.
C00687,R02252,what_to_change,The main issue is that i have been in the same grade for four years with no conversation about what comes next.
C00688,R02252,what_works,"Genuinely, the last town hall actually answered the hard questions honestly."
C00689,R02255,what_works,I can raise a concern here without worrying about how it will be taken.
C00690,R02257,what_works,"Genuinely, my manager makes a point of recognising good work publicly."
C00691,R02259,what_to_change,"To be direct: i did not have a laptop for my first week, which set the tone."
C00692,R02259,what_works,The pension contribution and the extra leave days are genuinely good. That should be the standard everywhere.
C00693,R02262,what_to_change,The main issue is that i answer messages at 10pm because there is no other way to keep up. Otherwise this is a good place to work.
C00694,R02263,what_to_change,Getting access to a tool takes weeks and nobody owns the process. Otherwise this is a good place to work.
C00695,R02263,what_works,One thing that works: my team is genuinely welcoming and people look out for each other. That should be the standard everywhere.
C00696,R02269,what_to_change,Good work is expected and never mentioned; mistakes are mentioned immediately.
C00697,R02269,what_works,One thing that works: my team lead backs us up when things go wrong and that builds trust.
C00698,R02270,what_to_change,My salary has not kept up with inflation for two years running. I am already looking at other options.
C00699,R02273,what_to_change,"Honestly, i did not have a laptop for my first week, which set the tone. The rest of my experience here is positive."
C00700,R02273,what_works,"Genuinely, the hybrid arrangement works well for me and my team coordinates it sensibly. Please keep it."
C00701,R02277,what_to_change,To be direct: good work is expected and never mentioned; mistakes are mentioned immediately. It is the one thing I would change.
C00702,R02280,what_to_change,The office rules changed twice this year with no explanation. It should not be this hard.
C00703,R02280,what_works,"Genuinely, the internal move I made last year was handled really well. Please keep it."
C00704,R02282,what_to_change,I commute an hour to sit on video calls I could take from home.
C00705,R02294,what_to_change,The main issue is that i have been in the same grade for four years with no conversation about what comes next.
C00706,R02296,what_to_change,The main issue is that i commute an hour to sit on video calls I could take from home. It should not be this hard.
C00707,R02300,what_to_change,The main issue is that we hire externally for roles that people inside could grow into. Otherwise this is a good place to work. Leadership talks about transparency and then reorganises without warning.
C00708,R02301,what_works,My manager is genuinely supportive and gives me feedback I can use. Please keep it. The direction for the year is clear and I can see how my work fits.
C00709,R02305,what_to_change,"Honestly, benefits are fine but the base salary is below what I am offered elsewhere. Nothing has changed since the last survey."
C00710,R02315,what_to_change,To be direct: the office rules changed twice this year with no explanation. It should not be this hard. We hear about decisions that affect us from other teams first.
C00711,R02316,what_works,The last town hall actually answered the hard questions honestly. That should be the standard everywhere.
C00712,R02318,what_to_change,To be direct: we hire externally for roles that people inside could grow into.
C00713,R02318,what_works,One thing that works: the team shout-outs in our monthly meeting are a small thing that works. Please keep it.
C00714,R02319,what_to_change,Getting access to a tool takes weeks and nobody owns the process.
C00715,R02321,what_to_change,The main issue is that our systems do not talk to each other so we rekey the same data twice.
C00716,R02323,what_to_change,My manager cancels our one to ones more often than we hold them. The rest of my experience here is positive. I commute an hour to sit on video calls I could take from home.
C00717,R02323,what_works,One thing that works: the team shout-outs in our monthly meeting are a small thing that works.
C00718,R02326,what_to_change,"Honestly, the same voices dominate every meeting and the rest of us stop trying."
C00719,R02327,what_to_change,Every week is firefighting; there is no capacity left for anything planned. We hear about decisions that affect us from other teams first.
C00720,R02327,what_works,One thing that works: my team lead backs us up when things go wrong and that builds trust.
C00721,R02330,what_to_change,Getting access to a tool takes weeks and nobody owns the process. Everything important is decided in English at a speed that excludes half the room.
C00722,R02330,what_works,One thing that works: the team shout-outs in our monthly meeting are a small thing that works.
C00723,R02331,what_to_change,New joiners are hired above people already doing the job. It is the main reason people are looking elsewhere.
C00724,R02332,what_to_change,Everything important is decided in English at a speed that excludes half the room.
C00725,R02337,what_to_change,To be direct: getting access to a tool takes weeks and nobody owns the process. It should not be this hard.
C00726,R02346,what_to_change,To be direct: the office rules changed twice this year with no explanation. It is the main reason people are looking elsewhere.
C00727,R02351,what_to_change,To be direct: my first month was three days of induction and then nothing. It should not be this hard.
C00728,R02352,what_works,The new scheduling tool has saved us hours every week. The internal move I made last year was handled really well.
C00729,R02353,what_works,"Genuinely, the pension contribution and the extra leave days are genuinely good. That should be the standard everywhere."
C00730,R02357,what_to_change,"My manager avoids difficult conversations, so problems in the team just continue."
C00731,R02357,what_works,"Genuinely, flexibility around school hours is the main reason I stay."
C00732,R02359,what_works,The last town hall actually answered the hard questions honestly.
C00733,R02366,what_to_change,The main issue is that every week is firefighting; there is no capacity left for anything planned. Otherwise this is a good place to work.
C00734,R02366,what_works,The team shout-outs in our monthly meeting are a small thing that works. Since we added two people the pressure has come down a lot.
C00735,R02367,what_to_change,"I did not have a laptop for my first week, which set the tone. It should not be this hard. We hear about decisions that affect us from other teams first."
C00736,R02370,what_to_change,"Honestly, my first month was three days of induction and then nothing."
C00737,R02371,what_to_change,"The main issue is that town halls are broadcasts, not conversations - questions get filtered."
C00738,R02391,what_works,Since we added two people the pressure has come down a lot. Please keep it.
C00739,R02395,what_to_change,The main issue is that the team delivered a difficult project and nobody outside noticed. Our systems do not talk to each other so we rekey the same data twice.
C00740,R02399,what_to_change,To be direct: training budget exists on paper but every request gets postponed. Otherwise this is a good place to work.
C00741,R02399,what_works,One thing that works: my manager makes a point of recognising good work publicly. That should be the standard everywhere.
C00742,R02409,what_to_change,I raised the same issue three times and nothing came back.
C00743,R02409,what_works,"Genuinely, the internal move I made last year was handled really well. That should be the standard everywhere. My onboarding buddy made the first weeks much easier."
C00744,R02411,what_to_change,The main issue is that getting access to a tool takes weeks and nobody owns the process. This needs fixing this year.
C00745,R02416,what_to_change,"My salary has not kept up with inflation for two years running. This needs fixing this year. My manager avoids difficult conversations, so problems in the team just continue."
C00746,R02416,what_works,The new scheduling tool has saved us hours every week.
C00747,R02419,what_works,The hybrid arrangement works well for me and my team coordinates it sensibly. That should be the standard everywhere.
C00748,R02420,what_to_change,"Honestly, strategy changes every quarter and nobody explains why. It is the one thing I would change. The office rules changed twice this year with no explanation."
C00749,R02420,what_works,"Genuinely, my manager is genuinely supportive and gives me feedback I can use. Please keep it."
C00750,R02428,what_works,"Genuinely, my manager is genuinely supportive and gives me feedback I can use."
C00751,R02429,what_works,One thing that works: my team lead protects our workload and it makes a real difference. That should be the standard everywhere. The new scheduling tool has saved us hours every week.
C00752,R02430,what_to_change,I raised the same issue three times and nothing came back. This needs fixing this year. The same voices dominate every meeting and the rest of us stop trying.
C00753,R02430,what_works,The internal move I made last year was handled really well.
C00754,R02435,what_to_change,"Two people left my team last year and neither was replaced, so the work just moved to us. It is the one thing I would change."
C00755,R02439,what_to_change,I commute an hour to sit on video calls I could take from home. This needs fixing this year.
C00756,R02448,what_to_change,Good work is expected and never mentioned; mistakes are mentioned immediately. There is no visible route from my role to the next one.
C00757,R02448,what_works,The direction for the year is clear and I can see how my work fits.
C00758,R02450,what_to_change,"Honestly, the same voices dominate every meeting and the rest of us stop trying. Frankly it is exhausting."
C00759,R02450,what_works,The pension contribution and the extra leave days are genuinely good.
C00760,R02453,what_to_change,Our systems do not talk to each other so we rekey the same data twice.
C00761,R02453,what_works,My team lead protects our workload and it makes a real difference. That should be the standard everywhere.
C00762,R02455,what_to_change,My manager cancels our one to ones more often than we hold them.
C00763,R02459,what_to_change,"Everything important is decided in English at a speed that excludes half the room. This needs fixing this year. I did not have a laptop for my first week, which set the tone."
C00764,R02459,what_works,My team lead backs us up when things go wrong and that builds trust. That should be the standard everywhere.
C00765,R02460,what_to_change,"Honestly, my salary has not kept up with inflation for two years running. My first month was three days of induction and then nothing."
C00766,R02465,what_to_change,Feedback only arrives when something goes wrong. It is the one thing I would change.
C00767,R02465,what_works,The hybrid arrangement works well for me and my team coordinates it sensibly.
C00768,R02466,what_to_change,Our systems do not talk to each other so we rekey the same data twice.
C00769,R02468,what_to_change,I answer messages at 10pm because there is no other way to keep up. Otherwise this is a good place to work.
C00770,R02468,what_works,"Genuinely, flexibility around school hours is the main reason I stay."
C00771,R02474,what_works,The hybrid arrangement works well for me and my team coordinates it sensibly. Please keep it.
C00772,R02477,what_to_change,"The pay bands are a secret, which makes it impossible to trust the process. The rest of my experience here is positive."
C00773,R02477,what_works,One thing that works: the pension contribution and the extra leave days are genuinely good. That should be the standard everywhere.
C00774,R02478,what_to_change,Good work is expected and never mentioned; mistakes are mentioned immediately. The rest of my experience here is positive.
C00775,R02478,what_works,"Genuinely, the team shout-outs in our monthly meeting are a small thing that works. That should be the standard everywhere."
C00776,R02481,what_to_change,"The main issue is that i did not have a laptop for my first week, which set the tone. It is the one thing I would change."
C00777,R02481,what_works,"Genuinely, the new scheduling tool has saved us hours every week. Please keep it."
C00778,R02482,what_to_change,"The main issue is that our systems do not talk to each other so we rekey the same data twice. The rest of my experience here is positive. I did not have a laptop for my first week, which set the tone."
C00779,R02482,what_works,One thing that works: the hybrid arrangement works well for me and my team coordinates it sensibly. Please keep it.
C00780,R02483,what_to_change,"Honestly, the pay bands are a secret, which makes it impossible to trust the process. It is the one thing I would change."
C00781,R02483,what_works,The internal move I made last year was handled really well.
C00782,R02485,what_to_change,To be direct: good work is expected and never mentioned; mistakes are mentioned immediately. The rest of my experience here is positive.
C00783,R02485,what_works,"Genuinely, flexibility around school hours is the main reason I stay. The last town hall actually answered the hard questions honestly."
C00784,R02493,what_to_change,Everything important is decided in English at a speed that excludes half the room. It is the one thing I would change. Getting access to a tool takes weeks and nobody owns the process.
C00785,R02494,what_to_change,To be direct: training budget exists on paper but every request gets postponed.
C00786,R02494,what_works,"Genuinely, my team lead backs us up when things go wrong and that builds trust. That should be the standard everywhere."
C00787,R02495,what_to_change,The main issue is that i raised the same issue three times and nothing came back. It should not be this hard.
C00788,R02496,what_to_change,My manager cancels our one to ones more often than we hold them. I commute an hour to sit on video calls I could take from home.
C00789,R02497,what_to_change,"The main issue is that my manager avoids difficult conversations, so problems in the team just continue."
C00790,R02497,what_works,The new scheduling tool has saved us hours every week. That should be the standard everywhere. My team lead backs us up when things go wrong and that builds trust.
C00791,R02501,what_to_change,"Honestly, the team delivered a difficult project and nobody outside noticed."
C00792,R02502,what_to_change,"The main issue is that my manager avoids difficult conversations, so problems in the team just continue. I am already looking at other options. Shift patterns get published too late to plan anything around them."
C00793,R02504,what_to_change,The office rules changed twice this year with no explanation. This needs fixing this year. We hire externally for roles that people inside could grow into.
C00794,R02504,what_works,My team is genuinely welcoming and people look out for each other. That should be the standard everywhere.
C00795,R02505,what_to_change,To be direct: benefits are fine but the base salary is below what I am offered elsewhere. It is the one thing I would change.
C00796,R02507,what_works,"Genuinely, i always know where I stand with my manager, which I value."
C00797,R02512,what_to_change,We are permanently short-staffed and the overtime has stopped feeling optional. Otherwise this is a good place to work.
C00798,R02513,what_to_change,Holiday requests get refused because we do not have the cover. It should not be this hard.
C00799,R02517,what_to_change,"The pay bands are a secret, which makes it impossible to trust the process. It should not be this hard."
C00800,R02517,what_works,My team lead protects our workload and it makes a real difference. That should be the standard everywhere.
C00801,R02522,what_to_change,My salary has not kept up with inflation for two years running. It should not be this hard.
C00802,R02522,what_works,One thing that works: the last town hall actually answered the hard questions honestly.
C00803,R02524,what_to_change,The main issue is that new joiners are hired above people already doing the job. I commute an hour to sit on video calls I could take from home.
C00804,R02528,what_to_change,"Honestly, training budget exists on paper but every request gets postponed."
C00805,R02528,what_works,My manager is genuinely supportive and gives me feedback I can use. Please keep it.
C00806,R02530,what_to_change,To be direct: everything important is decided in English at a speed that excludes half the room.
C00807,R02530,what_works,"Genuinely, i always know where I stand with my manager, which I value. Please keep it. The direction for the year is clear and I can see how my work fits."
C00808,R02531,what_to_change,The same voices dominate every meeting and the rest of us stop trying.
C00809,R02531,what_works,The new scheduling tool has saved us hours every week.
C00810,R02534,what_works,The last town hall actually answered the hard questions honestly.
C00811,R02556,what_to_change,I answer messages at 10pm because there is no other way to keep up. The rest of my experience here is positive.
C00812,R02559,what_to_change,The team delivered a difficult project and nobody outside noticed. It is the one thing I would change.
C00813,R02559,what_works,"Genuinely, the team shout-outs in our monthly meeting are a small thing that works."
C00814,R02560,what_to_change,To be direct: i answer messages at 10pm because there is no other way to keep up. It should not be this hard.
C00815,R02560,what_works,The direction for the year is clear and I can see how my work fits.
C00816,R02561,what_to_change,To be direct: my first month was three days of induction and then nothing. Otherwise this is a good place to work.
C00817,R02561,what_works,My team is genuinely welcoming and people look out for each other.
C00818,R02564,what_works,The new scheduling tool has saved us hours every week. Please keep it.
C00819,R02568,what_to_change,"I did not have a laptop for my first week, which set the tone. The rest of my experience here is positive."
C00820,R02568,what_works,My team lead protects our workload and it makes a real difference.
C00821,R02576,what_to_change,The main issue is that the approval process takes longer than the work itself.
C00822,R02581,what_to_change,To be direct: the team delivered a difficult project and nobody outside noticed. Otherwise this is a good place to work.
C00823,R02581,what_works,The new scheduling tool has saved us hours every week. Please keep it.
C00824,R02587,what_to_change,"Two people left my team last year and neither was replaced, so the work just moved to us."
C00825,R02588,what_works,My onboarding buddy made the first weeks much easier. The last town hall actually answered the hard questions honestly.
C00826,R02591,what_to_change,"Honestly, the team delivered a difficult project and nobody outside noticed. The rest of my experience here is positive."
C00827,R02591,what_works,My manager is genuinely supportive and gives me feedback I can use. Please keep it.
C00828,R02593,what_to_change,"Honestly, the pay bands are a secret, which makes it impossible to trust the process. This needs fixing this year."
C00829,R02593,what_works,One thing that works: since we added two people the pressure has come down a lot.
C00830,R02597,what_to_change,"The main issue is that my manager cancels our one to ones more often than we hold them. This needs fixing this year. The pay bands are a secret, which makes it impossible to trust the process."
C00831,R02600,what_works,"Genuinely, my development plan is real and we actually review it."
C00832,R02603,what_to_change,"Two people left my team last year and neither was replaced, so the work just moved to us."
C00833,R02603,what_works,"Genuinely, the internal move I made last year was handled really well. Please keep it."
C00834,R02604,what_to_change,To be direct: i raised the same issue three times and nothing came back. It is the one thing I would change.
C00835,R02604,what_works,One thing that works: i can raise a concern here without worrying about how it will be taken. Please keep it.
C00836,R02616,what_to_change,"The main issue is that we hear about decisions that affect us from other teams first. It is the one thing I would change. Two people left my team last year and neither was replaced, so the work just moved to us."
C00837,R02616,what_works,"I always know where I stand with my manager, which I value. That should be the standard everywhere. Flexibility around school hours is the main reason I stay."
C00838,R02619,what_to_change,The main issue is that every week is firefighting; there is no capacity left for anything planned. It should not be this hard.
C00839,R02619,what_works,One thing that works: the last town hall actually answered the hard questions honestly. That should be the standard everywhere.
C00840,R02621,what_to_change,Every week is firefighting; there is no capacity left for anything planned. It is the one thing I would change. We hire externally for roles that people inside could grow into.
C00841,R02621,what_works,One thing that works: my development plan is real and we actually review it. That should be the standard everywhere.
C00842,R02623,what_to_change,To be direct: shift patterns get published too late to plan anything around them.
C00843,R02623,what_works,My team lead protects our workload and it makes a real difference.
C00844,R02630,what_to_change,My manager cancels our one to ones more often than we hold them. I am already looking at other options.
C00845,R02632,what_works,The team shout-outs in our monthly meeting are a small thing that works.
C00846,R02637,what_to_change,The main issue is that training budget exists on paper but every request gets postponed. This needs fixing this year.
C00847,R02638,what_to_change,The main issue is that we hear about decisions that affect us from other teams first. It should not be this hard.
C00848,R02642,what_to_change,There is no visible route from my role to the next one.
C00849,R02643,what_works,"Genuinely, the direction for the year is clear and I can see how my work fits. That should be the standard everywhere. Flexibility around school hours is the main reason I stay."
C00850,R02644,what_works,The new scheduling tool has saved us hours every week. Please keep it. My manager is genuinely supportive and gives me feedback I can use.
C00851,R02646,what_works,One thing that works: the direction for the year is clear and I can see how my work fits. Please keep it.
C00852,R02652,what_to_change,"Honestly, everything important is decided in English at a speed that excludes half the room. It is the one thing I would change."
C00853,R02655,what_works,One thing that works: since we added two people the pressure has come down a lot. Please keep it.
C00854,R02656,what_to_change,To be direct: we hear about decisions that affect us from other teams first. It is the one thing I would change.
C00855,R02656,what_works,The new scheduling tool has saved us hours every week.
C00856,R02660,what_to_change,"Honestly, i did not have a laptop for my first week, which set the tone."
C00857,R02660,what_works,"Genuinely, the pension contribution and the extra leave days are genuinely good. My team is genuinely welcoming and people look out for each other."
C00858,R02664,what_to_change,To be direct: shift patterns get published too late to plan anything around them.
C00859,R02665,what_to_change,"Honestly, promotions here go to people who are visible to leadership, not to people who deliver."
C00860,R02676,what_to_change,"The pay bands are a secret, which makes it impossible to trust the process."
C00861,R02676,what_works,One thing that works: since we added two people the pressure has come down a lot. That should be the standard everywhere. The team shout-outs in our monthly meeting are a small thing that works.
C00862,R02679,what_to_change,"Honestly, i raised the same issue three times and nothing came back. It is the one thing I would change."
C00863,R02679,what_works,One thing that works: my manager makes a point of recognising good work publicly.
C00864,R02681,what_to_change,Recognition stops at my manager and never travels further up. The rest of my experience here is positive.
C00865,R02681,what_works,My onboarding buddy made the first weeks much easier.
C00866,R02690,what_works,My onboarding buddy made the first weeks much easier. That should be the standard everywhere.
C00867,R02691,what_to_change,"Honestly, holiday requests get refused because we do not have the cover. Otherwise this is a good place to work."
C00868,R02691,what_works,One thing that works: flexibility around school hours is the main reason I stay.
C00869,R02693,what_works,The internal move I made last year was handled really well. Please keep it.
C00870,R02694,what_to_change,The main issue is that we hire externally for roles that people inside could grow into. The rest of my experience here is positive.
C00871,R02696,what_works,"Genuinely, my manager makes a point of recognising good work publicly. That should be the standard everywhere."
C00872,R02698,what_to_change,Getting access to a tool takes weeks and nobody owns the process.
C00873,R02699,what_to_change,The main issue is that my first month was three days of induction and then nothing. It should not be this hard. Everything important is decided in English at a speed that excludes half the room.
C00874,R02699,what_works,My onboarding buddy made the first weeks much easier.
C00875,R02700,what_to_change,"Honestly, leadership talks about transparency and then reorganises without warning. Otherwise this is a good place to work."
C00876,R02700,what_works,"Genuinely, the pension contribution and the extra leave days are genuinely good. My team is genuinely welcoming and people look out for each other."
C00877,R02702,what_works,Flexibility around school hours is the main reason I stay. That should be the standard everywhere.
C00878,R02705,what_to_change,The team delivered a difficult project and nobody outside noticed. It is the one thing I would change.
C00879,R02705,what_works,My onboarding buddy made the first weeks much easier.
C00880,R02709,what_works,One thing that works: my team lead backs us up when things go wrong and that builds trust.
C00881,R02710,what_to_change,"Honestly, the same voices dominate every meeting and the rest of us stop trying."
C00882,R02718,what_to_change,I commute an hour to sit on video calls I could take from home. The rest of my experience here is positive. Training budget exists on paper but every request gets postponed.
C00883,R02718,what_works,The pension contribution and the extra leave days are genuinely good.
C00884,R02722,what_works,"Genuinely, the pension contribution and the extra leave days are genuinely good. Please keep it."
C00885,R02726,what_works,The new scheduling tool has saved us hours every week. Please keep it.
C00886,R02733,what_to_change,I raised the same issue three times and nothing came back. The rest of my experience here is positive.
C00887,R02733,what_works,The new scheduling tool has saved us hours every week. Please keep it. The direction for the year is clear and I can see how my work fits.
C00888,R02735,what_to_change,The main issue is that the office rules changed twice this year with no explanation. It is the one thing I would change.
C00889,R02735,what_works,One thing that works: my development plan is real and we actually review it. That should be the standard everywhere. The last town hall actually answered the hard questions honestly.
C00890,R02741,what_works,One thing that works: the new scheduling tool has saved us hours every week. My onboarding buddy made the first weeks much easier.
C00891,R02745,what_to_change,The office rules changed twice this year with no explanation.
C00892,R02747,what_works,"Genuinely, the team shout-outs in our monthly meeting are a small thing that works. That should be the standard everywhere."
C00893,R02752,what_works,The direction for the year is clear and I can see how my work fits.
C00894,R02757,what_works,One thing that works: the new scheduling tool has saved us hours every week. Please keep it.
C00895,R02758,what_to_change,Feedback only arrives when something goes wrong.
C00896,R02758,what_works,The hybrid arrangement works well for me and my team coordinates it sensibly. Please keep it.
C00897,R02761,what_works,My development plan is real and we actually review it. That should be the standard everywhere.
C00898,R02763,what_to_change,The main issue is that my first month was three days of induction and then nothing.
C00899,R02764,what_to_change,Good work is expected and never mentioned; mistakes are mentioned immediately. I commute an hour to sit on video calls I could take from home.
C00900,R02764,what_works,One thing that works: the direction for the year is clear and I can see how my work fits.
C00901,R02772,what_works,"Genuinely, the new scheduling tool has saved us hours every week. Please keep it."
C00902,R02777,what_to_change,"The main issue is that two people left my team last year and neither was replaced, so the work just moved to us. The rest of my experience here is positive."
C00903,R02788,what_to_change,Benefits are fine but the base salary is below what I am offered elsewhere. It is the one thing I would change.
C00904,R02806,what_to_change,The office rules changed twice this year with no explanation. This needs fixing this year.
C00905,R02808,what_works,"Genuinely, the pension contribution and the extra leave days are genuinely good. Please keep it."
C00906,R02814,what_to_change,To be direct: every week is firefighting; there is no capacity left for anything planned. It is the one thing I would change.
C00907,R02814,what_works,"Genuinely, the hybrid arrangement works well for me and my team coordinates it sensibly. That should be the standard everywhere. My team lead protects our workload and it makes a real difference."
C00908,R02816,what_to_change,"I did not have a laptop for my first week, which set the tone. Otherwise this is a good place to work."
C00909,R02816,what_works,My onboarding buddy made the first weeks much easier. The internal move I made last year was handled really well.
C00910,R02817,what_to_change,"Honestly, i commute an hour to sit on video calls I could take from home."
C00911,R02817,what_works,My onboarding buddy made the first weeks much easier. Please keep it.
C00912,R02822,what_to_change,"Honestly, the office rules changed twice this year with no explanation. It is the one thing I would change. My manager cancels our one to ones more often than we hold them."
C00913,R02823,what_to_change,The main issue is that there is no visible route from my role to the next one. This needs fixing this year.
C00914,R02829,what_to_change,To be direct: getting access to a tool takes weeks and nobody owns the process. The rest of my experience here is positive.
C00915,R02831,what_to_change,Recognition stops at my manager and never travels further up. It should not be this hard.
C00916,R02831,what_works,"Genuinely, my manager makes a point of recognising good work publicly. Please keep it."
C00917,R02844,what_to_change,To be direct: new joiners are hired above people already doing the job. Recognition stops at my manager and never travels further up.
C00918,R02845,what_to_change,"The main issue is that two people left my team last year and neither was replaced, so the work just moved to us. This needs fixing this year."
C00919,R02845,what_works,One thing that works: the hybrid arrangement works well for me and my team coordinates it sensibly.
C00920,R02853,what_to_change,Strategy changes every quarter and nobody explains why. Benefits are fine but the base salary is below what I am offered elsewhere.
C00921,R02853,what_works,Since we added two people the pressure has come down a lot. That should be the standard everywhere.
C00922,R02856,what_to_change,Recognition stops at my manager and never travels further up.
C00923,R02856,what_works,"Genuinely, the pension contribution and the extra leave days are genuinely good. Please keep it."
C00924,R02860,what_works,My onboarding buddy made the first weeks much easier. Please keep it.
C00925,R02862,what_works,"Genuinely, the pension contribution and the extra leave days are genuinely good. That should be the standard everywhere."
C00926,R02864,what_to_change,"To be direct: my manager avoids difficult conversations, so problems in the team just continue. It is the one thing I would change."
C00927,R02866,what_works,The team shout-outs in our monthly meeting are a small thing that works. Please keep it. The direction for the year is clear and I can see how my work fits.
C00928,R02878,what_to_change,"Honestly, we are permanently short-staffed and the overtime has stopped feeling optional."
C00929,R02878,what_works,"Genuinely, i can raise a concern here without worrying about how it will be taken."
C00930,R02882,what_works,One thing that works: my team lead backs us up when things go wrong and that builds trust. That should be the standard everywhere.
C00931,R02885,what_to_change,"Honestly, shift patterns get published too late to plan anything around them. Otherwise this is a good place to work."
C00932,R02886,what_to_change,To be direct: my first month was three days of induction and then nothing. It is the one thing I would change. We hire externally for roles that people inside could grow into.
C00933,R02886,what_works,The pension contribution and the extra leave days are genuinely good.
C00934,R02888,what_to_change,"Honestly, my salary has not kept up with inflation for two years running. It is the one thing I would change."
C00935,R02888,what_works,One thing that works: since we added two people the pressure has come down a lot.
C00936,R02891,what_to_change,To be direct: the office rules changed twice this year with no explanation. Otherwise this is a good place to work. Good work is expected and never mentioned; mistakes are mentioned immediately.
C00937,R02893,what_to_change,"To be direct: the pay bands are a secret, which makes it impossible to trust the process."
C00938,R02902,what_to_change,"I did not have a laptop for my first week, which set the tone."
C00939,R02902,what_works,The pension contribution and the extra leave days are genuinely good. Please keep it.
C00940,R02914,what_works,One thing that works: flexibility around school hours is the main reason I stay. Please keep it. My development plan is real and we actually review it.
C00941,R02915,what_to_change,To be direct: getting access to a tool takes weeks and nobody owns the process. Otherwise this is a good place to work.
C00942,R02916,what_works,"Genuinely, my manager makes a point of recognising good work publicly."
C00943,R02923,what_to_change,The main issue is that my first month was three days of induction and then nothing. It is the main reason people are looking elsewhere.
C00944,R02924,what_to_change,"To be direct: promotions here go to people who are visible to leadership, not to people who deliver."
C00945,R02928,what_to_change,The office rules changed twice this year with no explanation.
C00946,R02928,what_works,"Genuinely, my onboarding buddy made the first weeks much easier. Please keep it. The new scheduling tool has saved us hours every week."
C00947,R02929,what_to_change,The main issue is that the approval process takes longer than the work itself. Otherwise this is a good place to work.
C00948,R02929,what_works,The new scheduling tool has saved us hours every week.
C00949,R02936,what_to_change,"Honestly, my salary has not kept up with inflation for two years running. This needs fixing this year."
C00950,R02936,what_works,My manager is genuinely supportive and gives me feedback I can use. Please keep it.
C00951,R02938,what_to_change,Training budget exists on paper but every request gets postponed. This needs fixing this year. Getting access to a tool takes weeks and nobody owns the process.
C00952,R02938,what_works,"Genuinely, flexibility around school hours is the main reason I stay. Please keep it. The new scheduling tool has saved us hours every week."
C00953,R02942,what_to_change,"I did not have a laptop for my first week, which set the tone."
C00954,R02942,what_works,One thing that works: my manager is genuinely supportive and gives me feedback I can use. Please keep it.
C00955,R02944,what_to_change,To be direct: holiday requests get refused because we do not have the cover. Recognition stops at my manager and never travels further up.
C00956,R02949,what_to_change,Everything important is decided in English at a speed that excludes half the room. It is the one thing I would change.
C00957,R02949,what_works,One thing that works: my onboarding buddy made the first weeks much easier.
C00958,R02952,what_works,The last town hall actually answered the hard questions honestly.
C00959,R02953,what_to_change,To be direct: we are permanently short-staffed and the overtime has stopped feeling optional. It should not be this hard.
C00960,R02953,what_works,One thing that works: my team is genuinely welcoming and people look out for each other.
C00961,R02954,what_to_change,"Honestly, benefits are fine but the base salary is below what I am offered elsewhere. It is the one thing I would change."
C00962,R02954,what_works,My manager makes a point of recognising good work publicly.
C00963,R02958,what_to_change,My manager cancels our one to ones more often than we hold them. My first month was three days of induction and then nothing.
C00964,R02960,what_to_change,"Promotions here go to people who are visible to leadership, not to people who deliver. Otherwise this is a good place to work."
C00965,R02960,what_works,The team shout-outs in our monthly meeting are a small thing that works. That should be the standard everywhere. My team lead protects our workload and it makes a real difference.
C00966,R02964,what_works,The pension contribution and the extra leave days are genuinely good.
C00967,R02974,what_works,One thing that works: the new scheduling tool has saved us hours every week.
C00968,R02979,what_to_change,Recognition stops at my manager and never travels further up.
C00969,R02979,what_works,The direction for the year is clear and I can see how my work fits. That should be the standard everywhere.
C00970,R02987,what_to_change,To be direct: holiday requests get refused because we do not have the cover.
C00971,R02989,what_works,"Genuinely, the direction for the year is clear and I can see how my work fits. My team lead protects our workload and it makes a real difference."
C00972,R02993,what_to_change,"Honestly, getting access to a tool takes weeks and nobody owns the process. It should not be this hard."
C00973,R02993,what_works,One thing that works: my team lead protects our workload and it makes a real difference. Please keep it.
C00974,R03002,what_to_change,Strategy changes every quarter and nobody explains why. This needs fixing this year.
C00975,R03002,what_works,One thing that works: my team is genuinely welcoming and people look out for each other. Please keep it.
C00976,R03004,what_to_change,The same voices dominate every meeting and the rest of us stop trying.
C00977,R03010,what_works,One thing that works: the direction for the year is clear and I can see how my work fits. Please keep it.
C00978,R03017,what_to_change,"The main issue is that i did not have a laptop for my first week, which set the tone. Otherwise this is a good place to work."
C00979,R03017,what_works,"Genuinely, the new scheduling tool has saved us hours every week."
C00980,R03019,what_works,The new scheduling tool has saved us hours every week.
C00981,R03020,what_to_change,Holiday requests get refused because we do not have the cover. It should not be this hard. We hire externally for roles that people inside could grow into.
C00982,R03020,what_works,One thing that works: the internal move I made last year was handled really well. That should be the standard everywhere.
C00983,R03025,what_to_change,To be direct: everything important is decided in English at a speed that excludes half the room. It is the one thing I would change.
C00984,R03025,what_works,The last town hall actually answered the hard questions honestly. My manager is genuinely supportive and gives me feedback I can use.
C00985,R03026,what_to_change,To be direct: the same voices dominate every meeting and the rest of us stop trying. The rest of my experience here is positive.
C00986,R03026,what_works,"Genuinely, the team shout-outs in our monthly meeting are a small thing that works. My manager is genuinely supportive and gives me feedback I can use."
C00987,R03044,what_to_change,"Honestly, every week is firefighting; there is no capacity left for anything planned."
C00988,R03052,what_to_change,"Honestly, my manager cancels our one to ones more often than we hold them. This needs fixing this year. I commute an hour to sit on video calls I could take from home."
C00989,R03052,what_works,The new scheduling tool has saved us hours every week.
C00990,R03053,what_to_change,To be direct: new joiners are hired above people already doing the job. The rest of my experience here is positive.
C00991,R03053,what_works,"Genuinely, the hybrid arrangement works well for me and my team coordinates it sensibly."
C00992,R03057,what_to_change,Our systems do not talk to each other so we rekey the same data twice.
C00993,R03057,what_works,The team shout-outs in our monthly meeting are a small thing that works.
C00994,R03061,what_to_change,"Promotions here go to people who are visible to leadership, not to people who deliver. Strategy changes every quarter and nobody explains why."
C00995,R03061,what_works,"Genuinely, the hybrid arrangement works well for me and my team coordinates it sensibly."
C00996,R03062,what_to_change,To be direct: there is no visible route from my role to the next one. The rest of my experience here is positive.
C00997,R03062,what_works,My team is genuinely welcoming and people look out for each other. That should be the standard everywhere.
C00998,R03064,what_works,My team lead protects our workload and it makes a real difference. That should be the standard everywhere. My manager makes a point of recognising good work publicly.
C00999,R03067,what_to_change,The approval process takes longer than the work itself.
C01000,R03067,what_works,The internal move I made last year was handled really well.
C01001,R03070,what_to_change,To be direct: we hear about decisions that affect us from other teams first. It should not be this hard. I have been in the same grade for four years with no conversation about what comes next.
C01002,R03070,what_works,The new scheduling tool has saved us hours every week.
C01003,R03072,what_to_change,"Town halls are broadcasts, not conversations - questions get filtered."
C01004,R03072,what_works,My team lead protects our workload and it makes a real difference. That should be the standard everywhere.
C01005,R03075,what_works,The team shout-outs in our monthly meeting are a small thing that works. That should be the standard everywhere.
C01006,R03083,what_to_change,To be direct: the approval process takes longer than the work itself. Otherwise this is a good place to work.
C01007,R03083,what_works,The new scheduling tool has saved us hours every week. The team shout-outs in our monthly meeting are a small thing that works.
C01008,R03086,what_to_change,Strategy changes every quarter and nobody explains why.
C01009,R03086,what_works,"Genuinely, my team lead backs us up when things go wrong and that builds trust."
C01010,R03090,what_to_change,"To be direct: the pay bands are a secret, which makes it impossible to trust the process."
C01011,R03091,what_to_change,To be direct: we are permanently short-staffed and the overtime has stopped feeling optional.
C01012,R03091,what_works,"Genuinely, my team lead protects our workload and it makes a real difference. That should be the standard everywhere."
C01013,R03102,what_to_change,"Honestly, recognition stops at my manager and never travels further up. This needs fixing this year. Feedback only arrives when something goes wrong."
C01014,R03104,what_to_change,Strategy changes every quarter and nobody explains why.
C01015,R03104,what_works,My onboarding buddy made the first weeks much easier. The new scheduling tool has saved us hours every week.
C01016,R03119,what_to_change,My first month was three days of induction and then nothing. It should not be this hard.
C01017,R03119,what_works,One thing that works: the pension contribution and the extra leave days are genuinely good. My manager is genuinely supportive and gives me feedback I can use.
C01018,R03120,what_to_change,"I did not have a laptop for my first week, which set the tone. Otherwise this is a good place to work."
C01019,R03121,what_to_change,Getting access to a tool takes weeks and nobody owns the process.
C01020,R03124,what_to_change,The main issue is that my manager cancels our one to ones more often than we hold them. I have been in the same grade for four years with no conversation about what comes next.
C01021,R03125,what_to_change,"Honestly, my first month was three days of induction and then nothing. It is the one thing I would change."
C01022,R03125,what_works,My onboarding buddy made the first weeks much easier. Please keep it.
C01023,R03128,what_to_change,"Honestly, my salary has not kept up with inflation for two years running. Frankly it is exhausting."
C01024,R03136,what_to_change,"Honestly, the approval process takes longer than the work itself."
C01025,R03138,what_works,One thing that works: the last town hall actually answered the hard questions honestly.
C01026,R03141,what_to_change,"Honestly, recognition stops at my manager and never travels further up. This needs fixing this year."
C01027,R03142,what_to_change,"Promotions here go to people who are visible to leadership, not to people who deliver."
C01028,R03148,what_to_change,To be direct: benefits are fine but the base salary is below what I am offered elsewhere.
C01029,R03148,what_works,My team lead protects our workload and it makes a real difference.
C01030,R03151,what_to_change,To be direct: everything important is decided in English at a speed that excludes half the room. It should not be this hard.
C01031,R03151,what_works,"Genuinely, flexibility around school hours is the main reason I stay. Please keep it. My team lead protects our workload and it makes a real difference."
C01032,R03152,what_to_change,To be direct: everything important is decided in English at a speed that excludes half the room. The rest of my experience here is positive.
C01033,R03152,what_works,My team lead backs us up when things go wrong and that builds trust. That should be the standard everywhere. My manager makes a point of recognising good work publicly.
C01034,R03155,what_to_change,To be direct: our systems do not talk to each other so we rekey the same data twice. It is the one thing I would change.
C01035,R03156,what_works,My development plan is real and we actually review it.
C01036,R03157,what_to_change,"Town halls are broadcasts, not conversations - questions get filtered. This needs fixing this year."
C01037,R03167,what_to_change,The main issue is that the same voices dominate every meeting and the rest of us stop trying.
C01038,R03167,what_works,One thing that works: the new scheduling tool has saved us hours every week.
C01039,R03168,what_to_change,"Honestly, the office rules changed twice this year with no explanation."
C01040,R03169,what_to_change,The main issue is that getting access to a tool takes weeks and nobody owns the process.
C01041,R03171,what_works,Flexibility around school hours is the main reason I stay. Please keep it.
C01042,R03172,what_to_change,"I did not have a laptop for my first week, which set the tone. Otherwise this is a good place to work."
C01043,R03172,what_works,One thing that works: since we added two people the pressure has come down a lot. My onboarding buddy made the first weeks much easier.
C01044,R03173,what_to_change,Getting access to a tool takes weeks and nobody owns the process. It is the one thing I would change.
C01045,R03173,what_works,One thing that works: the hybrid arrangement works well for me and my team coordinates it sensibly. That should be the standard everywhere.
C01046,R03175,what_works,"Genuinely, my manager makes a point of recognising good work publicly. The pension contribution and the extra leave days are genuinely good."
C01047,R03179,what_works,One thing that works: since we added two people the pressure has come down a lot. I can raise a concern here without worrying about how it will be taken.
C01048,R03182,what_works,The direction for the year is clear and I can see how my work fits. Please keep it.
C01049,R03183,what_works,One thing that works: my team is genuinely welcoming and people look out for each other. That should be the standard everywhere.
C01050,R03184,what_to_change,The approval process takes longer than the work itself. It should not be this hard. The team delivered a difficult project and nobody outside noticed.
C01051,R03188,what_to_change,To be direct: getting access to a tool takes weeks and nobody owns the process.
C01052,R03188,what_works,"Genuinely, since we added two people the pressure has come down a lot."
C01053,R03191,what_to_change,We hear about decisions that affect us from other teams first. It is the one thing I would change. The team delivered a difficult project and nobody outside noticed.
C01054,R03191,what_works,The new scheduling tool has saved us hours every week. That should be the standard everywhere. Flexibility around school hours is the main reason I stay.
C01055,R03194,what_to_change,The main issue is that training budget exists on paper but every request gets postponed.
C01056,R03194,what_works,The hybrid arrangement works well for me and my team coordinates it sensibly. I can raise a concern here without worrying about how it will be taken.
C01057,R03198,what_works,Flexibility around school hours is the main reason I stay.
C01058,R03200,what_works,One thing that works: the team shout-outs in our monthly meeting are a small thing that works.
C01059,R03203,what_to_change,We hear about decisions that affect us from other teams first.
C01060,R03204,what_to_change,My first month was three days of induction and then nothing. Otherwise this is a good place to work.
C01061,R03204,what_works,"Genuinely, my team is genuinely welcoming and people look out for each other."
C01062,R03213,what_to_change,"To be direct: town halls are broadcasts, not conversations - questions get filtered."
C01063,R03215,what_to_change,The main issue is that new joiners are hired above people already doing the job. Otherwise this is a good place to work.
C01064,R03218,what_to_change,Shift patterns get published too late to plan anything around them. It is the one thing I would change.
C01065,R03219,what_works,My manager makes a point of recognising good work publicly.
C01066,R03224,what_to_change,"Two people left my team last year and neither was replaced, so the work just moved to us. This needs fixing this year."
C01067,R03226,what_to_change,"Honestly, town halls are broadcasts, not conversations - questions get filtered. It is the one thing I would change. My first month was three days of induction and then nothing."
C01068,R03226,what_works,"Genuinely, the new scheduling tool has saved us hours every week."
C01069,R03239,what_to_change,To be direct: my first month was three days of induction and then nothing. It is the one thing I would change. Leadership talks about transparency and then reorganises without warning.
C01070,R03239,what_works,One thing that works: the direction for the year is clear and I can see how my work fits.
C01071,R03241,what_works,I can raise a concern here without worrying about how it will be taken.
C01072,R03245,what_works,One thing that works: the hybrid arrangement works well for me and my team coordinates it sensibly.
C01073,R03251,what_to_change,I have been in the same grade for four years with no conversation about what comes next.
C01074,R03255,what_works,"Genuinely, the pension contribution and the extra leave days are genuinely good."
C01075,R03259,what_to_change,My first month was three days of induction and then nothing.
C01076,R03264,what_to_change,New joiners are hired above people already doing the job. This needs fixing this year. Recognition stops at my manager and never travels further up.
C01077,R03266,what_to_change,We hear about decisions that affect us from other teams first. The rest of my experience here is positive.
C01078,R03266,what_works,The team shout-outs in our monthly meeting are a small thing that works. Please keep it.
C01079,R03268,what_to_change,The office rules changed twice this year with no explanation.
C01080,R03270,what_to_change,"The main issue is that two people left my team last year and neither was replaced, so the work just moved to us. This needs fixing this year."
C01081,R03270,what_works,My manager makes a point of recognising good work publicly. Please keep it.
C01082,R03272,what_to_change,"Honestly, every week is firefighting; there is no capacity left for anything planned. Otherwise this is a good place to work. Feedback only arrives when something goes wrong."
C01083,R03282,what_to_change,"To be direct: i did not have a laptop for my first week, which set the tone. It is the one thing I would change."
C01084,R03282,what_works,One thing that works: my team is genuinely welcoming and people look out for each other.
C01085,R03302,what_works,"I always know where I stand with my manager, which I value. My development plan is real and we actually review it."
C01086,R03303,what_to_change,To be direct: leadership talks about transparency and then reorganises without warning. The rest of my experience here is positive.
C01087,R03314,what_to_change,"Everything important is decided in English at a speed that excludes half the room. It should not be this hard. Two people left my team last year and neither was replaced, so the work just moved to us."
C01088,R03318,what_works,"Genuinely, my team is genuinely welcoming and people look out for each other."
C01089,R03332,what_works,My team lead protects our workload and it makes a real difference. My manager makes a point of recognising good work publicly.
C01090,R03333,what_to_change,"The pay bands are a secret, which makes it impossible to trust the process. It should not be this hard. Promotions here go to people who are visible to leadership, not to people who deliver."
C01091,R03333,what_works,One thing that works: the internal move I made last year was handled really well.
C01092,R03335,what_works,My development plan is real and we actually review it.
C01093,R03345,what_to_change,Training budget exists on paper but every request gets postponed.
C01094,R03350,what_to_change,"The main issue is that my manager avoids difficult conversations, so problems in the team just continue."
C01095,R03350,what_works,One thing that works: my onboarding buddy made the first weeks much easier. That should be the standard everywhere. The pension contribution and the extra leave days are genuinely good.
C01096,R03351,what_works,One thing that works: my team lead protects our workload and it makes a real difference.
C01097,R03356,what_to_change,"Honestly, the team delivered a difficult project and nobody outside noticed. Otherwise this is a good place to work."
C01098,R03361,what_to_change,"Honestly, new joiners are hired above people already doing the job. This needs fixing this year."
C01099,R03364,what_to_change,The main issue is that shift patterns get published too late to plan anything around them. This needs fixing this year.
C01100,R03367,what_to_change,To be direct: everything important is decided in English at a speed that excludes half the room. Otherwise this is a good place to work.
C01101,R03367,what_works,My team lead protects our workload and it makes a real difference.
C01102,R03373,what_to_change,Leadership talks about transparency and then reorganises without warning. The rest of my experience here is positive.
C01103,R03388,what_to_change,"Honestly, the pay bands are a secret, which makes it impossible to trust the process."
C01104,R03388,what_works,"Genuinely, my team lead protects our workload and it makes a real difference. The internal move I made last year was handled really well."
C01105,R03394,what_to_change,The team delivered a difficult project and nobody outside noticed. It is the one thing I would change.
C01106,R03397,what_works,"Genuinely, the new scheduling tool has saved us hours every week."
C01107,R03399,what_to_change,Good work is expected and never mentioned; mistakes are mentioned immediately. Otherwise this is a good place to work.
C01108,R03399,what_works,The direction for the year is clear and I can see how my work fits.
C01109,R03401,what_works,"Genuinely, my team is genuinely welcoming and people look out for each other."
C01110,R03406,what_to_change,Strategy changes every quarter and nobody explains why. It is the one thing I would change.
C01111,R03408,what_to_change,Getting access to a tool takes weeks and nobody owns the process. It is the one thing I would change.
C01112,R03408,what_works,One thing that works: my team is genuinely welcoming and people look out for each other.
C01113,R03419,what_works,My onboarding buddy made the first weeks much easier. That should be the standard everywhere.
C01114,R03420,what_works,"Genuinely, the team shout-outs in our monthly meeting are a small thing that works."
C01115,R03422,what_to_change,My manager cancels our one to ones more often than we hold them. It should not be this hard.
C01116,R03422,what_works,"Genuinely, the last town hall actually answered the hard questions honestly. That should be the standard everywhere."
C01117,R03423,what_works,My team is genuinely welcoming and people look out for each other. That should be the standard everywhere.
C01118,R03425,what_works,My team lead protects our workload and it makes a real difference. That should be the standard everywhere.
C01119,R03454,what_to_change,My salary has not kept up with inflation for two years running. It should not be this hard.
C01120,R03456,what_to_change,Feedback only arrives when something goes wrong. It is the one thing I would change.
C01121,R03456,what_works,The new scheduling tool has saved us hours every week. Please keep it.
C01122,R03460,what_to_change,To be direct: strategy changes every quarter and nobody explains why. It is the one thing I would change.
C01123,R03460,what_works,The new scheduling tool has saved us hours every week. Please keep it.
C01124,R03465,what_works,The hybrid arrangement works well for me and my team coordinates it sensibly.
C01125,R03466,what_to_change,To be direct: benefits are fine but the base salary is below what I am offered elsewhere. It should not be this hard.
C01126,R03466,what_works,My onboarding buddy made the first weeks much easier.
C01127,R03471,what_works,One thing that works: the pension contribution and the extra leave days are genuinely good.
C01128,R03485,what_to_change,"Honestly, my manager cancels our one to ones more often than we hold them. The rest of my experience here is positive."
C01129,R03485,what_works,My onboarding buddy made the first weeks much easier. The new scheduling tool has saved us hours every week.
C01130,R03489,what_to_change,My manager cancels our one to ones more often than we hold them. This needs fixing this year.
C01131,R03491,what_works,My onboarding buddy made the first weeks much easier. Please keep it.
C01132,R03497,what_works,One thing that works: my team lead backs us up when things go wrong and that builds trust. That should be the standard everywhere.
C01133,R03501,what_works,My manager makes a point of recognising good work publicly. Please keep it.
C01134,R03502,what_works,"I always know where I stand with my manager, which I value."
C01135,R03506,what_to_change,"To be direct: my manager avoids difficult conversations, so problems in the team just continue. Otherwise this is a good place to work."
C01136,R03509,what_to_change,We hear about decisions that affect us from other teams first. Otherwise this is a good place to work.
C01137,R03509,what_works,The direction for the year is clear and I can see how my work fits. Please keep it.
C01138,R03510,what_to_change,I raised the same issue three times and nothing came back. Recognition stops at my manager and never travels further up.
C01139,R03510,what_works,My team lead backs us up when things go wrong and that builds trust. That should be the standard everywhere. I can raise a concern here without worrying about how it will be taken.
C01140,R03512,what_to_change,"Honestly, strategy changes every quarter and nobody explains why. It is the one thing I would change."
C01141,R03512,what_works,One thing that works: my development plan is real and we actually review it. The pension contribution and the extra leave days are genuinely good.
C01142,R03515,what_to_change,"Honestly, my salary has not kept up with inflation for two years running. It is the one thing I would change. Our systems do not talk to each other so we rekey the same data twice."
C01143,R03515,what_works,One thing that works: the team shout-outs in our monthly meeting are a small thing that works.
C01144,R03517,what_works,"Genuinely, my manager makes a point of recognising good work publicly. Please keep it. My onboarding buddy made the first weeks much easier."
C01145,R03521,what_works,My team lead backs us up when things go wrong and that builds trust.
C01146,R03524,what_to_change,Feedback only arrives when something goes wrong. The rest of my experience here is positive.
C01147,R03524,what_works,The new scheduling tool has saved us hours every week. Please keep it. The internal move I made last year was handled really well.
C01148,R03526,what_to_change,To be direct: the team delivered a difficult project and nobody outside noticed. The rest of my experience here is positive.
C01149,R03531,what_to_change,My manager cancels our one to ones more often than we hold them. Holiday requests get refused because we do not have the cover.
C01150,R03531,what_works,My development plan is real and we actually review it. Please keep it.
C01151,R03533,what_to_change,To be direct: my manager cancels our one to ones more often than we hold them.
C01152,R03533,what_works,The team shout-outs in our monthly meeting are a small thing that works.
C01153,R03539,what_to_change,"Honestly, the pay bands are a secret, which makes it impossible to trust the process. It should not be this hard."
C01154,R03539,what_works,The new scheduling tool has saved us hours every week.
C01155,R03549,what_to_change,To be direct: training budget exists on paper but every request gets postponed. It should not be this hard.
C01156,R03549,what_works,My manager makes a point of recognising good work publicly.
C01157,R03550,what_to_change,To be direct: feedback only arrives when something goes wrong. This needs fixing this year.
C01158,R03550,what_works,The last town hall actually answered the hard questions honestly. That should be the standard everywhere. My team is genuinely welcoming and people look out for each other.
C01159,R03552,what_to_change,"Honestly, we hire externally for roles that people inside could grow into."
C01160,R03552,what_works,The internal move I made last year was handled really well. Please keep it.
C01161,R03553,what_to_change,"Honestly, everything important is decided in English at a speed that excludes half the room. We are permanently short-staffed and the overtime has stopped feeling optional."
C01162,R03554,what_to_change,"My manager avoids difficult conversations, so problems in the team just continue. The rest of my experience here is positive."
C01163,R03554,what_works,One thing that works: the internal move I made last year was handled really well. That should be the standard everywhere. The pension contribution and the extra leave days are genuinely good.
C01164,R03562,what_works,Since we added two people the pressure has come down a lot.
C01165,R03570,what_to_change,The main issue is that we hear about decisions that affect us from other teams first. The rest of my experience here is positive.
C01166,R03570,what_works,My team lead backs us up when things go wrong and that builds trust.
C01167,R03571,what_to_change,To be direct: we hire externally for roles that people inside could grow into. Otherwise this is a good place to work.
C01168,R03571,what_works,My onboarding buddy made the first weeks much easier. My manager makes a point of recognising good work publicly.
C01169,R03574,what_works,"Genuinely, the hybrid arrangement works well for me and my team coordinates it sensibly. Please keep it."
C01170,R03576,what_to_change,"Honestly, good work is expected and never mentioned; mistakes are mentioned immediately. The rest of my experience here is positive."
C01171,R03576,what_works,The pension contribution and the extra leave days are genuinely good.
C01172,R03578,what_to_change,"Honestly, holiday requests get refused because we do not have the cover."
C01173,R03581,what_works,"Genuinely, i can raise a concern here without worrying about how it will be taken. Please keep it."
C01174,R03582,what_to_change,Leadership talks about transparency and then reorganises without warning. Otherwise this is a good place to work.
C01175,R03582,what_works,The team shout-outs in our monthly meeting are a small thing that works. That should be the standard everywhere.
C01176,R03584,what_to_change,The main issue is that i have been in the same grade for four years with no conversation about what comes next. It is the one thing I would change.
C01177,R03584,what_works,One thing that works: the direction for the year is clear and I can see how my work fits. That should be the standard everywhere.
C01178,R03585,what_works,"Genuinely, since we added two people the pressure has come down a lot."
C01179,R03588,what_to_change,Holiday requests get refused because we do not have the cover. Our systems do not talk to each other so we rekey the same data twice.
C01180,R03588,what_works,My team is genuinely welcoming and people look out for each other.
C01181,R03589,what_to_change,"The main issue is that the pay bands are a secret, which makes it impossible to trust the process. The rest of my experience here is positive."
C01182,R03592,what_to_change,To be direct: getting access to a tool takes weeks and nobody owns the process.
C01183,R03595,what_to_change,"The pay bands are a secret, which makes it impossible to trust the process."
C01184,R03606,what_works,The pension contribution and the extra leave days are genuinely good.
C01185,R03607,what_to_change,"Honestly, we are permanently short-staffed and the overtime has stopped feeling optional."
C01186,R03607,what_works,The internal move I made last year was handled really well.
C01187,R03610,what_to_change,The main issue is that the approval process takes longer than the work itself. It is the one thing I would change.
C01188,R03610,what_works,"One thing that works: the last town hall actually answered the hard questions honestly. I always know where I stand with my manager, which I value."
C01189,R03614,what_to_change,Recognition stops at my manager and never travels further up. The rest of my experience here is positive.
C01190,R03614,what_works,One thing that works: the pension contribution and the extra leave days are genuinely good.
C01191,R03618,what_to_change,"To be direct: the pay bands are a secret, which makes it impossible to trust the process. The rest of my experience here is positive."
C01192,R03618,what_works,The new scheduling tool has saved us hours every week.
C01193,R03621,what_to_change,To be direct: there is no visible route from my role to the next one.
C01194,R03621,what_works,My manager makes a point of recognising good work publicly.
C01195,R03628,what_works,"Genuinely, the pension contribution and the extra leave days are genuinely good."
C01196,R03633,what_works,"Genuinely, the direction for the year is clear and I can see how my work fits."
C01197,R03634,what_to_change,I raised the same issue three times and nothing came back.
C01198,R03634,what_works,"The internal move I made last year was handled really well. That should be the standard everywhere. I always know where I stand with my manager, which I value."
C01199,R03637,what_to_change,The main issue is that i commute an hour to sit on video calls I could take from home. The rest of my experience here is positive.
C01200,R03638,what_to_change,"Honestly, my salary has not kept up with inflation for two years running. It should not be this hard."
C01201,R03638,what_works,One thing that works: my manager is genuinely supportive and gives me feedback I can use. Please keep it.
C01202,R03642,what_to_change,Everything important is decided in English at a speed that excludes half the room. It should not be this hard.
C01203,R03649,what_to_change,"Honestly, there is no visible route from my role to the next one. The rest of my experience here is positive."
C01204,R03650,what_works,The pension contribution and the extra leave days are genuinely good. Please keep it.
C01205,R03653,what_to_change,The same voices dominate every meeting and the rest of us stop trying. It is the one thing I would change.
C01206,R03664,what_to_change,The team delivered a difficult project and nobody outside noticed. This needs fixing this year. Every week is firefighting; there is no capacity left for anything planned.
C01207,R03665,what_to_change,Shift patterns get published too late to plan anything around them. It should not be this hard.
C01208,R03665,what_works,"One thing that works: i always know where I stand with my manager, which I value. That should be the standard everywhere."
C01209,R03669,what_to_change,I answer messages at 10pm because there is no other way to keep up. This needs fixing this year.
C01210,R03671,what_to_change,New joiners are hired above people already doing the job.
C01211,R03671,what_works,"Genuinely, the pension contribution and the extra leave days are genuinely good. Please keep it."
C01212,R03677,what_works,My team lead protects our workload and it makes a real difference. Please keep it.
C01213,R03680,what_to_change,Everything important is decided in English at a speed that excludes half the room. This needs fixing this year.
C01214,R03680,what_works,My onboarding buddy made the first weeks much easier. That should be the standard everywhere.
C01215,R03686,what_to_change,The main issue is that good work is expected and never mentioned; mistakes are mentioned immediately. It is the one thing I would change. The same voices dominate every meeting and the rest of us stop trying.
C01216,R03687,what_works,"Genuinely, the last town hall actually answered the hard questions honestly."
C01217,R03688,what_to_change,My first month was three days of induction and then nothing. It is the one thing I would change.
C01218,R03688,what_works,One thing that works: the new scheduling tool has saved us hours every week. Please keep it.
C01219,R03695,what_to_change,The office rules changed twice this year with no explanation. This needs fixing this year. Benefits are fine but the base salary is below what I am offered elsewhere.
C01220,R03704,what_to_change,To be direct: everything important is decided in English at a speed that excludes half the room. I am already looking at other options.
C01221,R03706,what_to_change,To be direct: the same voices dominate every meeting and the rest of us stop trying. The team delivered a difficult project and nobody outside noticed.
C01222,R03713,what_to_change,New joiners are hired above people already doing the job. This needs fixing this year.
C01223,R03718,what_to_change,To be direct: the same voices dominate every meeting and the rest of us stop trying. Frankly it is exhausting. We hear about decisions that affect us from other teams first.
C01224,R03719,what_to_change,"Honestly, there is no visible route from my role to the next one. It should not be this hard."
C01225,R03719,what_works,I can raise a concern here without worrying about how it will be taken.
C01226,R03725,what_to_change,Strategy changes every quarter and nobody explains why. The rest of my experience here is positive.
C01227,R03727,what_to_change,"Honestly, i did not have a laptop for my first week, which set the tone. It is the main reason people are looking elsewhere."
C01228,R03727,what_works,I can raise a concern here without worrying about how it will be taken. That should be the standard everywhere.
C01229,R03731,what_to_change,To be direct: there is no visible route from my role to the next one.
C01230,R03738,what_to_change,Strategy changes every quarter and nobody explains why. It is the main reason people are looking elsewhere.
C01231,R03739,what_to_change,To be direct: shift patterns get published too late to plan anything around them.
C01232,R03740,what_to_change,The approval process takes longer than the work itself. I am already looking at other options.
C01233,R03744,what_to_change,My first month was three days of induction and then nothing. It should not be this hard.
C01234,R03748,what_to_change,Shift patterns get published too late to plan anything around them.
C01235,R03748,what_works,The direction for the year is clear and I can see how my work fits. Please keep it.
C01236,R03751,what_to_change,New joiners are hired above people already doing the job.
C01237,R03751,what_works,"Genuinely, i can raise a concern here without worrying about how it will be taken. That should be the standard everywhere."
C01238,R03752,what_to_change,I commute an hour to sit on video calls I could take from home. This needs fixing this year.
C01239,R03752,what_works,"The direction for the year is clear and I can see how my work fits. That should be the standard everywhere. I always know where I stand with my manager, which I value."
C01240,R03755,what_works,"Genuinely, the direction for the year is clear and I can see how my work fits."
C01241,R03757,what_to_change,To be direct: new joiners are hired above people already doing the job. It is the one thing I would change.
C01242,R03757,what_works,One thing that works: since we added two people the pressure has come down a lot.
C01243,R03766,what_to_change,"Promotions here go to people who are visible to leadership, not to people who deliver. It should not be this hard."
C01244,R03766,what_works,The hybrid arrangement works well for me and my team coordinates it sensibly. The direction for the year is clear and I can see how my work fits.
C01245,R03771,what_to_change,New joiners are hired above people already doing the job. We hire externally for roles that people inside could grow into.
C01246,R03771,what_works,"Genuinely, my manager makes a point of recognising good work publicly."
C01247,R03773,what_to_change,"Honestly, shift patterns get published too late to plan anything around them."
C01248,R03773,what_works,My team lead protects our workload and it makes a real difference. Please keep it.
C01249,R03775,what_to_change,The main issue is that leadership talks about transparency and then reorganises without warning. The rest of my experience here is positive. Everything important is decided in English at a speed that excludes half the room.
C01250,R03775,what_works,One thing that works: the new scheduling tool has saved us hours every week. Please keep it.
C01251,R03791,what_works,The hybrid arrangement works well for me and my team coordinates it sensibly. Please keep it.
C01252,R03792,what_works,One thing that works: the new scheduling tool has saved us hours every week. That should be the standard everywhere.
C01253,R03793,what_to_change,Everything important is decided in English at a speed that excludes half the room. This needs fixing this year.
C01254,R03796,what_to_change,Leadership talks about transparency and then reorganises without warning. The rest of my experience here is positive.
C01255,R03796,what_works,One thing that works: my onboarding buddy made the first weeks much easier.
C01256,R03797,what_works,My team lead protects our workload and it makes a real difference. That should be the standard everywhere.
