response_id,team_id,department,country,region,gender_group,age_band,job_level,tenure_band,work_model,shift_worker,responded,submitted_date,enps,bel_01,bel_02,bel_03,voi_01,voi_02,voi_03,psy_01,psy_02,psy_03,fair_01,fair_02,fair_03,ldr_01,ldr_02,ldr_03,inc_out_01,inc_out_02,inc_out_03
R00001,T001,Operations,IN,APAC,Women,60+,Individual contributor,1-2 years,Onsite,0,1,2026-05-09,6,4,4,3,5,5,4,4,2,4,2,3,3,3,5,4,3,3,5
R00002,T001,Operations,IN,APAC,Women,18-29,Individual contributor,1-2 years,Remote,0,0,,,,,,,,,,,,,,,,,,,,
R00003,T001,Operations,IN,APAC,Women,30-39,Individual contributor,1-2 years,Onsite,0,1,2026-05-19,6,4,4,4,3,3,3,2,1,2,5,3,4,3,3,2,2,3,2
R00004,T001,Operations,IN,APAC,Men,40-49,Individual contributor,3-5 years,Hybrid,0,1,2026-05-06,8,5,5,5,4,4,5,4,3,3,5,3,3,3,3,3,3,4,4
R00005,T001,Operations,IN,APAC,Men,50-59,Individual contributor,10 years +,Onsite,0,1,2026-05-06,8,5,4,4,3,3,2,3,3,4,3,4,4,2,2,3,4,4,4
R00006,T001,Operations,IN,APAC,Women,18-29,Individual contributor,3-5 years,Onsite,1,1,2026-05-21,5,4,3,3,4,4,4,4,3,4,2,3,2,3,3,2,3,3,2
R00007,T001,Operations,IN,APAC,Women,30-39,Individual contributor,< 1 year,Onsite,1,1,2026-05-04,9,3,4,3,5,4,4,1,1,1,2,4,4,4,4,5,4,4,5
R00008,T001,Operations,IN,APAC,Women,40-49,Team lead,10 years +,Onsite,0,1,2026-05-11,9,4,4,4,4,4,4,2,3,3,2,3,4,4,4,3,4,3,4
R00009,T001,Operations,IN,APAC,Men,30-39,Individual contributor,6-10 years,Onsite,1,0,,,,,,,,,,,,,,,,,,,,
R00010,T001,Operations,IN,APAC,Men,60+,Individual contributor,10 years +,Onsite,0,1,2026-05-20,8,5,4,4,4,3,3,4,3,3,2,3,4,4,5,4,4,4,3
R00011,T001,Operations,IN,APAC,Men,40-49,Individual contributor,6-10 years,Onsite,0,1,2026-05-18,7,3,3,3,2,3,2,2,2,3,2,2,3,5,5,4,3,2,3
R00012,T001,Operations,IN,APAC,Women,30-39,Individual contributor,< 1 year,Onsite,1,1,2026-05-22,9,4,4,4,4,4,4,3,4,5,4,3,3,3,3,3,4,3,3
R00013,T001,Operations,IN,APAC,Women,30-39,Individual contributor,3-5 years,Onsite,0,1,2026-05-16,7,5,4,4,4,5,4,3,2,5,3,3,2,4,3,4,5,4,4
R00014,T001,Operations,IN,APAC,Men,30-39,Individual contributor,6-10 years,Onsite,1,0,,,,,,,,,,,,,,,,,,,,
R00015,T001,Operations,IN,APAC,Women,40-49,Individual contributor,1-2 years,Hybrid,0,1,2026-05-16,8,3,4,3,3,2,3,4,4,4,3,3,3,4,5,4,5,4,4
R00016,T001,Operations,IN,APAC,Women,40-49,Individual contributor,< 1 year,Onsite,1,0,,,,,,,,,,,,,,,,,,,,
R00017,T001,Operations,IN,APAC,Men,60+,Individual contributor,6-10 years,Onsite,1,0,,,,,,,,,,,,,,,,,,,,
R00018,T001,Operations,IN,APAC,Women,40-49,Individual contributor,< 1 year,Onsite,1,1,2026-05-22,6,2,4,3,3,3,4,3,2,3,3,4,5,5,4,3,3,3,4
R00019,T001,Operations,IN,APAC,Men,18-29,Individual contributor,3-5 years,Onsite,1,1,2026-05-05,7,4,3,3,3,2,3,1,2,3,2,4,5,4,4,3,3,5,2
R00020,T001,Operations,IN,APAC,Women,40-49,Team lead,1-2 years,Hybrid,0,0,,,,,,,,,,,,,,,,,,,,
R00021,T002,Operations,IN,APAC,Men,40-49,Individual contributor,3-5 years,Onsite,1,1,2026-05-05,6,4,5,3,3,3,3,4,3,5,5,4,4,4,3,3,2,3,3
R00022,T002,Operations,IN,APAC,Women,50-59,Individual contributor,< 1 year,Onsite,1,0,,,,,,,,,,,,,,,,,,,,
R00023,T002,Operations,IN,APAC,Men,30-39,Individual contributor,3-5 years,Onsite,1,1,2026-05-07,7,3,4,4,3,5,4,1,2,3,2,3,2,3,3,2,2,2,2
R00024,T002,Operations,IN,APAC,Men,18-29,Manager,< 1 year,Remote,0,1,2026-05-20,6,3,4,4,4,4,3,3,2,4,3,4,4,4,4,3,4,3,2
R00025,T002,Operations,IN,APAC,Men,18-29,Team lead,10 years +,Onsite,1,1,2026-05-22,7,4,4,5,5,3,4,4,4,4,4,3,4,2,3,3,3,3,4
R00026,T002,Operations,IN,APAC,Women,30-39,Individual contributor,1-2 years,Onsite,1,0,,,,,,,,,,,,,,,,,,,,
R00027,T002,Operations,IN,APAC,Men,40-49,Team lead,< 1 year,Onsite,1,0,,,,,,,,,,,,,,,,,,,,
R00028,T002,Operations,IN,APAC,Men,50-59,Individual contributor,< 1 year,Onsite,0,1,2026-05-16,3,2,3,2,3,2,3,3,3,3,2,2,2,4,4,3,2,3,2
R00029,T002,Operations,IN,APAC,Women,30-39,Individual contributor,6-10 years,Onsite,1,0,,,,,,,,,,,,,,,,,,,,
R00030,T002,Operations,IN,APAC,Men,18-29,Individual contributor,3-5 years,Onsite,1,1,2026-05-11,4,3,3,3,2,2,3,4,4,4,1,2,2,3,4,4,2,3,1
R00031,T002,Operations,IN,APAC,Men,40-49,Individual contributor,6-10 years,Onsite,1,0,,,,,,,,,,,,,,,,,,,,
R00032,T002,Operations,IN,APAC,Men,40-49,Individual contributor,3-5 years,Onsite,1,1,2026-05-18,5,5,3,3,5,5,3,2,2,2,4,3,4,4,4,4,4,4,4
R00033,T002,Operations,IN,APAC,Women,40-49,Individual contributor,< 1 year,Remote,0,1,2026-05-04,8,4,3,3,3,3,3,3,4,4,4,5,5,5,5,3,5,3,4
R00034,T002,Operations,IN,APAC,Men,30-39,Individual contributor,3-5 years,Hybrid,0,0,,,,,,,,,,,,,,,,,,,,
R00035,T002,Operations,IN,APAC,Men,18-29,Individual contributor,6-10 years,Onsite,1,0,,,,,,,,,,,,,,,,,,,,
R00036,T002,Operations,IN,APAC,Men,60+,Individual contributor,1-2 years,Hybrid,0,1,2026-05-22,8,4,3,3,4,4,3,4,3,5,2,3,3,4,5,3,3,3,3
R00037,T002,Operations,IN,APAC,Women,50-59,Team lead,3-5 years,Hybrid,0,0,,,,,,,,,,,,,,,,,,,,
R00038,T002,Operations,IN,APAC,Men,40-49,Manager,1-2 years,Onsite,1,0,,,,,,,,,,,,,,,,,,,,
R00039,T002,Operations,IN,APAC,Men,50-59,Individual contributor,3-5 years,Onsite,1,0,,,,,,,,,,,,,,,,,,,,
R00040,T002,Operations,IN,APAC,Women,18-29,Individual contributor,3-5 years,Onsite,1,1,2026-05-04,6,3,4,2,1,2,2,3,1,3,4,2,4,4,5,4,3,3,3
R00041,T002,Operations,IN,APAC,Men,50-59,Team lead,3-5 years,Onsite,1,0,,,,,,,,,,,,,,,,,,,,
R00042,T003,Operations,IN,APAC,Women,18-29,Individual contributor,1-2 years,Remote,0,0,,,,,,,,,,,,,,,,,,,,
R00043,T003,Operations,IN,APAC,Men,40-49,Individual contributor,6-10 years,Onsite,1,1,2026-05-07,7,3,4,3,2,2,2,2,2,3,2,4,4,2,4,3,1,2,2
R00044,T003,Operations,IN,APAC,Women,30-39,Team lead,3-5 years,Hybrid,0,1,2026-05-21,7,4,5,5,4,4,4,2,3,4,3,5,5,5,5,4,3,3,3
R00045,T003,Operations,IN,APAC,Women,60+,Individual contributor,1-2 years,Remote,0,0,,,,,,,,,,,,,,,,,,,,
R00046,T003,Operations,IN,APAC,Women,18-29,Individual contributor,6-10 years,Onsite,0,1,2026-05-05,9,3,2,3,3,4,4,1,1,2,5,3,3,3,3,4,4,2,4
R00047,T003,Operations,IN,APAC,Men,30-39,Individual contributor,6-10 years,Onsite,0,1,2026-05-09,7,3,4,4,1,2,2,3,3,2,4,3,4,3,4,3,5,2,2
R00048,T003,Operations,IN,APAC,Women,60+,Individual contributor,3-5 years,Onsite,1,1,2026-05-04,6,3,3,2,3,5,4,3,2,4,4,2,3,4,4,4,5,4,3
R00049,T003,Operations,IN,APAC,Men,30-39,Individual contributor,6-10 years,Onsite,0,1,2026-05-11,6,3,4,3,4,2,3,2,1,3,5,4,4,3,2,3,4,3,2
R00050,T003,Operations,IN,APAC,Men,50-59,Individual contributor,10 years +,Onsite,0,1,2026-05-15,9,5,4,5,3,1,3,4,4,4,3,2,3,3,3,2,5,5,5
R00051,T003,Operations,IN,APAC,Women,18-29,Individual contributor,1-2 years,Onsite,0,1,2026-05-15,5,3,4,4,3,3,2,2,2,3,2,4,3,4,2,2,4,3,3
R00052,T003,Operations,IN,APAC,Women,18-29,Individual contributor,6-10 years,Onsite,1,1,2026-05-08,8,3,2,4,2,2,3,3,2,2,5,5,4,4,4,4,3,2,2
R00053,T004,Operations,US,North America,Men,40-49,Individual contributor,6-10 years,Onsite,1,1,2026-05-19,6,4,4,3,2,2,2,4,3,4,4,4,3,5,5,4,4,4,3
R00054,T004,Operations,US,North America,Men,50-59,Individual contributor,3-5 years,Hybrid,0,1,2026-05-08,6,5,5,5,3,3,4,2,2,4,2,2,4,3,3,3,5,4,3
R00055,T004,Operations,US,North America,Women,50-59,Team lead,3-5 years,Onsite,0,1,2026-05-05,10,5,5,5,4,5,5,4,4,4,3,2,3,5,5,5,4,4,4
R00056,T004,Operations,US,North America,Men,40-49,Individual contributor,1-2 years,Hybrid,0,1,2026-05-14,10,4,3,4,4,5,4,4,5,4,5,4,5,5,5,4,5,4,4
R00057,T004,Operations,US,North America,Men,30-39,Manager,3-5 years,Onsite,0,0,,,,,,,,,,,,,,,,,,,,
R00058,T004,Operations,US,North America,Women,30-39,Individual contributor,10 years +,Onsite,1,1,2026-05-05,7,5,5,5,2,3,2,5,5,5,3,3,2,5,5,5,4,4,3
R00059,T004,Operations,US,North America,Women,30-39,Individual contributor,6-10 years,Onsite,1,0,,,,,,,,,,,,,,,,,,,,
R00060,T004,Operations,US,North America,Men,30-39,Individual contributor,10 years +,Onsite,1,0,,,,,,,,,,,,,,,,,,,,
R00061,T004,Operations,US,North America,Women,30-39,Individual contributor,6-10 years,Onsite,1,1,2026-05-05,8,4,4,4,2,2,2,2,3,4,3,2,3,4,4,3,5,4,2
R00062,T004,Operations,US,North America,Men,40-49,Individual contributor,< 1 year,Onsite,1,1,2026-05-05,8,5,5,3,3,3,3,3,3,4,4,4,4,5,5,5,3,3,3
R00063,T004,Operations,US,North America,Women,50-59,Individual contributor,1-2 years,Onsite,1,1,2026-05-22,8,5,5,4,2,3,1,4,4,5,3,4,3,5,5,5,4,5,5
R00064,T004,Operations,US,North America,Men,18-29,Manager,< 1 year,Onsite,0,1,2026-05-08,10,5,5,5,4,4,4,4,5,5,4,5,5,5,5,5,5,5,4
R00065,T004,Operations,US,North America,Women,40-49,Individual contributor,6-10 years,Onsite,1,1,2026-05-07,7,4,5,4,2,2,2,4,4,4,4,5,4,5,5,5,4,4,4
R00066,T004,Operations,US,North America,Men,40-49,Individual contributor,< 1 year,Onsite,0,1,2026-05-07,10,5,5,5,4,2,4,4,4,3,3,4,4,5,5,5,4,5,5
R00067,T004,Operations,US,North America,Men,40-49,Individual contributor,3-5 years,Remote,0,1,2026-05-05,6,2,4,3,4,3,4,4,4,5,3,4,3,4,5,3,4,3,4
R00068,T004,Operations,US,North America,Women,30-39,Manager,< 1 year,Onsite,1,0,,,,,,,,,,,,,,,,,,,,
R00069,T004,Operations,US,North America,Men,50-59,Manager,10 years +,Onsite,1,1,2026-05-08,6,4,4,4,4,4,3,4,3,3,2,2,2,4,4,4,4,4,2
R00070,T005,Operations,IN,APAC,Women,40-49,Team lead,1-2 years,Onsite,1,1,2026-05-10,7,4,4,4,2,3,2,4,4,3,3,3,3,4,5,2,3,4,4
R00071,T005,Operations,IN,APAC,Men,18-29,Individual contributor,< 1 year,Onsite,1,0,,,,,,,,,,,,,,,,,,,,
R00072,T005,Operations,IN,APAC,Women,40-49,Individual contributor,6-10 years,Onsite,0,1,2026-05-04,8,3,2,2,5,5,3,3,4,4,3,2,3,2,3,3,4,4,2
R00073,T005,Operations,IN,APAC,Men,40-49,Individual contributor,< 1 year,Onsite,0,0,,,,,,,,,,,,,,,,,,,,
R00074,T005,Operations,IN,APAC,Men,40-49,Individual contributor,< 1 year,Onsite,1,1,2026-05-06,7,5,4,5,4,4,5,2,2,3,4,4,4,5,4,4,4,4,4
R00075,T005,Operations,IN,APAC,Men,30-39,Individual contributor,1-2 years,Remote,0,1,2026-05-08,7,4,4,5,5,3,4,3,3,3,2,3,3,3,2,2,4,4,4
R00076,T005,Operations,IN,APAC,Women,30-39,Individual contributor,1-2 years,Onsite,1,1,2026-05-07,7,4,5,2,2,2,4,2,2,3,4,4,4,4,3,4,4,2,3
R00077,T005,Operations,IN,APAC,Women,40-49,Individual contributor,< 1 year,Onsite,1,0,,,,,,,,,,,,,,,,,,,,
R00078,T005,Operations,IN,APAC,Men,50-59,Individual contributor,< 1 year,Onsite,1,1,2026-05-18,8,5,5,4,3,3,4,4,5,5,4,5,4,3,4,3,5,4,4
R00079,T005,Operations,IN,APAC,Women,18-29,Individual contributor,6-10 years,Onsite,1,0,,,,,,,,,,,,,,,,,,,,
R00080,T005,Operations,IN,APAC,Women,40-49,Individual contributor,3-5 years,Onsite,1,1,2026-05-14,6,4,4,4,2,1,1,1,4,3,5,4,4,5,5,4,3,4,4
R00081,T005,Operations,IN,APAC,Men,18-29,Individual contributor,6-10 years,Onsite,0,1,2026-05-07,7,5,4,4,3,3,3,4,5,5,1,1,4,3,4,3,3,4,2
R00082,T005,Operations,IN,APAC,Men,30-39,Individual contributor,6-10 years,Onsite,1,1,2026-05-08,8,3,5,5,5,4,4,2,3,4,4,2,4,4,4,5,1,3,2
R00083,T005,Operations,IN,APAC,Women,40-49,Individual contributor,10 years +,Onsite,1,0,,,,,,,,,,,,,,,,,,,,
R00084,T005,Operations,IN,APAC,Men,40-49,Individual contributor,1-2 years,Onsite,1,0,,,,,,,,,,,,,,,,,,,,
R00085,T005,Operations,IN,APAC,Women,30-39,Individual contributor,3-5 years,Onsite,1,0,,,,,,,,,,,,,,,,,,,,
R00086,T005,Operations,IN,APAC,Non-binary / self-described,50-59,Individual contributor,1-2 years,Onsite,1,0,,,,,,,,,,,,,,,,,,,,
R00087,T005,Operations,IN,APAC,Men,40-49,Individual contributor,< 1 year,Onsite,1,1,2026-05-22,5,4,4,4,2,3,3,1,1,1,4,5,4,4,4,4,4,2,2
R00088,T005,Operations,IN,APAC,Men,40-49,Individual contributor,1-2 years,Onsite,0,1,2026-05-16,5,5,5,5,3,2,3,3,3,4,2,2,4,2,4,1,3,2,2
R00089,T005,Operations,IN,APAC,Men,30-39,Manager,3-5 years,Onsite,1,1,2026-05-09,6,4,5,3,4,4,4,3,2,4,2,2,3,4,4,3,4,4,4
R00090,T005,Operations,IN,APAC,Women,30-39,Individual contributor,3-5 years,Onsite,1,1,2026-05-17,5,3,4,3,5,4,4,4,3,3,4,2,3,4,4,3,4,3,4
R00091,T005,Operations,IN,APAC,Men,50-59,Individual contributor,1-2 years,Onsite,0,1,2026-05-14,6,3,2,3,3,3,2,2,1,3,2,3,4,3,3,3,4,3,3
R00092,T005,Operations,IN,APAC,Men,40-49,Individual contributor,3-5 years,Onsite,1,1,2026-05-16,7,5,4,5,4,3,4,5,3,4,3,3,4,5,4,4,4,3,3
R00093,T005,Operations,IN,APAC,Women,30-39,Individual contributor,1-2 years,Hybrid,0,1,2026-05-13,4,3,3,2,4,3,4,2,3,3,2,3,3,4,4,5,3,4,3
R00094,T005,Operations,IN,APAC,Women,50-59,Individual contributor,10 years +,Onsite,1,0,,,,,,,,,,,,,,,,,,,,
R00095,T005,Operations,IN,APAC,Men,40-49,Individual contributor,6-10 years,Onsite,1,1,2026-05-19,7,5,4,3,4,5,4,4,4,4,4,4,4,4,5,3,5,5,5
R00096,T005,Operations,IN,APAC,Non-binary / self-described,30-39,Individual contributor,6-10 years,Onsite,1,1,2026-05-16,5,5,5,5,3,4,4,2,2,3,2,3,1,4,4,4,3,2,2
R00097,T005,Operations,IN,APAC,Men,50-59,Individual contributor,1-2 years,Onsite,0,1,2026-05-08,7,4,5,5,3,4,3,5,4,5,3,3,2,5,5,4,4,4,3
R00098,T005,Operations,IN,APAC,Women,18-29,Individual contributor,3-5 years,Onsite,0,1,2026-05-14,7,3,4,4,4,4,3,2,2,3,3,3,3,5,3,4,5,3,2
R00099,T005,Operations,IN,APAC,Women,40-49,Individual contributor,3-5 years,Onsite,1,0,,,,,,,,,,,,,,,,,,,,
R00100,T005,Operations,IN,APAC,Men,40-49,Individual contributor,3-5 years,Onsite,1,1,2026-05-20,5,1,2,3,2,1,2,4,4,4,2,4,4,4,4,3,3,4,1
R00101,T005,Operations,IN,APAC,Men,40-49,Individual contributor,6-10 years,Onsite,1,1,2026-05-22,5,2,2,2,3,3,3,1,2,1,3,2,2,4,4,2,2,4,1
R00102,T005,Operations,IN,APAC,Men,30-39,Individual contributor,10 years +,Onsite,1,1,2026-05-19,4,3,2,4,3,3,3,1,1,1,4,4,2,4,4,4,2,2,1
R00103,T005,Operations,IN,APAC,Women,50-59,Individual contributor,1-2 years,Onsite,1,1,2026-05-16,5,2,4,3,4,4,4,3,4,5,2,2,2,4,4,3,3,3,3
R00104,T005,Operations,IN,APAC,Women,60+,Individual contributor,< 1 year,Onsite,0,1,2026-05-22,6,5,3,4,4,2,5,3,5,4,3,3,4,5,4,3,5,5,4
R00105,T005,Operations,IN,APAC,Men,40-49,Individual contributor,6-10 years,Onsite,1,1,2026-05-04,8,3,2,3,2,2,3,3,3,4,5,4,5,3,2,4,4,3,3
R00106,T005,Operations,IN,APAC,Men,30-39,Individual contributor,6-10 years,Onsite,1,1,2026-05-09,6,5,4,4,3,3,2,3,4,4,3,2,3,4,4,4,5,2,4
R00107,T005,Operations,IN,APAC,Men,30-39,Individual contributor,< 1 year,Onsite,1,0,,,,,,,,,,,,,,,,,,,,
R00108,T005,Operations,IN,APAC,Women,50-59,Individual contributor,6-10 years,Onsite,1,0,,,,,,,,,,,,,,,,,,,,
R00109,T005,Operations,IN,APAC,Women,30-39,Individual contributor,6-10 years,Onsite,0,1,2026-05-10,8,3,4,2,3,4,1,2,1,1,3,3,4,3,2,3,3,3,3
R00110,T005,Operations,IN,APAC,Men,50-59,Individual contributor,6-10 years,Onsite,1,0,,,,,,,,,,,,,,,,,,,,
R00111,T005,Operations,IN,APAC,Men,40-49,Team lead,< 1 year,Onsite,1,1,2026-05-16,9,5,5,4,5,5,4,4,4,4,3,3,4,4,5,4,5,5,4
R00112,T005,Operations,IN,APAC,Men,18-29,Individual contributor,1-2 years,Onsite,0,1,2026-05-04,9,5,4,4,3,3,3,2,2,4,5,4,5,4,5,4,4,4,3
R00113,T005,Operations,IN,APAC,Women,18-29,Individual contributor,3-5 years,Onsite,1,1,2026-05-06,9,3,4,5,4,5,3,2,1,3,3,4,3,4,3,4,5,4,5
R00114,T005,Operations,IN,APAC,Women,50-59,Individual contributor,< 1 year,Onsite,1,0,,,,,,,,,,,,,,,,,,,,
R00115,T005,Operations,IN,APAC,Women,18-29,Individual contributor,6-10 years,Onsite,1,0,,,,,,,,,,,,,,,,,,,,
R00116,T005,Operations,IN,APAC,Women,50-59,Individual contributor,6-10 years,Onsite,1,1,2026-05-04,7,1,2,1,4,3,2,3,3,4,3,3,4,4,5,4,4,4,2
R00117,T005,Operations,IN,APAC,Women,18-29,Individual contributor,6-10 years,Onsite,1,0,,,,,,,,,,,,,,,,,,,,
R00118,T005,Operations,IN,APAC,Men,40-49,Individual contributor,< 1 year,Onsite,1,0,,,,,,,,,,,,,,,,,,,,
R00119,T005,Operations,IN,APAC,Non-binary / self-described,50-59,Individual contributor,< 1 year,Onsite,1,0,,,,,,,,,,,,,,,,,,,,
R00120,T005,Operations,IN,APAC,Women,40-49,Individual contributor,< 1 year,Onsite,0,0,,,,,,,,,,,,,,,,,,,,
R00121,T005,Operations,IN,APAC,Women,50-59,Team lead,10 years +,Onsite,0,1,2026-05-07,7,3,3,3,3,4,2,2,2,2,2,2,3,5,4,4,4,3,2
R00122,T006,Operations,DE,EMEA,Men,18-29,Individual contributor,1-2 years,Onsite,0,1,2026-05-12,7,3,3,4,2,2,3,2,4,3,3,3,3,3,3,4,4,5,2
R00123,T006,Operations,DE,EMEA,Women,30-39,Individual contributor,1-2 years,Onsite,1,0,,,,,,,,,,,,,,,,,,,,
R00124,T006,Operations,DE,EMEA,Women,18-29,Individual contributor,1-2 years,Onsite,0,1,2026-05-04,6,5,4,4,2,1,2,4,4,3,1,2,2,5,4,5,3,3,3
R00125,T006,Operations,DE,EMEA,Non-binary / self-described,18-29,Individual contributor,6-10 years,Onsite,1,0,,,,,,,,,,,,,,,,,,,,
R00126,T006,Operations,DE,EMEA,Non-binary / self-described,40-49,Individual contributor,1-2 years,Onsite,1,1,2026-05-05,6,4,4,4,3,2,2,4,2,3,3,4,3,4,4,4,4,3,3
R00127,T006,Operations,DE,EMEA,Men,50-59,Team lead,1-2 years,Onsite,1,0,,,,,,,,,,,,,,,,,,,,
R00128,T006,Operations,DE,EMEA,Women,60+,Individual contributor,< 1 year,Onsite,1,0,,,,,,,,,,,,,,,,,,,,
R00129,T006,Operations,DE,EMEA,Women,50-59,Individual contributor,6-10 years,Onsite,1,0,,,,,,,,,,,,,,,,,,,,
R00130,T006,Operations,DE,EMEA,Women,30-39,Individual contributor,1-2 years,Onsite,1,1,2026-05-11,4,3,3,2,3,4,4,4,4,4,4,4,4,3,5,4,3,3,4
R00131,T006,Operations,DE,EMEA,Women,60+,Manager,6-10 years,Onsite,1,1,2026-05-17,7,5,4,3,4,4,4,4,5,5,3,3,5,4,4,4,3,4,3
R00132,T006,Operations,DE,EMEA,Men,18-29,Individual contributor,3-5 years,Remote,0,1,2026-05-21,8,4,4,4,2,2,2,2,1,3,4,4,4,4,4,3,4,4,3
R00133,T006,Operations,DE,EMEA,Women,60+,Individual contributor,6-10 years,Onsite,1,1,2026-05-05,7,3,4,3,3,3,3,3,3,3,2,3,3,4,5,4,2,2,3
R00134,T006,Operations,DE,EMEA,Women,30-39,Individual contributor,3-5 years,Hybrid,0,0,,,,,,,,,,,,,,,,,,,,
R00135,T007,Operations,DE,EMEA,Women,30-39,Individual contributor,< 1 year,Remote,0,1,2026-05-06,5,3,3,3,3,5,4,5,5,4,2,2,2,4,4,2,3,4,3
R00136,T007,Operations,DE,EMEA,Women,30-39,Individual contributor,6-10 years,Onsite,1,0,,,,,,,,,,,,,,,,,,,,
R00137,T007,Operations,DE,EMEA,Non-binary / self-described,50-59,Individual contributor,1-2 years,Onsite,1,1,2026-05-04,7,5,5,5,2,3,1,3,3,4,3,2,4,4,4,3,4,4,4
R00138,T007,Operations,DE,EMEA,Men,40-49,Team lead,3-5 years,Onsite,0,1,2026-05-05,5,5,4,4,4,4,4,4,4,5,3,2,4,5,5,5,4,3,3
R00139,T007,Operations,DE,EMEA,Women,30-39,Individual contributor,1-2 years,Onsite,1,0,,,,,,,,,,,,,,,,,,,,
R00140,T007,Operations,DE,EMEA,Women,50-59,Individual contributor,3-5 years,Onsite,1,0,,,,,,,,,,,,,,,,,,,,
R00141,T007,Operations,DE,EMEA,Women,40-49,Individual contributor,3-5 years,Hybrid,0,1,2026-05-04,7,5,5,4,3,4,2,3,4,4,3,3,2,2,2,2,4,4,3
R00142,T007,Operations,DE,EMEA,Men,50-59,Individual contributor,1-2 years,Onsite,0,1,2026-05-04,7,4,4,5,2,3,3,3,3,2,4,4,4,5,5,5,4,3,4
R00143,T007,Operations,DE,EMEA,Men,40-49,Individual contributor,3-5 years,Onsite,1,1,2026-05-04,5,3,5,3,5,5,4,2,3,3,3,2,4,4,5,4,3,3,2
R00144,T007,Operations,DE,EMEA,Women,40-49,Individual contributor,< 1 year,Onsite,1,1,2026-05-06,6,4,3,4,2,4,2,3,4,3,3,4,4,4,4,4,5,5,5
R00145,T007,Operations,DE,EMEA,Women,18-29,Individual contributor,6-10 years,Onsite,1,0,,,,,,,,,,,,,,,,,,,,
R00146,T007,Operations,DE,EMEA,Non-binary / self-described,30-39,Individual contributor,10 years +,Hybrid,0,1,2026-05-22,6,4,3,4,4,3,3,5,4,2,2,1,3,4,4,3,4,3,2
R00147,T007,Operations,DE,EMEA,Men,50-59,Team lead,1-2 years,Onsite,0,1,2026-05-08,7,4,3,4,2,2,3,4,4,5,4,3,4,5,5,5,4,2,4
R00148,T007,Operations,DE,EMEA,Women,50-59,Individual contributor,10 years +,Onsite,1,1,2026-05-11,6,3,4,2,4,5,3,4,2,2,4,4,4,4,4,3,5,4,4
R00149,T007,Operations,DE,EMEA,Men,50-59,Individual contributor,1-2 years,Onsite,0,1,2026-05-07,8,5,4,4,3,3,3,5,1,2,4,5,5,3,4,4,3,4,3
R00150,T007,Operations,DE,EMEA,Non-binary / self-described,30-39,Team lead,10 years +,Hybrid,0,1,2026-05-11,5,4,3,4,4,4,4,5,4,4,4,4,4,4,4,2,3,3,3
R00151,T007,Operations,DE,EMEA,Men,50-59,Individual contributor,1-2 years,Onsite,0,1,2026-05-16,8,4,4,3,3,4,4,4,5,5,4,4,4,4,4,3,4,3,3
R00152,T007,Operations,DE,EMEA,Women,40-49,Manager,3-5 years,Onsite,1,1,2026-05-16,7,4,4,4,5,4,5,4,4,4,3,3,4,4,4,4,3,3,4
R00153,T007,Operations,DE,EMEA,Men,40-49,Individual contributor,6-10 years,Onsite,1,0,,,,,,,,,,,,,,,,,,,,
R00154,T007,Operations,DE,EMEA,Women,30-39,Individual contributor,1-2 years,Onsite,0,1,2026-05-15,8,3,3,3,5,3,5,4,4,4,4,3,4,4,3,4,4,4,4
R00155,T007,Operations,DE,EMEA,Men,60+,Team lead,6-10 years,Onsite,0,1,2026-05-04,10,3,5,3,3,4,5,4,4,4,3,2,4,4,4,4,3,2,2
R00156,T007,Operations,DE,EMEA,Women,30-39,Individual contributor,1-2 years,Remote,0,1,2026-05-14,10,4,4,2,3,2,3,4,3,3,4,5,4,4,3,3,5,3,4
R00157,T007,Operations,DE,EMEA,Women,50-59,Team lead,3-5 years,Onsite,1,1,2026-05-07,8,3,3,4,3,2,2,1,4,3,1,3,2,5,5,5,4,4,4
R00158,T007,Operations,DE,EMEA,Women,40-49,Manager,6-10 years,Onsite,0,1,2026-05-05,7,4,3,3,3,3,2,4,4,4,3,3,3,3,5,5,3,2,3
R00159,T007,Operations,DE,EMEA,Women,60+,Individual contributor,6-10 years,Onsite,1,0,,,,,,,,,,,,,,,,,,,,
R00160,T007,Operations,DE,EMEA,Women,30-39,Individual contributor,3-5 years,Onsite,1,0,,,,,,,,,,,,,,,,,,,,
R00161,T007,Operations,DE,EMEA,Men,18-29,Team lead,1-2 years,Onsite,0,1,2026-05-19,10,5,4,5,4,5,3,2,4,3,2,2,3,4,5,3,4,3,4
R00162,T007,Operations,DE,EMEA,Men,18-29,Team lead,10 years +,Onsite,1,1,2026-05-15,5,4,3,4,5,3,5,4,4,3,3,3,5,3,4,3,4,3,4
R00163,T007,Operations,DE,EMEA,Men,40-49,Individual contributor,1-2 years,Onsite,0,0,,,,,,,,,,,,,,,,,,,,
R00164,T007,Operations,DE,EMEA,Men,18-29,Individual contributor,< 1 year,Onsite,1,0,,,,,,,,,,,,,,,,,,,,
R00165,T008,Operations,US,North America,Women,60+,Individual contributor,< 1 year,Onsite,1,1,2026-05-05,9,4,4,3,5,4,5,3,3,5,4,5,5,4,4,3,4,3,4
R00166,T008,Operations,US,North America,Non-binary / self-described,60+,Individual contributor,10 years +,Onsite,1,1,2026-05-05,6,5,5,4,4,4,4,2,2,3,3,4,4,4,5,4,5,3,3
R00167,T008,Operations,US,North America,Women,40-49,Individual contributor,6-10 years,Onsite,1,1,2026-05-16,9,4,3,4,3,4,4,3,2,4,4,3,4,4,4,4,5,3,4
R00168,T008,Operations,US,North America,Women,18-29,Individual contributor,3-5 years,Onsite,1,0,,,,,,,,,,,,,,,,,,,,
R00169,T008,Operations,US,North America,Women,18-29,Individual contributor,1-2 years,Onsite,1,0,,,,,,,,,,,,,,,,,,,,
R00170,T008,Operations,US,North America,Women,40-49,Individual contributor,< 1 year,Remote,0,0,,,,,,,,,,,,,,,,,,,,
R00171,T008,Operations,US,North America,Men,30-39,Individual contributor,10 years +,Onsite,1,0,,,,,,,,,,,,,,,,,,,,
R00172,T008,Operations,US,North America,Women,18-29,Team lead,< 1 year,Onsite,1,1,2026-05-04,10,4,4,4,4,5,5,3,2,2,5,5,5,3,5,4,5,5,4
R00173,T008,Operations,US,North America,Men,40-49,Manager,3-5 years,Onsite,1,1,2026-05-13,5,3,3,3,3,3,3,4,4,3,3,2,4,5,4,4,3,4,3
R00174,T008,Operations,US,North America,Women,30-39,Individual contributor,6-10 years,Onsite,1,0,,,,,,,,,,,,,,,,,,,,
R00175,T008,Operations,US,North America,Men,30-39,Individual contributor,3-5 years,Onsite,1,1,2026-05-08,9,5,5,5,3,4,4,1,2,4,3,4,3,5,5,5,4,4,4
R00176,T008,Operations,US,North America,Men,30-39,Individual contributor,6-10 years,Onsite,0,1,2026-05-04,8,4,3,3,4,4,3,3,3,3,4,4,4,2,3,3,4,2,3
R00177,T008,Operations,US,North America,Women,30-39,Individual contributor,1-2 years,Onsite,1,0,,,,,,,,,,,,,,,,,,,,
R00178,T008,Operations,US,North America,Women,50-59,Individual contributor,10 years +,Onsite,1,1,2026-05-22,9,4,4,4,4,4,2,3,3,4,2,2,4,2,4,4,5,4,4
R00179,T008,Operations,US,North America,Men,30-39,Individual contributor,3-5 years,Onsite,1,1,2026-05-21,6,5,4,4,3,4,4,3,4,3,3,3,2,4,3,4,3,3,3
R00180,T008,Operations,US,North America,Men,40-49,Individual contributor,< 1 year,Onsite,1,1,2026-05-06,7,5,4,4,4,5,5,3,3,2,4,4,4,3,3,2,5,4,4
R00181,T009,Operations,DE,EMEA,Men,40-49,Individual contributor,1-2 years,Onsite,0,1,2026-05-11,6,3,5,3,2,2,2,3,4,2,2,1,2,4,5,3,4,2,1
R00182,T009,Operations,DE,EMEA,Men,18-29,Individual contributor,3-5 years,Onsite,1,1,2026-05-06,5,4,3,4,1,2,3,3,5,4,2,3,4,5,4,3,3,4,4
R00183,T009,Operations,DE,EMEA,Non-binary / self-described,30-39,Individual contributor,1-2 years,Onsite,0,1,2026-05-13,7,5,4,4,3,2,3,4,4,5,2,1,2,4,5,5,3,4,4
R00184,T009,Operations,DE,EMEA,Men,18-29,Team lead,1-2 years,Onsite,1,0,,,,,,,,,,,,,,,,,,,,
R00185,T009,Operations,DE,EMEA,Men,40-49,Individual contributor,6-10 years,Onsite,1,0,,,,,,,,,,,,,,,,,,,,
R00186,T009,Operations,DE,EMEA,Women,18-29,Individual contributor,10 years +,Onsite,1,0,,,,,,,,,,,,,,,,,,,,
R00187,T009,Operations,DE,EMEA,Men,30-39,Individual contributor,3-5 years,Onsite,0,1,2026-05-06,6,5,5,5,3,2,3,2,3,4,3,3,3,3,4,5,4,3,2
R00188,T009,Operations,DE,EMEA,Men,30-39,Individual contributor,< 1 year,Onsite,1,1,2026-05-04,6,4,4,3,3,2,3,4,3,5,3,3,5,4,3,3,3,4,4
R00189,T009,Operations,DE,EMEA,Men,30-39,Individual contributor,1-2 years,Onsite,1,1,2026-05-21,6,3,3,2,2,4,2,3,3,3,3,4,5,4,3,4,4,3,4
R00190,T009,Operations,DE,EMEA,Men,30-39,Individual contributor,1-2 years,Onsite,0,1,2026-05-05,10,4,4,4,4,4,3,4,4,4,4,5,5,4,4,3,4,5,5
R00191,T009,Operations,DE,EMEA,Men,18-29,Individual contributor,3-5 years,Onsite,0,1,2026-05-15,6,3,4,2,4,3,4,2,2,3,2,2,4,5,5,5,4,3,3
R00192,T009,Operations,DE,EMEA,Men,18-29,Individual contributor,1-2 years,Onsite,1,1,2026-05-15,8,5,4,3,4,3,2,4,4,5,4,5,4,5,4,4,5,5,5
R00193,T009,Operations,DE,EMEA,Men,30-39,Individual contributor,< 1 year,Onsite,1,0,,,,,,,,,,,,,,,,,,,,
R00194,T009,Operations,DE,EMEA,Men,18-29,Individual contributor,6-10 years,Hybrid,0,1,2026-05-05,6,3,4,4,2,3,2,3,3,5,4,4,4,3,4,3,3,3,3
R00195,T009,Operations,DE,EMEA,Non-binary / self-described,40-49,Individual contributor,10 years +,Hybrid,0,0,,,,,,,,,,,,,,,,,,,,
R00196,T009,Operations,DE,EMEA,Women,30-39,Individual contributor,6-10 years,Onsite,0,1,2026-05-08,6,4,3,3,3,3,4,1,2,1,2,3,4,3,3,3,4,2,4
R00197,T009,Operations,DE,EMEA,Women,18-29,Individual contributor,1-2 years,Onsite,1,0,,,,,,,,,,,,,,,,,,,,
R00198,T009,Operations,DE,EMEA,Women,40-49,Individual contributor,6-10 years,Hybrid,0,1,2026-05-17,6,1,2,1,2,4,2,3,3,4,3,4,4,3,2,3,3,4,3
R00199,T009,Operations,DE,EMEA,Women,40-49,Team lead,1-2 years,Onsite,1,0,,,,,,,,,,,,,,,,,,,,
R00200,T009,Operations,DE,EMEA,Men,18-29,Individual contributor,6-10 years,Onsite,1,0,,,,,,,,,,,,,,,,,,,,
R00201,T009,Operations,DE,EMEA,Women,30-39,Team lead,3-5 years,Onsite,1,1,2026-05-04,7,3,4,3,1,3,2,1,3,2,2,2,2,5,5,4,3,3,2
R00202,T009,Operations,DE,EMEA,Men,40-49,Individual contributor,6-10 years,Onsite,1,1,2026-05-22,5,5,4,5,2,1,2,3,2,3,3,3,2,5,4,4,3,2,3
R00203,T009,Operations,DE,EMEA,Men,40-49,Individual contributor,3-5 years,Onsite,0,1,2026-05-19,7,2,2,2,4,5,3,3,2,4,4,3,4,3,3,3,2,4,3
R00204,T009,Operations,DE,EMEA,Women,30-39,Team lead,10 years +,Onsite,0,1,2026-05-05,7,5,5,4,3,5,5,2,2,3,2,4,5,4,4,5,4,4,3
R00205,T010,Operations,PL,EMEA,Non-binary / self-described,30-39,Individual contributor,6-10 years,Remote,0,1,2026-05-15,6,2,3,3,3,2,2,3,5,5,2,2,3,3,3,2,3,2,3
R00206,T010,Operations,PL,EMEA,Women,40-49,Team lead,< 1 year,Onsite,1,1,2026-05-08,10,5,5,4,2,3,4,3,3,3,3,2,2,4,5,4,3,3,4
R00207,T010,Operations,PL,EMEA,Men,30-39,Individual contributor,3-5 years,Onsite,1,1,2026-05-20,8,3,4,2,2,2,2,2,3,3,3,3,3,5,5,4,5,4,4
R00208,T010,Operations,PL,EMEA,Men,30-39,Manager,3-5 years,Onsite,0,1,2026-05-05,6,5,4,5,4,3,4,3,4,5,2,2,3,5,5,4,3,1,4
R00209,T010,Operations,PL,EMEA,Men,40-49,Individual contributor,< 1 year,Onsite,1,1,2026-05-04,9,4,5,5,4,2,3,5,3,5,2,2,4,5,5,4,5,4,4
R00210,T010,Operations,PL,EMEA,Women,18-29,Individual contributor,3-5 years,Onsite,1,1,2026-05-20,5,2,4,3,3,1,1,2,3,4,5,3,3,4,4,4,4,4,3
R00211,T010,Operations,PL,EMEA,Women,30-39,Team lead,6-10 years,Onsite,1,1,2026-05-22,8,3,5,4,4,3,2,3,2,3,3,2,4,3,5,3,4,5,4
R00212,T010,Operations,PL,EMEA,Men,30-39,Individual contributor,6-10 years,Onsite,1,1,2026-05-04,7,3,5,3,4,4,4,2,2,3,3,2,3,5,4,4,5,3,3
R00213,T010,Operations,PL,EMEA,Women,30-39,Manager,< 1 year,Onsite,1,1,2026-05-06,10,5,5,5,4,4,4,5,3,4,3,4,4,4,5,4,5,5,5
R00214,T010,Operations,PL,EMEA,Women,50-59,Team lead,3-5 years,Onsite,1,1,2026-05-16,8,2,5,4,5,5,4,4,4,4,2,2,3,2,3,3,4,4,2
R00215,T010,Operations,PL,EMEA,Women,60+,Individual contributor,10 years +,Onsite,1,1,2026-05-22,7,3,4,4,3,3,3,2,3,3,4,3,4,3,4,2,3,3,3
R00216,T010,Operations,PL,EMEA,Women,60+,Team lead,3-5 years,Remote,0,1,2026-05-15,8,5,5,5,4,4,4,5,5,4,2,3,4,5,5,5,5,4,4
R00217,T010,Operations,PL,EMEA,Non-binary / self-described,50-59,Senior leader,< 1 year,Onsite,1,1,2026-05-21,7,4,4,5,3,4,3,2,4,3,1,3,4,5,5,5,4,3,4
R00218,T010,Operations,PL,EMEA,Men,40-49,Individual contributor,6-10 years,Onsite,1,0,,,,,,,,,,,,,,,,,,,,
R00219,T010,Operations,PL,EMEA,Women,18-29,Team lead,10 years +,Onsite,1,0,,,,,,,,,,,,,,,,,,,,
R00220,T010,Operations,PL,EMEA,Men,40-49,Individual contributor,3-5 years,Onsite,1,1,2026-05-09,7,3,3,4,3,3,4,2,2,3,4,4,3,4,5,4,4,5,3
R00221,T010,Operations,PL,EMEA,Women,30-39,Individual contributor,6-10 years,Onsite,0,1,2026-05-05,10,4,5,5,5,5,4,1,3,1,3,3,3,5,5,5,5,4,4
R00222,T010,Operations,PL,EMEA,Women,50-59,Individual contributor,1-2 years,Onsite,1,1,2026-05-16,7,3,3,3,5,4,4,4,5,5,2,3,4,4,5,4,4,2,4
R00223,T010,Operations,PL,EMEA,Women,30-39,Individual contributor,1-2 years,Onsite,1,0,,,,,,,,,,,,,,,,,,,,
R00224,T010,Operations,PL,EMEA,Women,30-39,Individual contributor,3-5 years,Onsite,0,1,2026-05-16,5,4,4,3,2,2,3,4,4,5,1,2,2,5,4,5,4,2,3
R00225,T010,Operations,PL,EMEA,Women,18-29,Individual contributor,< 1 year,Onsite,1,1,2026-05-04,9,5,4,4,2,2,2,3,2,4,4,4,2,5,5,5,4,5,4
R00226,T010,Operations,PL,EMEA,Women,50-59,Individual contributor,< 1 year,Onsite,1,1,2026-05-06,7,4,4,4,1,2,3,2,4,3,3,3,4,5,5,4,3,5,3
R00227,T010,Operations,PL,EMEA,Women,18-29,Individual contributor,6-10 years,Onsite,1,1,2026-05-10,7,4,4,3,4,4,2,3,2,3,2,3,4,5,4,3,5,3,3
R00228,T010,Operations,PL,EMEA,Women,18-29,Team lead,6-10 years,Hybrid,0,1,2026-05-07,6,3,2,2,3,2,2,3,4,3,3,3,4,5,5,5,3,3,3
R00229,T010,Operations,PL,EMEA,Men,40-49,Team lead,3-5 years,Onsite,1,0,,,,,,,,,,,,,,,,,,,,
R00230,T010,Operations,PL,EMEA,Women,18-29,Individual contributor,10 years +,Onsite,0,0,,,,,,,,,,,,,,,,,,,,
R00231,T010,Operations,PL,EMEA,Women,60+,Individual contributor,3-5 years,Hybrid,0,1,2026-05-11,9,2,3,2,4,5,4,2,1,2,3,2,4,4,3,4,4,4,4
R00232,T010,Operations,PL,EMEA,Women,18-29,Individual contributor,1-2 years,Hybrid,0,0,,,,,,,,,,,,,,,,,,,,
R00233,T011,Operations,IN,APAC,Women,18-29,Team lead,6-10 years,Onsite,1,1,2026-05-06,9,5,5,5,1,3,1,4,4,5,4,3,4,2,2,2,3,4,4
R00234,T011,Operations,IN,APAC,Men,30-39,Team lead,6-10 years,Onsite,1,0,,,,,,,,,,,,,,,,,,,,
R00235,T011,Operations,IN,APAC,Women,50-59,Individual contributor,6-10 years,Onsite,1,0,,,,,,,,,,,,,,,,,,,,
R00236,T011,Operations,IN,APAC,Women,30-39,Senior leader,10 years +,Hybrid,0,1,2026-05-15,9,5,4,5,4,4,4,4,5,5,5,4,4,4,3,5,5,5,5
R00237,T011,Operations,IN,APAC,Men,30-39,Individual contributor,10 years +,Remote,0,1,2026-05-21,10,4,3,4,5,4,5,2,2,3,4,4,3,4,4,4,5,5,5
R00238,T011,Operations,IN,APAC,Men,50-59,Individual contributor,1-2 years,Onsite,1,0,,,,,,,,,,,,,,,,,,,,
R00239,T011,Operations,IN,APAC,Women,40-49,Senior leader,1-2 years,Onsite,1,1,2026-05-17,7,2,3,2,5,4,4,4,3,4,4,4,5,3,3,2,4,3,2
R00240,T011,Operations,IN,APAC,Men,60+,Individual contributor,3-5 years,Onsite,1,1,2026-05-22,6,1,3,4,4,3,2,5,4,4,2,3,3,2,3,2,3,3,2
R00241,T011,Operations,IN,APAC,Women,50-59,Individual contributor,3-5 years,Onsite,0,1,2026-05-07,8,3,2,3,4,3,4,3,3,2,4,2,4,5,3,4,3,3,2
R00242,T011,Operations,IN,APAC,Women,30-39,Individual contributor,3-5 years,Hybrid,0,0,,,,,,,,,,,,,,,,,,,,
R00243,T011,Operations,IN,APAC,Women,40-49,Individual contributor,1-2 years,Hybrid,0,1,2026-05-06,9,2,4,3,4,4,4,3,3,2,2,3,4,2,4,3,4,3,3
R00244,T011,Operations,IN,APAC,Women,18-29,Senior leader,< 1 year,Hybrid,0,1,2026-05-21,8,4,5,4,2,3,4,4,4,4,4,4,4,3,2,3,5,4,3
R00245,T011,Operations,IN,APAC,Women,50-59,Individual contributor,1-2 years,Onsite,0,1,2026-05-22,8,5,4,4,3,3,4,3,5,4,3,3,4,4,3,3,4,3,3
R00246,T011,Operations,IN,APAC,Women,30-39,Individual contributor,< 1 year,Onsite,1,1,2026-05-06,8,4,3,3,5,4,4,4,4,5,4,3,3,3,3,3,4,4,3
R00247,T011,Operations,IN,APAC,Women,30-39,Individual contributor,6-10 years,Onsite,0,0,,,,,,,,,,,,,,,,,,,,
R00248,T011,Operations,IN,APAC,Women,50-59,Individual contributor,1-2 years,Onsite,1,1,2026-05-14,7,4,5,5,3,4,2,5,4,4,3,4,3,3,3,3,4,4,4
R00249,T011,Operations,IN,APAC,Women,60+,Individual contributor,3-5 years,Onsite,1,0,,,,,,,,,,,,,,,,,,,,
R00250,T011,Operations,IN,APAC,Men,18-29,Manager,10 years +,Onsite,1,0,,,,,,,,,,,,,,,,,,,,
R00251,T011,Operations,IN,APAC,Non-binary / self-described,50-59,Team lead,10 years +,Onsite,1,0,,,,,,,,,,,,,,,,,,,,
R00252,T011,Operations,IN,APAC,Men,18-29,Individual contributor,< 1 year,Onsite,1,0,,,,,,,,,,,,,,,,,,,,
R00253,T011,Operations,IN,APAC,Women,30-39,Manager,1-2 years,Onsite,1,1,2026-05-22,8,3,4,5,3,3,3,4,4,5,4,4,4,3,3,2,4,5,4
R00254,T011,Operations,IN,APAC,Men,60+,Individual contributor,1-2 years,Onsite,1,1,2026-05-21,7,4,4,5,2,4,3,3,3,4,3,2,3,3,4,3,3,3,4
R00255,T011,Operations,IN,APAC,Men,40-49,Manager,6-10 years,Remote,0,1,2026-05-15,10,3,4,4,4,3,4,4,2,5,2,4,4,3,4,3,3,4,4
R00256,T011,Operations,IN,APAC,Women,30-39,Individual contributor,< 1 year,Onsite,1,0,,,,,,,,,,,,,,,,,,,,
R00257,T011,Operations,IN,APAC,Women,18-29,Individual contributor,6-10 years,Onsite,1,1,2026-05-04,8,3,2,2,1,3,2,4,4,4,2,3,4,4,4,3,4,2,1
R00258,T011,Operations,IN,APAC,Women,18-29,Individual contributor,< 1 year,Onsite,1,0,,,,,,,,,,,,,,,,,,,,
R00259,T011,Operations,IN,APAC,Men,40-49,Individual contributor,6-10 years,Onsite,1,0,,,,,,,,,,,,,,,,,,,,
R00260,T011,Operations,IN,APAC,Women,50-59,Individual contributor,< 1 year,Onsite,1,1,2026-05-15,7,5,5,5,4,3,4,3,3,3,4,3,4,3,4,3,4,3,3
R00261,T011,Operations,IN,APAC,Women,50-59,Individual contributor,1-2 years,Remote,0,1,2026-05-11,8,4,5,4,3,5,3,2,4,4,3,3,3,2,4,2,5,4,3
R00262,T011,Operations,IN,APAC,Men,18-29,Individual contributor,10 years +,Onsite,1,1,2026-05-17,3,2,2,2,3,2,3,1,1,3,5,3,4,3,2,4,2,2,2
R00263,T011,Operations,IN,APAC,Men,40-49,Individual contributor,< 1 year,Onsite,1,1,2026-05-08,6,5,5,4,3,2,1,1,3,3,3,2,4,2,4,3,5,5,2
R00264,T011,Operations,IN,APAC,Men,40-49,Individual contributor,1-2 years,Onsite,1,1,2026-05-06,8,3,3,2,4,5,4,4,2,4,4,3,4,2,2,2,4,4,3
R00265,T011,Operations,IN,APAC,Men,30-39,Individual contributor,6-10 years,Onsite,1,0,,,,,,,,,,,,,,,,,,,,
R00266,T011,Operations,IN,APAC,Men,40-49,Individual contributor,6-10 years,Onsite,1,1,2026-05-04,6,4,4,2,3,4,4,2,1,3,3,3,4,2,2,1,4,2,3
R00267,T011,Operations,IN,APAC,Women,18-29,Individual contributor,< 1 year,Onsite,0,0,,,,,,,,,,,,,,,,,,,,
R00268,T011,Operations,IN,APAC,Men,30-39,Individual contributor,10 years +,Onsite,1,0,,,,,,,,,,,,,,,,,,,,
R00269,T011,Operations,IN,APAC,Women,50-59,Individual contributor,< 1 year,Onsite,1,1,2026-05-18,7,5,4,4,2,4,3,4,2,3,3,4,4,2,4,2,3,3,3
R00270,T011,Operations,IN,APAC,Women,30-39,Individual contributor,10 years +,Hybrid,0,1,2026-05-05,7,5,4,4,3,2,4,3,3,4,2,2,2,4,3,4,2,3,2
R00271,T011,Operations,IN,APAC,Women,18-29,Individual contributor,10 years +,Onsite,1,1,2026-05-07,7,3,3,3,2,3,3,2,3,3,2,2,3,4,4,4,4,2,2
R00272,T011,Operations,IN,APAC,Women,40-49,Individual contributor,< 1 year,Onsite,1,1,2026-05-08,4,3,4,3,4,4,4,1,2,3,2,3,3,4,4,3,5,2,4
R00273,T011,Operations,IN,APAC,Women,60+,Team lead,< 1 year,Hybrid,0,1,2026-05-21,7,2,3,3,4,3,5,3,4,3,4,5,5,2,3,3,4,3,4
R00274,T011,Operations,IN,APAC,Men,30-39,Individual contributor,< 1 year,Onsite,1,0,,,,,,,,,,,,,,,,,,,,
R00275,T011,Operations,IN,APAC,Women,18-29,Individual contributor,1-2 years,Hybrid,0,1,2026-05-15,8,4,4,3,3,4,1,2,3,3,5,3,2,3,4,3,4,4,4
R00276,T011,Operations,IN,APAC,Men,18-29,Individual contributor,1-2 years,Onsite,1,0,,,,,,,,,,,,,,,,,,,,
R00277,T011,Operations,IN,APAC,Women,50-59,Team lead,3-5 years,Remote,0,1,2026-05-19,4,2,2,3,5,5,5,3,3,4,3,2,3,4,3,2,3,1,2
R00278,T011,Operations,IN,APAC,Men,18-29,Individual contributor,1-2 years,Onsite,0,0,,,,,,,,,,,,,,,,,,,,
R00279,T011,Operations,IN,APAC,Men,50-59,Team lead,< 1 year,Onsite,0,0,,,,,,,,,,,,,,,,,,,,
R00280,T011,Operations,IN,APAC,Women,30-39,Individual contributor,1-2 years,Onsite,1,0,,,,,,,,,,,,,,,,,,,,
R00281,T011,Operations,IN,APAC,Women,18-29,Individual contributor,< 1 year,Hybrid,0,1,2026-05-06,7,5,4,4,3,4,5,4,3,5,2,2,3,3,4,4,4,3,3
R00282,T011,Operations,IN,APAC,Men,40-49,Individual contributor,6-10 years,Onsite,1,1,2026-05-07,5,4,1,2,5,5,4,2,2,2,3,3,3,4,4,4,5,3,5
R00283,T011,Operations,IN,APAC,Men,50-59,Team lead,< 1 year,Onsite,1,0,,,,,,,,,,,,,,,,,,,,
R00284,T011,Operations,IN,APAC,Women,50-59,Individual contributor,6-10 years,Onsite,1,1,2026-05-18,8,3,4,3,2,3,3,5,3,4,3,3,3,5,4,4,3,4,2
R00285,T011,Operations,IN,APAC,Men,18-29,Team lead,1-2 years,Hybrid,0,1,2026-05-04,8,5,3,4,5,5,3,3,3,2,5,3,3,4,2,4,5,4,4
R00286,T012,Operations,IN,APAC,Women,30-39,Individual contributor,3-5 years,Hybrid,0,1,2026-05-22,5,2,3,3,3,3,2,1,2,1,2,1,3,2,1,3,1,2,2
R00287,T012,Operations,IN,APAC,Men,30-39,Individual contributor,< 1 year,Hybrid,0,0,,,,,,,,,,,,,,,,,,,,
R00288,T012,Operations,IN,APAC,Women,18-29,Individual contributor,3-5 years,Onsite,1,1,2026-05-05,7,3,2,2,1,2,3,3,2,1,5,3,5,3,4,2,4,3,2
R00289,T012,Operations,IN,APAC,Men,18-29,Team lead,3-5 years,Onsite,0,1,2026-05-12,7,5,4,5,4,3,3,2,2,3,4,3,3,4,5,2,4,3,3
R00290,T012,Operations,IN,APAC,Women,30-39,Individual contributor,< 1 year,Onsite,1,0,,,,,,,,,,,,,,,,,,,,
R00291,T012,Operations,IN,APAC,Men,40-49,Individual contributor,6-10 years,Onsite,0,1,2026-05-04,5,3,3,3,2,3,4,3,4,3,2,2,3,5,3,3,3,2,2
R00292,T012,Operations,IN,APAC,Women,30-39,Individual contributor,1-2 years,Hybrid,0,0,,,,,,,,,,,,,,,,,,,,
R00293,T012,Operations,IN,APAC,Men,40-49,Team lead,3-5 years,Onsite,1,1,2026-05-17,7,3,4,3,1,2,2,4,3,3,3,3,2,4,2,3,5,3,4
R00294,T012,Operations,IN,APAC,Women,30-39,Individual contributor,< 1 year,Onsite,1,1,2026-05-20,6,4,3,4,4,4,3,3,2,2,3,3,4,3,3,2,3,4,2
R00295,T012,Operations,IN,APAC,Women,40-49,Individual contributor,1-2 years,Onsite,1,1,2026-05-09,8,2,2,1,4,3,4,3,4,4,3,2,3,2,2,3,4,2,4
R00296,T012,Operations,IN,APAC,Women,40-49,Individual contributor,3-5 years,Onsite,1,0,,,,,,,,,,,,,,,,,,,,
R00297,T012,Operations,IN,APAC,Men,50-59,Individual contributor,3-5 years,Onsite,1,1,2026-05-06,8,3,4,3,1,2,2,2,3,4,2,4,5,2,2,2,4,2,2
R00298,T012,Operations,IN,APAC,Men,18-29,Team lead,3-5 years,Hybrid,0,1,2026-05-12,4,2,3,1,3,3,3,2,2,2,4,4,3,2,4,4,3,2,4
R00299,T012,Operations,IN,APAC,Women,18-29,Individual contributor,1-2 years,Onsite,1,1,2026-05-04,8,5,5,4,3,2,2,3,3,3,2,3,3,1,5,3,3,4,3
R00300,T012,Operations,IN,APAC,Women,60+,Individual contributor,3-5 years,Onsite,1,1,2026-05-22,7,2,2,3,2,1,2,2,3,3,2,2,2,3,2,3,4,2,3
R00301,T012,Operations,IN,APAC,Men,60+,Manager,3-5 years,Onsite,0,1,2026-05-15,4,4,4,3,3,4,5,3,2,2,2,2,2,4,4,4,5,2,4
R00302,T012,Operations,IN,APAC,Women,30-39,Team lead,6-10 years,Onsite,1,0,,,,,,,,,,,,,,,,,,,,
R00303,T012,Operations,IN,APAC,Non-binary / self-described,60+,Senior leader,1-2 years,Onsite,1,1,2026-05-15,7,3,4,4,4,4,4,4,4,5,3,2,2,4,3,2,5,4,3
R00304,T012,Operations,IN,APAC,Women,30-39,Individual contributor,< 1 year,Onsite,0,0,,,,,,,,,,,,,,,,,,,,
R00305,T012,Operations,IN,APAC,Women,30-39,Individual contributor,1-2 years,Onsite,0,1,2026-05-21,6,4,4,1,3,3,3,2,1,3,3,3,4,3,3,2,1,3,2
R00306,T012,Operations,IN,APAC,Women,40-49,Individual contributor,< 1 year,Onsite,1,0,,,,,,,,,,,,,,,,,,,,
R00307,T012,Operations,IN,APAC,Women,40-49,Individual contributor,1-2 years,Onsite,1,1,2026-05-05,6,3,3,2,3,2,4,1,1,1,3,2,4,5,5,4,4,2,4
R00308,T012,Operations,IN,APAC,Women,18-29,Team lead,3-5 years,Onsite,1,0,,,,,,,,,,,,,,,,,,,,
R00309,T012,Operations,IN,APAC,Women,30-39,Team lead,3-5 years,Onsite,0,0,,,,,,,,,,,,,,,,,,,,
R00310,T012,Operations,IN,APAC,Men,30-39,Individual contributor,10 years +,Hybrid,0,1,2026-05-07,6,5,5,4,3,3,5,2,2,3,3,2,3,2,2,4,4,4,3
R00311,T013,Operations,DE,EMEA,Men,60+,Individual contributor,6-10 years,Onsite,0,0,,,,,,,,,,,,,,,,,,,,
R00312,T013,Operations,DE,EMEA,Men,18-29,Individual contributor,3-5 years,Onsite,1,0,,,,,,,,,,,,,,,,,,,,
R00313,T013,Operations,DE,EMEA,Men,50-59,Individual contributor,3-5 years,Onsite,1,1,2026-05-04,4,4,3,4,4,3,1,3,4,4,4,5,5,5,5,5,3,2,2
R00314,T013,Operations,DE,EMEA,Men,40-49,Individual contributor,3-5 years,Onsite,0,1,2026-05-09,8,4,5,3,4,4,5,4,4,4,3,5,3,3,3,3,5,3,4
R00315,T013,Operations,DE,EMEA,Women,18-29,Individual contributor,< 1 year,Onsite,1,0,,,,,,,,,,,,,,,,,,,,
R00316,T013,Operations,DE,EMEA,Women,18-29,Team lead,6-10 years,Hybrid,0,1,2026-05-04,5,2,3,1,2,3,2,3,3,3,3,5,2,4,3,4,4,3,3
R00317,T013,Operations,DE,EMEA,Non-binary / self-described,40-49,Individual contributor,6-10 years,Onsite,0,1,2026-05-04,6,5,5,5,2,1,3,1,1,2,2,3,2,3,4,4,3,2,3
R00318,T013,Operations,DE,EMEA,Women,40-49,Individual contributor,6-10 years,Onsite,0,1,2026-05-15,6,2,2,2,5,4,5,2,2,1,2,2,3,3,4,3,2,2,1
R00319,T013,Operations,DE,EMEA,Men,60+,Individual contributor,10 years +,Onsite,0,1,2026-05-19,6,2,3,3,4,5,4,1,1,3,1,1,4,2,4,3,3,3,3
R00320,T013,Operations,DE,EMEA,Non-binary / self-described,50-59,Team lead,< 1 year,Onsite,1,1,2026-05-21,7,4,4,3,2,3,3,4,4,4,3,3,4,4,2,4,4,2,4
R00321,T013,Operations,DE,EMEA,Men,40-49,Individual contributor,3-5 years,Onsite,0,1,2026-05-10,8,2,2,4,3,2,3,4,4,4,3,2,2,3,4,2,3,3,2
R00322,T013,Operations,DE,EMEA,Women,40-49,Team lead,< 1 year,Onsite,0,0,,,,,,,,,,,,,,,,,,,,
R00323,T013,Operations,DE,EMEA,Men,40-49,Manager,6-10 years,Onsite,1,0,,,,,,,,,,,,,,,,,,,,
R00324,T013,Operations,DE,EMEA,Women,18-29,Individual contributor,3-5 years,Onsite,0,1,2026-05-05,9,3,3,3,3,4,3,4,4,3,3,2,2,4,3,4,4,4,4
R00325,T013,Operations,DE,EMEA,Women,40-49,Individual contributor,3-5 years,Onsite,0,0,,,,,,,,,,,,,,,,,,,,
R00326,T013,Operations,DE,EMEA,Women,18-29,Team lead,3-5 years,Onsite,0,0,,,,,,,,,,,,,,,,,,,,
R00327,T013,Operations,DE,EMEA,Men,40-49,Team lead,1-2 years,Onsite,0,1,2026-05-20,6,3,4,4,1,2,1,2,2,4,4,4,5,3,3,3,3,2,2
R00328,T013,Operations,DE,EMEA,Women,18-29,Individual contributor,1-2 years,Onsite,1,1,2026-05-22,8,3,4,3,3,3,4,3,3,2,4,3,3,5,5,3,4,4,4
R00329,T013,Operations,DE,EMEA,Women,60+,Manager,1-2 years,Onsite,1,1,2026-05-04,8,4,4,4,3,4,5,1,3,2,4,5,5,2,1,2,4,4,3
R00330,T013,Operations,DE,EMEA,Women,50-59,Individual contributor,3-5 years,Onsite,0,0,,,,,,,,,,,,,,,,,,,,
R00331,T013,Operations,DE,EMEA,Men,40-49,Individual contributor,< 1 year,Onsite,0,1,2026-05-05,9,2,3,2,4,4,3,2,2,2,4,3,2,3,4,2,4,4,4
R00332,T013,Operations,DE,EMEA,Women,30-39,Individual contributor,3-5 years,Hybrid,0,1,2026-05-21,4,4,4,3,2,2,1,1,2,2,2,3,2,3,4,5,2,2,2
R00333,T013,Operations,DE,EMEA,Women,30-39,Individual contributor,3-5 years,Onsite,1,0,,,,,,,,,,,,,,,,,,,,
R00334,T013,Operations,DE,EMEA,Women,30-39,Individual contributor,3-5 years,Hybrid,0,1,2026-05-04,2,3,4,4,2,3,3,3,4,4,3,2,3,3,3,3,3,2,3
R00335,T013,Operations,DE,EMEA,Women,40-49,Individual contributor,< 1 year,Onsite,0,1,2026-05-08,6,3,5,4,2,4,4,4,3,4,4,3,3,2,2,1,3,4,3
R00336,T013,Operations,DE,EMEA,Women,40-49,Individual contributor,1-2 years,Onsite,1,0,,,,,,,,,,,,,,,,,,,,
R00337,T013,Operations,DE,EMEA,Men,60+,Individual contributor,10 years +,Hybrid,0,1,2026-05-14,3,4,3,3,2,3,2,3,2,4,1,1,3,3,3,2,2,1,1
R00338,T013,Operations,DE,EMEA,Men,60+,Individual contributor,6-10 years,Onsite,0,0,,,,,,,,,,,,,,,,,,,,
R00339,T013,Operations,DE,EMEA,Women,30-39,Individual contributor,3-5 years,Onsite,1,1,2026-05-20,5,2,2,2,3,3,3,3,3,4,2,2,4,4,5,4,4,3,3
R00340,T013,Operations,DE,EMEA,Women,40-49,Individual contributor,< 1 year,Onsite,1,1,2026-05-15,10,5,3,4,1,2,2,3,3,4,3,3,4,5,5,4,5,4,4
R00341,T013,Operations,DE,EMEA,Men,18-29,Manager,3-5 years,Onsite,1,0,,,,,,,,,,,,,,,,,,,,
R00342,T013,Operations,DE,EMEA,Men,30-39,Individual contributor,< 1 year,Onsite,1,0,,,,,,,,,,,,,,,,,,,,
R00343,T013,Operations,DE,EMEA,Women,30-39,Individual contributor,10 years +,Onsite,1,1,2026-05-05,6,3,3,5,3,3,3,2,3,1,3,3,3,2,2,2,4,4,2
R00344,T013,Operations,DE,EMEA,Women,30-39,Individual contributor,6-10 years,Onsite,1,0,,,,,,,,,,,,,,,,,,,,
R00345,T013,Operations,DE,EMEA,Women,30-39,Individual contributor,3-5 years,Hybrid,0,1,2026-05-05,6,2,2,2,4,3,4,2,2,4,3,2,3,3,3,3,4,2,3
R00346,T013,Operations,DE,EMEA,Women,60+,Team lead,3-5 years,Hybrid,0,1,2026-05-13,5,5,5,4,1,1,2,2,1,2,5,4,5,5,4,4,3,3,2
R00347,T013,Operations,DE,EMEA,Men,18-29,Individual contributor,< 1 year,Onsite,1,1,2026-05-04,7,3,4,4,4,3,2,4,3,2,3,2,3,2,2,2,4,2,2
R00348,T013,Operations,DE,EMEA,Men,50-59,Individual contributor,< 1 year,Onsite,1,1,2026-05-04,6,2,2,2,3,4,4,5,3,4,4,4,4,3,2,2,4,2,3
R00349,T013,Operations,DE,EMEA,Men,18-29,Team lead,1-2 years,Onsite,1,1,2026-05-04,7,2,3,3,3,2,4,3,3,3,3,3,5,5,4,4,3,3,4
R00350,T013,Operations,DE,EMEA,Men,50-59,Individual contributor,10 years +,Onsite,1,1,2026-05-07,8,3,2,2,2,2,3,2,3,4,3,4,4,2,4,1,4,5,4
R00351,T013,Operations,DE,EMEA,Men,30-39,Individual contributor,1-2 years,Onsite,1,1,2026-05-11,8,5,5,4,2,5,4,3,2,2,3,3,4,3,4,3,4,3,4
R00352,T013,Operations,DE,EMEA,Men,30-39,Individual contributor,< 1 year,Onsite,1,0,,,,,,,,,,,,,,,,,,,,
R00353,T014,Operations,US,North America,Women,30-39,Team lead,1-2 years,Hybrid,0,1,2026-05-11,5,5,3,3,1,2,2,4,3,4,2,2,2,4,4,5,3,2,2
R00354,T014,Operations,US,North America,Women,30-39,Team lead,< 1 year,Onsite,1,0,,,,,,,,,,,,,,,,,,,,
R00355,T014,Operations,US,North America,Women,60+,Individual contributor,3-5 years,Onsite,0,0,,,,,,,,,,,,,,,,,,,,
R00356,T014,Operations,US,North America,Non-binary / self-described,50-59,Individual contributor,1-2 years,Onsite,0,1,2026-05-17,6,5,5,5,3,5,4,4,3,4,4,3,3,5,5,5,5,4,4
R00357,T014,Operations,US,North America,Women,18-29,Team lead,10 years +,Onsite,1,1,2026-05-18,6,4,5,3,2,3,3,4,4,3,4,2,4,5,5,3,4,3,3
R00358,T014,Operations,US,North America,Women,50-59,Individual contributor,6-10 years,Onsite,0,0,,,,,,,,,,,,,,,,,,,,
R00359,T014,Operations,US,North America,Women,30-39,Team lead,10 years +,Onsite,1,1,2026-05-19,7,5,4,3,5,5,4,4,4,3,3,3,3,3,4,5,4,5,3
R00360,T014,Operations,US,North America,Women,18-29,Individual contributor,3-5 years,Onsite,1,1,2026-05-21,7,4,3,3,2,3,3,1,2,3,1,1,2,3,4,2,3,2,1
R00361,T014,Operations,US,North America,Men,18-29,Individual contributor,6-10 years,Onsite,0,1,2026-05-22,6,4,4,4,3,4,3,5,5,5,3,3,4,5,5,5,4,4,3
R00362,T014,Operations,US,North America,Women,40-49,Individual contributor,3-5 years,Onsite,1,0,,,,,,,,,,,,,,,,,,,,
R00363,T014,Operations,US,North America,Women,50-59,Individual contributor,10 years +,Onsite,1,1,2026-05-18,9,5,5,4,4,2,2,3,4,5,3,3,3,5,5,5,4,4,4
R00364,T014,Operations,US,North America,Men,30-39,Manager,1-2 years,Onsite,0,1,2026-05-15,5,4,3,3,5,4,4,3,3,3,4,4,3,5,5,5,5,2,4
R00365,T014,Operations,US,North America,Men,30-39,Manager,1-2 years,Onsite,1,0,,,,,,,,,,,,,,,,,,,,
R00366,T014,Operations,US,North America,Men,50-59,Individual contributor,3-5 years,Onsite,1,0,,,,,,,,,,,,,,,,,,,,
R00367,T014,Operations,US,North America,Men,30-39,Individual contributor,1-2 years,Onsite,1,0,,,,,,,,,,,,,,,,,,,,
R00368,T014,Operations,US,North America,Women,40-49,Individual contributor,3-5 years,Hybrid,0,1,2026-05-11,8,3,3,3,2,3,3,4,3,5,4,4,5,5,5,5,5,4,4
R00369,T014,Operations,US,North America,Men,50-59,Individual contributor,3-5 years,Onsite,1,1,2026-05-21,9,4,4,3,3,4,3,4,4,4,3,3,3,5,5,5,4,3,3
R00370,T014,Operations,US,North America,Men,40-49,Individual contributor,10 years +,Onsite,1,0,,,,,,,,,,,,,,,,,,,,
R00371,T014,Operations,US,North America,Women,18-29,Team lead,3-5 years,Onsite,1,0,,,,,,,,,,,,,,,,,,,,
R00372,T014,Operations,US,North America,Women,30-39,Individual contributor,1-2 years,Onsite,1,0,,,,,,,,,,,,,,,,,,,,
R00373,T014,Operations,US,North America,Women,40-49,Individual contributor,1-2 years,Onsite,1,1,2026-05-05,7,5,3,4,5,4,5,5,4,4,2,3,3,5,5,5,3,3,3
R00374,T014,Operations,US,North America,Women,50-59,Individual contributor,1-2 years,Onsite,1,0,,,,,,,,,,,,,,,,,,,,
R00375,T014,Operations,US,North America,Men,30-39,Manager,1-2 years,Onsite,0,1,2026-05-22,9,5,5,5,5,5,5,4,4,4,5,3,5,4,5,3,4,5,4
R00376,T014,Operations,US,North America,Men,30-39,Individual contributor,1-2 years,Onsite,0,0,,,,,,,,,,,,,,,,,,,,
R00377,T015,Operations,US,North America,Men,18-29,Individual contributor,3-5 years,Onsite,1,0,,,,,,,,,,,,,,,,,,,,
R00378,T015,Operations,US,North America,Men,50-59,Team lead,3-5 years,Onsite,0,1,2026-05-15,4,4,4,3,3,3,4,3,2,3,2,3,2,3,2,3,2,1,2
R00379,T015,Operations,US,North America,Men,60+,Individual contributor,6-10 years,Onsite,1,1,2026-05-04,6,2,2,1,1,2,1,3,2,4,2,1,1,1,1,1,3,2,1
R00380,T015,Operations,US,North America,Men,18-29,Individual contributor,1-2 years,Onsite,0,1,2026-05-10,7,1,2,2,4,3,3,2,3,3,3,2,5,2,2,2,4,4,4
R00381,T015,Operations,US,North America,Men,30-39,Individual contributor,< 1 year,Onsite,0,1,2026-05-22,5,2,4,2,2,2,2,3,3,2,3,4,4,3,3,3,1,2,1
R00382,T015,Operations,US,North America,Non-binary / self-described,18-29,Individual contributor,1-2 years,Onsite,1,0,,,,,,,,,,,,,,,,,,,,
R00383,T015,Operations,US,North America,Women,18-29,Individual contributor,3-5 years,Onsite,1,1,2026-05-16,8,4,5,4,2,3,2,1,3,3,2,2,2,3,3,3,4,3,4
R00384,T015,Operations,US,North America,Men,18-29,Individual contributor,6-10 years,Remote,0,1,2026-05-15,4,2,3,2,4,2,2,3,2,2,4,3,3,1,1,1,3,3,2
R00385,T015,Operations,US,North America,Men,30-39,Individual contributor,1-2 years,Onsite,1,1,2026-05-16,6,4,4,4,2,2,2,2,2,1,3,3,5,2,4,3,4,4,2
R00386,T015,Operations,US,North America,Women,40-49,Individual contributor,3-5 years,Hybrid,0,0,,,,,,,,,,,,,,,,,,,,
R00387,T016,Operations,DE,EMEA,Women,40-49,Individual contributor,6-10 years,Onsite,1,1,2026-05-10,8,5,4,4,3,2,3,3,2,3,4,3,3,3,4,2,5,5,4
R00388,T016,Operations,DE,EMEA,Men,30-39,Team lead,< 1 year,Onsite,0,1,2026-05-06,8,3,3,4,3,3,4,3,2,2,4,4,4,5,5,5,4,3,3
R00389,T016,Operations,DE,EMEA,Men,40-49,Team lead,1-2 years,Onsite,1,0,,,,,,,,,,,,,,,,,,,,
R00390,T016,Operations,DE,EMEA,Men,60+,Individual contributor,1-2 years,Onsite,1,1,2026-05-05,5,4,2,4,2,1,2,3,5,4,3,5,5,5,3,4,4,4,3
R00391,T016,Operations,DE,EMEA,Men,18-29,Senior leader,3-5 years,Onsite,1,0,,,,,,,,,,,,,,,,,,,,
R00392,T016,Operations,DE,EMEA,Women,40-49,Individual contributor,3-5 years,Onsite,1,1,2026-05-11,8,3,3,3,4,4,4,4,4,5,2,2,3,4,5,4,4,3,4
R00393,T016,Operations,DE,EMEA,Women,40-49,Team lead,3-5 years,Onsite,1,1,2026-05-16,10,5,5,3,4,4,5,2,4,4,4,4,4,5,4,3,5,5,3
R00394,T016,Operations,DE,EMEA,Men,40-49,Individual contributor,3-5 years,Remote,0,0,,,,,,,,,,,,,,,,,,,,
R00395,T016,Operations,DE,EMEA,Women,40-49,Team lead,1-2 years,Onsite,1,0,,,,,,,,,,,,,,,,,,,,
R00396,T016,Operations,DE,EMEA,Men,40-49,Individual contributor,10 years +,Hybrid,0,1,2026-05-11,9,4,3,4,4,4,4,4,5,4,4,3,4,4,4,4,4,4,3
R00397,T016,Operations,DE,EMEA,Men,50-59,Individual contributor,6-10 years,Onsite,1,0,,,,,,,,,,,,,,,,,,,,
R00398,T016,Operations,DE,EMEA,Women,30-39,Individual contributor,6-10 years,Onsite,0,0,,,,,,,,,,,,,,,,,,,,
R00399,T016,Operations,DE,EMEA,Men,40-49,Team lead,3-5 years,Onsite,1,0,,,,,,,,,,,,,,,,,,,,
R00400,T016,Operations,DE,EMEA,Women,30-39,Individual contributor,6-10 years,Onsite,1,1,2026-05-16,8,5,5,4,2,2,3,4,4,4,4,5,4,4,5,4,4,4,4
R00401,T016,Operations,DE,EMEA,Non-binary / self-described,30-39,Team lead,1-2 years,Hybrid,0,1,2026-05-04,7,3,5,3,3,3,3,4,3,4,4,5,4,5,4,5,4,5,4
R00402,T016,Operations,DE,EMEA,Men,18-29,Team lead,3-5 years,Onsite,0,1,2026-05-19,9,4,5,2,4,5,4,3,4,3,4,4,4,4,4,4,5,4,4
R00403,T016,Operations,DE,EMEA,Men,50-59,Team lead,3-5 years,Onsite,1,1,2026-05-16,6,5,5,4,3,4,4,3,2,4,2,3,2,4,4,4,4,3,3
R00404,T016,Operations,DE,EMEA,Women,50-59,Individual contributor,6-10 years,Onsite,1,0,,,,,,,,,,,,,,,,,,,,
R00405,T017,Operations,IN,APAC,Women,18-29,Team lead,6-10 years,Onsite,1,0,,,,,,,,,,,,,,,,,,,,
R00406,T017,Operations,IN,APAC,Men,30-39,Individual contributor,1-2 years,Onsite,1,0,,,,,,,,,,,,,,,,,,,,
R00407,T017,Operations,IN,APAC,Men,50-59,Individual contributor,1-2 years,Onsite,1,1,2026-05-05,7,5,5,5,4,3,1,4,3,5,3,4,2,5,4,3,4,3,1
R00408,T017,Operations,IN,APAC,Women,30-39,Individual contributor,1-2 years,Onsite,0,0,,,,,,,,,,,,,,,,,,,,
R00409,T017,Operations,IN,APAC,Men,50-59,Individual contributor,< 1 year,Hybrid,0,1,2026-05-17,8,4,3,5,3,4,4,5,5,5,4,4,4,5,5,5,5,5,5
R00410,T017,Operations,IN,APAC,Women,18-29,Individual contributor,6-10 years,Onsite,1,0,,,,,,,,,,,,,,,,,,,,
R00411,T017,Operations,IN,APAC,Women,50-59,Individual contributor,3-5 years,Onsite,1,0,,,,,,,,,,,,,,,,,,,,
R00412,T017,Operations,IN,APAC,Women,30-39,Individual contributor,1-2 years,Onsite,1,1,2026-05-21,8,3,3,3,3,4,5,3,4,4,3,5,5,3,4,4,5,4,4
R00413,T017,Operations,IN,APAC,Women,30-39,Individual contributor,1-2 years,Onsite,1,0,,,,,,,,,,,,,,,,,,,,
R00414,T017,Operations,IN,APAC,Women,40-49,Individual contributor,< 1 year,Onsite,1,0,,,,,,,,,,,,,,,,,,,,
R00415,T017,Operations,IN,APAC,Men,30-39,Manager,< 1 year,Onsite,1,1,2026-05-09,9,5,5,5,4,2,3,4,5,5,4,5,5,5,5,5,5,4,3
R00416,T017,Operations,IN,APAC,Women,40-49,Individual contributor,1-2 years,Onsite,1,1,2026-05-06,10,5,5,5,4,4,5,4,5,5,4,3,4,5,5,5,5,5,5
R00417,T017,Operations,IN,APAC,Men,18-29,Individual contributor,< 1 year,Onsite,1,0,,,,,,,,,,,,,,,,,,,,
R00418,T017,Operations,IN,APAC,Women,18-29,Individual contributor,1-2 years,Hybrid,0,1,2026-05-22,10,4,5,5,2,3,2,4,4,5,4,2,4,5,5,5,4,4,4
R00419,T017,Operations,IN,APAC,Men,50-59,Individual contributor,3-5 years,Onsite,1,0,,,,,,,,,,,,,,,,,,,,
R00420,T018,Operations,DE,EMEA,Men,30-39,Individual contributor,6-10 years,Onsite,1,0,,,,,,,,,,,,,,,,,,,,
R00421,T018,Operations,DE,EMEA,Women,30-39,Individual contributor,6-10 years,Onsite,0,1,2026-05-04,6,3,3,3,3,4,3,3,3,3,3,2,4,5,4,3,3,2,2
R00422,T018,Operations,DE,EMEA,Men,50-59,Individual contributor,1-2 years,Onsite,1,1,2026-05-21,8,3,3,3,4,4,3,2,2,3,4,5,5,4,4,3,3,3,4
R00423,T018,Operations,DE,EMEA,Men,40-49,Individual contributor,3-5 years,Hybrid,0,0,,,,,,,,,,,,,,,,,,,,
R00424,T018,Operations,DE,EMEA,Men,60+,Individual contributor,1-2 years,Onsite,0,1,2026-05-21,4,5,4,4,3,4,2,4,5,3,4,4,4,4,5,4,5,4,3
R00425,T018,Operations,DE,EMEA,Men,18-29,Individual contributor,6-10 years,Onsite,0,1,2026-05-04,8,3,4,4,3,3,3,3,3,3,5,3,4,4,4,3,3,5,5
R00426,T018,Operations,DE,EMEA,Women,18-29,Individual contributor,6-10 years,Onsite,1,0,,,,,,,,,,,,,,,,,,,,
R00427,T018,Operations,DE,EMEA,Men,40-49,Manager,3-5 years,Remote,0,1,2026-05-05,9,4,5,5,3,4,3,3,3,5,4,5,5,4,4,5,5,3,3
R00428,T018,Operations,DE,EMEA,Non-binary / self-described,40-49,Individual contributor,1-2 years,Onsite,1,1,2026-05-12,4,3,5,3,4,4,3,2,2,3,4,3,4,5,5,5,3,2,2
R00429,T018,Operations,DE,EMEA,Men,50-59,Individual contributor,3-5 years,Onsite,0,1,2026-05-22,6,4,3,4,3,3,3,3,4,3,4,4,5,4,2,2,2,3,2
R00430,T018,Operations,DE,EMEA,Men,30-39,Individual contributor,3-5 years,Onsite,1,0,,,,,,,,,,,,,,,,,,,,
R00431,T018,Operations,DE,EMEA,Men,50-59,Individual contributor,3-5 years,Onsite,0,1,2026-05-09,10,4,3,3,3,5,4,5,5,5,5,4,4,4,3,3,5,5,5
R00432,T018,Operations,DE,EMEA,Men,18-29,Individual contributor,1-2 years,Onsite,1,0,,,,,,,,,,,,,,,,,,,,
R00433,T018,Operations,DE,EMEA,Men,18-29,Individual contributor,1-2 years,Onsite,0,0,,,,,,,,,,,,,,,,,,,,
R00434,T018,Operations,DE,EMEA,Men,50-59,Individual contributor,1-2 years,Onsite,1,1,2026-05-14,9,4,5,5,5,4,4,5,4,5,4,3,3,4,3,3,4,5,4
R00435,T018,Operations,DE,EMEA,Men,30-39,Individual contributor,10 years +,Onsite,1,0,,,,,,,,,,,,,,,,,,,,
R00436,T018,Operations,DE,EMEA,Men,40-49,Individual contributor,< 1 year,Onsite,1,1,2026-05-04,10,3,2,5,4,4,4,3,4,3,4,5,5,4,4,4,5,4,4
R00437,T019,Operations,CA,North America,Men,40-49,Individual contributor,1-2 years,Onsite,1,0,,,,,,,,,,,,,,,,,,,,
R00438,T019,Operations,CA,North America,Women,40-49,Individual contributor,1-2 years,Onsite,0,0,,,,,,,,,,,,,,,,,,,,
R00439,T019,Operations,CA,North America,Women,18-29,Individual contributor,< 1 year,Onsite,1,0,,,,,,,,,,,,,,,,,,,,
R00440,T019,Operations,CA,North America,Women,60+,Individual contributor,1-2 years,Onsite,0,1,2026-05-21,9,2,3,2,3,4,4,3,2,3,3,3,3,5,4,4,4,4,3
R00441,T019,Operations,CA,North America,Women,40-49,Manager,10 years +,Onsite,0,1,2026-05-07,9,4,4,3,3,5,4,2,2,3,3,4,4,4,3,3,4,4,4
R00442,T019,Operations,CA,North America,Men,60+,Individual contributor,< 1 year,Onsite,0,1,2026-05-06,8,5,4,5,4,2,3,4,4,5,1,1,1,5,5,5,5,4,4
R00443,T019,Operations,CA,North America,Women,50-59,Individual contributor,< 1 year,Onsite,1,1,2026-05-15,6,3,3,2,2,4,2,2,3,2,4,3,5,3,3,2,4,3,4
R00444,T019,Operations,CA,North America,Men,50-59,Individual contributor,1-2 years,Onsite,1,1,2026-05-16,10,4,5,3,2,2,2,3,3,3,2,3,1,3,4,3,3,3,4
R00445,T019,Operations,CA,North America,Women,30-39,Individual contributor,1-2 years,Onsite,1,1,2026-05-21,8,3,4,4,3,4,3,3,4,3,4,2,4,5,4,5,4,4,4
R00446,T019,Operations,CA,North America,Women,30-39,Individual contributor,6-10 years,Onsite,1,1,2026-05-05,5,3,4,4,2,4,2,3,2,2,4,3,3,4,4,4,4,3,3
R00447,T019,Operations,CA,North America,Women,30-39,Individual contributor,1-2 years,Onsite,1,1,2026-05-21,8,4,4,4,2,4,3,5,5,5,2,3,4,4,4,3,3,3,3
R00448,T019,Operations,CA,North America,Men,40-49,Individual contributor,10 years +,Onsite,1,0,,,,,,,,,,,,,,,,,,,,
R00449,T019,Operations,CA,North America,Women,18-29,Team lead,6-10 years,Onsite,1,1,2026-05-08,5,4,5,3,2,3,3,1,1,3,4,3,5,3,4,2,3,3,2
R00450,T019,Operations,CA,North America,Non-binary / self-described,18-29,Individual contributor,10 years +,Onsite,1,0,,,,,,,,,,,,,,,,,,,,
R00451,T019,Operations,CA,North America,Women,40-49,Individual contributor,< 1 year,Onsite,1,1,2026-05-11,8,5,5,5,4,5,4,3,4,5,5,4,4,4,4,4,4,4,4
R00452,T019,Operations,CA,North America,Men,50-59,Individual contributor,6-10 years,Onsite,1,1,2026-05-21,6,3,3,3,2,2,2,3,3,4,1,1,2,4,5,4,4,3,2
R00453,T019,Operations,CA,North America,Men,50-59,Individual contributor,10 years +,Onsite,0,0,,,,,,,,,,,,,,,,,,,,
R00454,T019,Operations,CA,North America,Women,50-59,Team lead,6-10 years,Onsite,1,1,2026-05-22,6,4,4,3,3,3,2,3,3,3,4,3,4,5,5,4,2,3,3
R00455,T019,Operations,CA,North America,Women,30-39,Individual contributor,10 years +,Onsite,1,1,2026-05-21,6,2,2,1,1,1,3,4,4,5,2,3,3,5,5,4,3,4,2
R00456,T019,Operations,CA,North America,Women,50-59,Individual contributor,< 1 year,Remote,0,0,,,,,,,,,,,,,,,,,,,,
R00457,T019,Operations,CA,North America,Men,30-39,Individual contributor,1-2 years,Remote,0,1,2026-05-12,4,4,5,4,2,4,3,2,3,3,3,3,4,2,3,2,2,3,3
R00458,T019,Operations,CA,North America,Women,40-49,Individual contributor,6-10 years,Onsite,1,0,,,,,,,,,,,,,,,,,,,,
R00459,T019,Operations,CA,North America,Men,30-39,Individual contributor,1-2 years,Onsite,1,1,2026-05-22,6,2,3,3,2,3,3,3,3,2,5,4,4,5,5,5,4,3,4
R00460,T019,Operations,CA,North America,Women,30-39,Individual contributor,3-5 years,Onsite,0,1,2026-05-04,9,4,4,4,4,4,3,4,3,4,3,4,3,4,4,4,5,4,4
R00461,T019,Operations,CA,North America,Women,40-49,Individual contributor,3-5 years,Onsite,1,1,2026-05-16,9,5,4,4,2,4,4,3,1,3,2,1,1,5,4,4,5,4,4
R00462,T019,Operations,CA,North America,Women,40-49,Individual contributor,10 years +,Hybrid,0,1,2026-05-15,7,4,3,3,4,3,3,3,2,2,1,1,2,4,5,3,4,4,3
R00463,T019,Operations,CA,North America,Women,18-29,Individual contributor,< 1 year,Onsite,1,0,,,,,,,,,,,,,,,,,,,,
R00464,T020,Operations,DE,EMEA,Men,30-39,Team lead,3-5 years,Onsite,1,1,2026-05-16,9,4,4,5,4,3,4,5,4,5,4,3,3,5,5,4,4,3,3
R00465,T020,Operations,DE,EMEA,Men,50-59,Individual contributor,10 years +,Onsite,1,1,2026-05-07,7,5,5,5,2,3,2,4,4,4,1,2,3,2,2,3,5,4,4
R00466,T020,Operations,DE,EMEA,Women,40-49,Individual contributor,< 1 year,Onsite,1,0,,,,,,,,,,,,,,,,,,,,
R00467,T020,Operations,DE,EMEA,Women,30-39,Individual contributor,3-5 years,Onsite,0,0,,,,,,,,,,,,,,,,,,,,
R00468,T020,Operations,DE,EMEA,Men,18-29,Individual contributor,3-5 years,Onsite,0,0,,,,,,,,,,,,,,,,,,,,
R00469,T020,Operations,DE,EMEA,Women,18-29,Individual contributor,3-5 years,Onsite,1,1,2026-05-05,8,4,4,3,2,2,2,4,3,5,3,3,4,5,4,4,4,4,3
R00470,T020,Operations,DE,EMEA,Women,18-29,Individual contributor,< 1 year,Remote,0,0,,,,,,,,,,,,,,,,,,,,
R00471,T020,Operations,DE,EMEA,Men,30-39,Team lead,6-10 years,Onsite,1,0,,,,,,,,,,,,,,,,,,,,
R00472,T020,Operations,DE,EMEA,Women,30-39,Individual contributor,< 1 year,Onsite,0,1,2026-05-11,6,3,3,3,2,2,3,4,4,5,3,2,4,5,5,4,4,4,3
R00473,T020,Operations,DE,EMEA,Women,40-49,Individual contributor,1-2 years,Onsite,1,0,,,,,,,,,,,,,,,,,,,,
R00474,T020,Operations,DE,EMEA,Men,60+,Team lead,< 1 year,Onsite,0,1,2026-05-20,9,5,5,4,3,3,3,4,4,4,3,3,4,4,5,4,5,4,5
R00475,T020,Operations,DE,EMEA,Women,30-39,Individual contributor,< 1 year,Onsite,1,1,2026-05-04,7,5,4,5,3,2,2,2,2,2,2,3,3,5,5,5,5,3,3
R00476,T020,Operations,DE,EMEA,Women,40-49,Individual contributor,10 years +,Onsite,1,1,2026-05-15,6,2,3,3,3,2,2,4,4,3,3,3,2,4,5,5,3,2,4
R00477,T020,Operations,DE,EMEA,Women,30-39,Individual contributor,1-2 years,Hybrid,0,1,2026-05-22,4,3,4,3,5,5,5,1,2,2,3,2,2,4,4,2,3,2,1
R00478,T020,Operations,DE,EMEA,Women,50-59,Individual contributor,< 1 year,Onsite,1,0,,,,,,,,,,,,,,,,,,,,
R00479,T020,Operations,DE,EMEA,Women,30-39,Individual contributor,1-2 years,Onsite,1,1,2026-05-10,8,5,4,4,3,4,3,3,2,5,2,2,3,5,5,4,5,4,4
R00480,T020,Operations,DE,EMEA,Women,50-59,Individual contributor,1-2 years,Onsite,0,0,,,,,,,,,,,,,,,,,,,,
R00481,T020,Operations,DE,EMEA,Men,30-39,Individual contributor,3-5 years,Onsite,1,1,2026-05-13,6,5,4,5,4,4,3,5,4,4,2,3,2,5,5,5,3,4,4
R00482,T020,Operations,DE,EMEA,Women,18-29,Team lead,3-5 years,Onsite,1,0,,,,,,,,,,,,,,,,,,,,
R00483,T020,Operations,DE,EMEA,Women,50-59,Manager,1-2 years,Onsite,0,0,,,,,,,,,,,,,,,,,,,,
R00484,T020,Operations,DE,EMEA,Non-binary / self-described,60+,Team lead,< 1 year,Onsite,0,1,2026-05-04,8,4,5,5,4,5,3,4,3,4,2,2,3,5,4,5,4,3,3
R00485,T020,Operations,DE,EMEA,Men,50-59,Individual contributor,1-2 years,Onsite,1,1,2026-05-20,10,5,4,4,2,4,3,4,3,4,3,3,4,5,5,5,4,5,4
R00486,T021,Operations,SG,APAC,Women,18-29,Individual contributor,3-5 years,Onsite,1,1,2026-05-12,8,3,3,4,4,5,5,4,3,5,3,3,4,5,5,5,4,3,4
R00487,T021,Operations,SG,APAC,Men,18-29,Team lead,6-10 years,Onsite,1,0,,,,,,,,,,,,,,,,,,,,
R00488,T021,Operations,SG,APAC,Men,30-39,Team lead,3-5 years,Onsite,1,0,,,,,,,,,,,,,,,,,,,,
R00489,T021,Operations,SG,APAC,Men,18-29,Individual contributor,3-5 years,Hybrid,0,1,2026-05-04,7,5,5,5,3,3,4,5,5,5,2,2,4,4,5,5,4,4,4
R00490,T021,Operations,SG,APAC,Non-binary / self-described,50-59,Manager,6-10 years,Onsite,1,1,2026-05-15,10,5,4,3,5,4,4,3,5,4,4,5,5,4,4,2,5,3,5
R00491,T021,Operations,SG,APAC,Men,50-59,Individual contributor,10 years +,Onsite,1,0,,,,,,,,,,,,,,,,,,,,
R00492,T021,Operations,SG,APAC,Men,30-39,Individual contributor,6-10 years,Onsite,1,1,2026-05-22,7,3,4,3,2,3,4,2,5,3,4,4,4,5,5,4,5,4,4
R00493,T021,Operations,SG,APAC,Women,30-39,Individual contributor,6-10 years,Onsite,1,1,2026-05-08,10,5,4,3,3,2,3,4,4,5,4,2,2,5,4,4,5,5,5
R00494,T021,Operations,SG,APAC,Men,60+,Individual contributor,1-2 years,Onsite,0,0,,,,,,,,,,,,,,,,,,,,
R00495,T021,Operations,SG,APAC,Women,18-29,Individual contributor,1-2 years,Onsite,1,0,,,,,,,,,,,,,,,,,,,,
R00496,T021,Operations,SG,APAC,Men,50-59,Individual contributor,10 years +,Hybrid,0,1,2026-05-20,9,4,4,4,3,3,3,4,3,3,3,3,3,4,5,4,4,4,3
R00497,T021,Operations,SG,APAC,Men,40-49,Individual contributor,< 1 year,Onsite,1,1,2026-05-19,7,5,5,4,3,4,4,3,4,4,3,3,3,4,5,4,3,2,5
R00498,T021,Operations,SG,APAC,Women,40-49,Individual contributor,1-2 years,Onsite,1,0,,,,,,,,,,,,,,,,,,,,
R00499,T021,Operations,SG,APAC,Women,50-59,Individual contributor,1-2 years,Onsite,1,0,,,,,,,,,,,,,,,,,,,,
R00500,T021,Operations,SG,APAC,Women,30-39,Individual contributor,6-10 years,Onsite,0,1,2026-05-20,6,4,3,4,3,3,3,2,4,3,4,5,4,3,5,4,3,4,3
R00501,T022,Operations,IN,APAC,Women,40-49,Individual contributor,1-2 years,Onsite,0,0,,,,,,,,,,,,,,,,,,,,
R00502,T022,Operations,IN,APAC,Women,18-29,Individual contributor,10 years +,Onsite,1,1,2026-05-16,8,5,5,3,4,4,2,5,3,5,4,2,3,4,2,1,4,5,2
R00503,T022,Operations,IN,APAC,Men,18-29,Individual contributor,3-5 years,Onsite,1,0,,,,,,,,,,,,,,,,,,,,
R00504,T022,Operations,IN,APAC,Men,30-39,Individual contributor,6-10 years,Onsite,1,0,,,,,,,,,,,,,,,,,,,,
R00505,T022,Operations,IN,APAC,Men,60+,Individual contributor,1-2 years,Onsite,0,0,,,,,,,,,,,,,,,,,,,,
R00506,T022,Operations,IN,APAC,Women,30-39,Team lead,3-5 years,Remote,0,1,2026-05-16,9,3,4,4,3,4,4,3,1,4,3,3,2,3,4,4,5,5,3
R00507,T022,Operations,IN,APAC,Women,30-39,Individual contributor,6-10 years,Hybrid,0,1,2026-05-04,9,5,4,5,2,3,4,3,4,4,4,4,4,3,5,4,4,4,3
R00508,T022,Operations,IN,APAC,Women,18-29,Individual contributor,3-5 years,Onsite,1,1,2026-05-05,8,3,4,4,2,3,3,2,1,3,3,3,4,3,4,3,4,5,2
R00509,T022,Operations,IN,APAC,Women,18-29,Individual contributor,1-2 years,Onsite,0,0,,,,,,,,,,,,,,,,,,,,
R00510,T022,Operations,IN,APAC,Men,18-29,Individual contributor,10 years +,Hybrid,0,1,2026-05-22,6,4,4,4,2,2,3,3,3,4,4,2,3,3,3,3,2,3,3
R00511,T022,Operations,IN,APAC,Men,60+,Individual contributor,3-5 years,Onsite,1,1,2026-05-04,6,2,2,1,3,4,3,3,5,5,4,2,4,3,5,3,3,4,3
R00512,T022,Operations,IN,APAC,Women,30-39,Individual contributor,1-2 years,Hybrid,0,1,2026-05-05,6,4,2,3,2,1,2,2,2,3,3,4,3,4,4,4,3,3,2
R00513,T022,Operations,IN,APAC,Men,18-29,Individual contributor,< 1 year,Onsite,0,1,2026-05-15,7,4,4,4,4,4,4,2,3,3,3,3,2,3,4,4,4,4,3
R00514,T022,Operations,IN,APAC,Men,50-59,Team lead,3-5 years,Onsite,1,0,,,,,,,,,,,,,,,,,,,,
R00515,T022,Operations,IN,APAC,Men,50-59,Individual contributor,6-10 years,Onsite,1,0,,,,,,,,,,,,,,,,,,,,
R00516,T022,Operations,IN,APAC,Women,30-39,Individual contributor,1-2 years,Onsite,1,1,2026-05-15,8,4,4,3,3,2,4,2,3,3,3,4,4,2,3,2,4,4,3
R00517,T022,Operations,IN,APAC,Men,40-49,Individual contributor,3-5 years,Remote,0,0,,,,,,,,,,,,,,,,,,,,
R00518,T022,Operations,IN,APAC,Men,30-39,Team lead,3-5 years,Onsite,0,0,,,,,,,,,,,,,,,,,,,,
R00519,T023,Operations,US,North America,Women,50-59,Individual contributor,1-2 years,Onsite,1,1,2026-05-22,5,1,2,3,3,3,2,2,2,4,4,4,4,3,4,4,3,2,2
R00520,T023,Operations,US,North America,Women,50-59,Team lead,< 1 year,Onsite,0,0,,,,,,,,,,,,,,,,,,,,
R00521,T023,Operations,US,North America,Men,50-59,Individual contributor,1-2 years,Onsite,1,1,2026-05-21,6,4,4,3,4,3,3,2,2,2,3,2,2,5,4,5,4,3,3
R00522,T023,Operations,US,North America,Men,40-49,Individual contributor,1-2 years,Onsite,1,1,2026-05-12,6,4,4,3,4,2,3,4,3,4,2,3,4,3,3,2,3,4,4
R00523,T023,Operations,US,North America,Women,50-59,Individual contributor,3-5 years,Onsite,1,0,,,,,,,,,,,,,,,,,,,,
R00524,T023,Operations,US,North America,Women,40-49,Team lead,< 1 year,Onsite,1,0,,,,,,,,,,,,,,,,,,,,
R00525,T023,Operations,US,North America,Men,40-49,Individual contributor,3-5 years,Onsite,1,1,2026-05-18,7,4,3,3,4,4,4,1,1,2,5,4,5,3,3,3,4,5,4
R00526,T023,Operations,US,North America,Men,18-29,Individual contributor,10 years +,Hybrid,0,1,2026-05-15,6,2,2,2,2,1,4,3,2,3,3,3,4,4,4,3,4,2,2
R00527,T023,Operations,US,North America,Women,18-29,Individual contributor,3-5 years,Onsite,0,0,,,,,,,,,,,,,,,,,,,,
R00528,T023,Operations,US,North America,Women,40-49,Individual contributor,10 years +,Onsite,0,1,2026-05-07,7,3,3,2,5,5,5,2,1,2,4,3,5,4,5,5,5,4,4
R00529,T023,Operations,US,North America,Women,50-59,Individual contributor,6-10 years,Onsite,0,0,,,,,,,,,,,,,,,,,,,,
R00530,T023,Operations,US,North America,Women,50-59,Team lead,3-5 years,Onsite,1,0,,,,,,,,,,,,,,,,,,,,
R00531,T023,Operations,US,North America,Women,40-49,Individual contributor,3-5 years,Onsite,1,0,,,,,,,,,,,,,,,,,,,,
R00532,T023,Operations,US,North America,Women,30-39,Individual contributor,< 1 year,Onsite,1,0,,,,,,,,,,,,,,,,,,,,
R00533,T023,Operations,US,North America,Women,50-59,Individual contributor,1-2 years,Onsite,0,1,2026-05-10,6,4,4,3,5,4,4,3,3,4,3,3,4,4,3,3,3,2,3
R00534,T023,Operations,US,North America,Women,18-29,Manager,3-5 years,Onsite,1,1,2026-05-04,6,3,3,3,5,5,5,1,1,2,4,2,4,5,4,3,3,3,3
R00535,T023,Operations,US,North America,Women,50-59,Individual contributor,< 1 year,Onsite,0,1,2026-05-06,4,4,4,4,1,2,3,2,2,2,5,3,4,3,3,3,4,3,3
R00536,T023,Operations,US,North America,Men,18-29,Individual contributor,< 1 year,Onsite,0,1,2026-05-06,6,3,3,4,3,3,4,2,1,2,3,3,4,4,4,4,5,4,3
R00537,T023,Operations,US,North America,Men,30-39,Individual contributor,6-10 years,Onsite,1,1,2026-05-07,8,2,2,2,4,3,4,3,3,3,3,2,2,4,2,2,3,3,4
R00538,T023,Operations,US,North America,Men,30-39,Individual contributor,< 1 year,Onsite,1,0,,,,,,,,,,,,,,,,,,,,
R00539,T023,Operations,US,North America,Non-binary / self-described,30-39,Individual contributor,< 1 year,Onsite,1,1,2026-05-05,7,2,3,3,4,4,5,3,3,4,5,5,4,3,4,3,2,4,3
R00540,T023,Operations,US,North America,Women,50-59,Individual contributor,1-2 years,Hybrid,0,1,2026-05-06,8,2,2,2,4,3,4,3,3,2,4,2,4,3,3,2,4,3,4
R00541,T023,Operations,US,North America,Women,40-49,Team lead,3-5 years,Onsite,1,1,2026-05-11,8,4,5,3,1,2,3,3,3,4,4,4,5,1,2,2,5,3,3
R00542,T023,Operations,US,North America,Non-binary / self-described,50-59,Individual contributor,1-2 years,Remote,0,1,2026-05-22,8,5,5,4,5,5,4,2,3,3,3,4,5,3,2,2,5,3,3
R00543,T023,Operations,US,North America,Men,40-49,Individual contributor,< 1 year,Onsite,1,1,2026-05-21,3,4,4,4,2,4,3,2,3,1,2,3,2,2,3,2,3,2,3
R00544,T023,Operations,US,North America,Men,50-59,Team lead,6-10 years,Remote,0,1,2026-05-22,7,4,5,5,4,4,3,3,3,4,3,4,4,3,4,4,4,5,4
R00545,T023,Operations,US,North America,Men,30-39,Team lead,6-10 years,Onsite,1,0,,,,,,,,,,,,,,,,,,,,
R00546,T023,Operations,US,North America,Women,18-29,Individual contributor,3-5 years,Onsite,1,0,,,,,,,,,,,,,,,,,,,,
R00547,T023,Operations,US,North America,Women,30-39,Individual contributor,3-5 years,Onsite,1,1,2026-05-15,3,2,3,3,2,3,3,3,3,3,2,3,3,1,1,1,1,1,1
R00548,T023,Operations,US,North America,Women,30-39,Individual contributor,3-5 years,Onsite,1,0,,,,,,,,,,,,,,,,,,,,
R00549,T023,Operations,US,North America,Women,40-49,Manager,3-5 years,Onsite,1,1,2026-05-16,7,4,4,4,5,4,5,3,3,4,5,5,5,5,4,4,4,4,5
R00550,T023,Operations,US,North America,Men,30-39,Team lead,6-10 years,Onsite,0,1,2026-05-07,9,2,3,3,4,3,3,4,3,4,4,3,2,5,5,4,5,4,4
R00551,T023,Operations,US,North America,Men,30-39,Individual contributor,6-10 years,Hybrid,0,1,2026-05-22,6,3,4,4,2,3,3,4,3,4,3,2,4,4,3,5,5,5,4
R00552,T023,Operations,US,North America,Men,30-39,Individual contributor,6-10 years,Onsite,0,1,2026-05-12,8,3,4,4,3,3,3,4,4,4,2,3,3,4,4,4,4,4,4
R00553,T023,Operations,US,North America,Men,18-29,Team lead,6-10 years,Onsite,0,1,2026-05-16,7,4,4,4,4,3,2,5,5,5,4,3,3,3,3,3,5,3,4
R00554,T023,Operations,US,North America,Men,40-49,Team lead,1-2 years,Onsite,1,1,2026-05-04,7,5,5,4,4,3,3,4,3,3,3,4,4,5,5,4,5,4,5
R00555,T023,Operations,US,North America,Women,30-39,Individual contributor,10 years +,Onsite,0,1,2026-05-16,7,2,2,2,2,3,2,2,2,2,2,2,4,2,3,4,2,2,1
R00556,T023,Operations,US,North America,Men,50-59,Individual contributor,6-10 years,Onsite,1,1,2026-05-15,9,4,4,3,3,4,3,3,4,4,3,3,4,3,4,4,3,2,3
R00557,T023,Operations,US,North America,Women,50-59,Individual contributor,3-5 years,Onsite,1,1,2026-05-07,8,3,4,3,5,3,4,3,5,4,3,3,4,5,4,4,5,5,3
R00558,T023,Operations,US,North America,Men,18-29,Individual contributor,3-5 years,Onsite,1,1,2026-05-17,8,1,2,2,4,4,4,3,3,2,3,4,2,3,2,3,3,3,3
R00559,T023,Operations,US,North America,Women,40-49,Individual contributor,6-10 years,Onsite,1,1,2026-05-15,6,3,4,3,2,4,3,3,2,3,3,2,4,3,3,3,4,3,3
R00560,T023,Operations,US,North America,Women,60+,Individual contributor,3-5 years,Onsite,1,0,,,,,,,,,,,,,,,,,,,,
R00561,T023,Operations,US,North America,Men,50-59,Team lead,6-10 years,Onsite,1,0,,,,,,,,,,,,,,,,,,,,
R00562,T023,Operations,US,North America,Women,40-49,Individual contributor,1-2 years,Onsite,1,1,2026-05-05,7,3,4,2,3,4,5,4,4,4,2,3,5,2,5,3,5,5,4
R00563,T023,Operations,US,North America,Women,18-29,Team lead,1-2 years,Onsite,0,1,2026-05-15,7,3,4,3,3,2,3,4,2,3,3,4,5,4,4,3,3,3,3
R00564,T023,Operations,US,North America,Men,60+,Individual contributor,10 years +,Hybrid,0,1,2026-05-06,6,2,3,1,4,5,5,1,2,3,3,3,4,4,4,3,3,3,2
R00565,T023,Operations,US,North America,Men,30-39,Individual contributor,1-2 years,Onsite,1,1,2026-05-20,9,2,2,2,4,3,3,3,3,3,4,3,4,4,4,4,4,3,4
R00566,T023,Operations,US,North America,Men,50-59,Individual contributor,< 1 year,Onsite,0,1,2026-05-14,8,3,4,3,2,2,4,5,5,5,5,4,4,4,3,2,5,2,4
R00567,T023,Operations,US,North America,Women,18-29,Individual contributor,10 years +,Onsite,1,1,2026-05-21,8,4,5,5,4,3,5,2,3,1,4,3,4,4,4,5,3,3,3
R00568,T024,Operations,CA,North America,Women,30-39,Individual contributor,1-2 years,Hybrid,0,1,2026-05-20,7,3,5,5,3,3,3,2,2,4,3,3,4,5,4,4,4,3,3
R00569,T024,Operations,CA,North America,Women,30-39,Individual contributor,6-10 years,Onsite,0,0,,,,,,,,,,,,,,,,,,,,
R00570,T024,Operations,CA,North America,Men,18-29,Team lead,1-2 years,Onsite,0,0,,,,,,,,,,,,,,,,,,,,
R00571,T024,Operations,CA,North America,Women,30-39,Team lead,10 years +,Remote,0,1,2026-05-11,8,5,5,4,1,3,1,3,3,3,4,5,3,4,4,4,5,4,3
R00572,T024,Operations,CA,North America,Men,18-29,Individual contributor,6-10 years,Hybrid,0,0,,,,,,,,,,,,,,,,,,,,
R00573,T024,Operations,CA,North America,Men,50-59,Team lead,3-5 years,Hybrid,0,1,2026-05-13,6,2,3,3,4,4,5,2,2,3,3,2,3,4,4,5,4,4,2
R00574,T024,Operations,CA,North America,Women,30-39,Individual contributor,3-5 years,Onsite,1,0,,,,,,,,,,,,,,,,,,,,
R00575,T024,Operations,CA,North America,Women,40-49,Team lead,6-10 years,Onsite,0,0,,,,,,,,,,,,,,,,,,,,
R00576,T024,Operations,CA,North America,Women,30-39,Team lead,6-10 years,Onsite,0,1,2026-05-15,7,4,4,3,2,2,2,4,4,4,3,4,3,5,3,3,3,4,4
R00577,T024,Operations,CA,North America,Women,18-29,Individual contributor,3-5 years,Hybrid,0,1,2026-05-11,8,4,4,3,3,3,4,3,3,3,4,2,3,5,3,3,5,4,3
R00578,T025,Operations,DE,EMEA,Women,18-29,Individual contributor,6-10 years,Onsite,0,1,2026-05-05,8,4,3,3,4,5,2,5,5,5,1,1,2,4,5,4,4,3,4
R00579,T025,Operations,DE,EMEA,Women,30-39,Individual contributor,10 years +,Hybrid,0,1,2026-05-10,7,5,5,5,3,4,3,4,4,5,3,4,3,5,5,5,5,5,3
R00580,T025,Operations,DE,EMEA,Men,18-29,Team lead,3-5 years,Hybrid,0,1,2026-05-22,6,5,5,4,3,4,3,4,3,4,4,4,4,5,5,4,5,4,2
R00581,T025,Operations,DE,EMEA,Non-binary / self-described,60+,Team lead,6-10 years,Onsite,0,1,2026-05-06,8,2,3,3,2,4,4,4,4,5,3,4,4,5,4,4,4,5,5
R00582,T025,Operations,DE,EMEA,Women,30-39,Individual contributor,6-10 years,Onsite,1,0,,,,,,,,,,,,,,,,,,,,
R00583,T025,Operations,DE,EMEA,Women,30-39,Individual contributor,1-2 years,Onsite,1,1,2026-05-22,9,4,4,4,3,4,4,4,4,4,3,3,4,5,5,5,5,5,5
R00584,T025,Operations,DE,EMEA,Women,50-59,Individual contributor,10 years +,Hybrid,0,1,2026-05-04,7,3,4,3,3,4,3,4,4,4,4,2,5,5,5,5,4,3,4
R00585,T025,Operations,DE,EMEA,Men,50-59,Team lead,3-5 years,Onsite,1,0,,,,,,,,,,,,,,,,,,,,
R00586,T025,Operations,DE,EMEA,Men,30-39,Individual contributor,1-2 years,Onsite,1,0,,,,,,,,,,,,,,,,,,,,
R00587,T025,Operations,DE,EMEA,Men,30-39,Individual contributor,3-5 years,Onsite,1,1,2026-05-07,9,3,4,4,3,1,3,5,5,5,4,4,3,5,5,4,4,4,4
R00588,T025,Operations,DE,EMEA,Women,18-29,Manager,3-5 years,Hybrid,0,1,2026-05-05,10,5,3,4,4,3,4,4,2,4,4,4,4,5,4,5,5,5,4
R00589,T025,Operations,DE,EMEA,Women,30-39,Individual contributor,< 1 year,Onsite,1,1,2026-05-05,9,5,5,4,3,4,5,4,3,5,3,4,2,5,5,5,5,3,4
R00590,T025,Operations,DE,EMEA,Men,18-29,Individual contributor,10 years +,Onsite,0,0,,,,,,,,,,,,,,,,,,,,
R00591,T025,Operations,DE,EMEA,Men,50-59,Individual contributor,1-2 years,Onsite,0,0,,,,,,,,,,,,,,,,,,,,
R00592,T025,Operations,DE,EMEA,Women,30-39,Individual contributor,1-2 years,Onsite,0,1,2026-05-18,9,3,4,2,3,5,4,4,4,5,4,3,2,4,3,3,4,5,4
R00593,T025,Operations,DE,EMEA,Men,30-39,Individual contributor,1-2 years,Onsite,1,0,,,,,,,,,,,,,,,,,,,,
R00594,T025,Operations,DE,EMEA,Non-binary / self-described,40-49,Manager,6-10 years,Onsite,1,0,,,,,,,,,,,,,,,,,,,,
R00595,T025,Operations,DE,EMEA,Men,40-49,Team lead,6-10 years,Onsite,0,1,2026-05-21,7,4,3,4,4,4,3,5,5,5,2,1,2,5,5,5,4,4,3
R00596,T025,Operations,DE,EMEA,Men,18-29,Team lead,6-10 years,Onsite,1,1,2026-05-21,8,4,4,4,4,5,4,3,2,4,3,4,5,5,4,5,4,3,2
R00597,T025,Operations,DE,EMEA,Men,18-29,Manager,3-5 years,Onsite,1,1,2026-05-07,9,3,4,4,4,3,2,5,4,5,3,2,2,5,5,4,5,4,4
R00598,T025,Operations,DE,EMEA,Men,30-39,Team lead,1-2 years,Onsite,1,1,2026-05-17,4,4,4,4,3,4,3,5,5,4,2,3,3,4,5,3,2,2,4
R00599,T025,Operations,DE,EMEA,Men,18-29,Individual contributor,< 1 year,Onsite,1,0,,,,,,,,,,,,,,,,,,,,
R00600,T026,Operations,SG,APAC,Women,40-49,Manager,1-2 years,Onsite,0,1,2026-05-16,8,5,5,4,3,2,2,4,4,4,5,5,5,4,4,4,5,3,5
R00601,T026,Operations,SG,APAC,Non-binary / self-described,30-39,Individual contributor,1-2 years,Onsite,1,1,2026-05-16,8,3,4,2,4,4,5,4,3,3,3,3,3,3,4,3,4,2,2
R00602,T026,Operations,SG,APAC,Men,18-29,Individual contributor,1-2 years,Onsite,1,1,2026-05-08,8,5,5,5,5,4,5,3,3,3,3,3,4,4,4,3,5,4,3
R00603,T026,Operations,SG,APAC,Men,18-29,Individual contributor,< 1 year,Onsite,1,1,2026-05-14,6,4,4,4,2,4,3,4,3,4,4,2,4,5,5,5,3,4,4
R00604,T026,Operations,SG,APAC,Women,30-39,Individual contributor,3-5 years,Onsite,1,0,,,,,,,,,,,,,,,,,,,,
R00605,T026,Operations,SG,APAC,Women,50-59,Individual contributor,1-2 years,Onsite,1,0,,,,,,,,,,,,,,,,,,,,
R00606,T026,Operations,SG,APAC,Men,40-49,Individual contributor,< 1 year,Onsite,1,1,2026-05-06,10,5,5,3,4,4,3,3,5,4,2,3,4,4,3,2,4,5,4
R00607,T026,Operations,SG,APAC,Men,40-49,Individual contributor,6-10 years,Onsite,0,0,,,,,,,,,,,,,,,,,,,,
R00608,T026,Operations,SG,APAC,Women,18-29,Individual contributor,3-5 years,Onsite,1,1,2026-05-22,6,3,4,3,4,4,4,2,1,3,3,2,3,4,5,4,3,3,3
R00609,T026,Operations,SG,APAC,Women,18-29,Individual contributor,< 1 year,Hybrid,0,1,2026-05-17,9,4,4,4,4,5,5,2,4,2,3,2,4,5,5,5,4,5,4
R00610,T026,Operations,SG,APAC,Women,40-49,Individual contributor,< 1 year,Onsite,1,0,,,,,,,,,,,,,,,,,,,,
R00611,T027,Operations,IN,APAC,Men,18-29,Team lead,1-2 years,Onsite,1,0,,,,,,,,,,,,,,,,,,,,
R00612,T027,Operations,IN,APAC,Women,18-29,Team lead,< 1 year,Onsite,1,1,2026-05-14,8,3,4,4,4,3,3,4,4,5,3,4,3,5,5,5,5,4,5
R00613,T027,Operations,IN,APAC,Women,18-29,Team lead,3-5 years,Remote,0,1,2026-05-06,6,3,3,3,5,4,5,4,4,4,4,3,5,5,4,4,4,4,2
R00614,T027,Operations,IN,APAC,Women,30-39,Individual contributor,10 years +,Onsite,1,0,,,,,,,,,,,,,,,,,,,,
R00615,T028,Operations,US,North America,Men,40-49,Individual contributor,1-2 years,Onsite,1,1,2026-05-14,10,5,5,5,5,4,3,5,4,5,3,4,3,4,4,5,5,4,5
R00616,T028,Operations,US,North America,Women,50-59,Individual contributor,6-10 years,Hybrid,0,1,2026-05-14,8,4,4,4,4,3,4,3,1,4,5,5,5,4,4,4,5,4,4
R00617,T028,Operations,US,North America,Women,40-49,Individual contributor,6-10 years,Hybrid,0,1,2026-05-22,9,5,5,5,4,5,5,3,3,4,4,2,4,3,4,4,4,3,4
R00618,T028,Operations,US,North America,Men,50-59,Individual contributor,6-10 years,Onsite,1,1,2026-05-21,4,4,5,3,3,4,4,4,3,4,4,5,4,5,3,4,5,5,3
R00619,T028,Operations,US,North America,Men,18-29,Individual contributor,3-5 years,Onsite,1,1,2026-05-22,6,5,4,4,4,3,4,2,1,2,2,2,3,5,5,5,4,4,4
R00620,T028,Operations,US,North America,Women,30-39,Individual contributor,< 1 year,Onsite,1,1,2026-05-07,9,4,4,3,5,4,5,3,5,4,4,4,3,4,4,3,4,4,2
R00621,T028,Operations,US,North America,Men,40-49,Individual contributor,3-5 years,Onsite,1,1,2026-05-06,10,5,5,5,3,4,3,3,3,4,2,3,3,5,5,5,3,4,4
R00622,T028,Operations,US,North America,Men,30-39,Individual contributor,1-2 years,Onsite,1,1,2026-05-05,9,5,4,3,3,4,5,4,4,5,4,4,3,5,5,5,5,3,5
R00623,T028,Operations,US,North America,Women,50-59,Individual contributor,3-5 years,Onsite,0,0,,,,,,,,,,,,,,,,,,,,
R00624,T028,Operations,US,North America,Men,50-59,Senior leader,3-5 years,Onsite,1,1,2026-05-07,10,3,4,3,4,5,5,4,4,4,4,4,3,5,5,5,4,5,5
R00625,T028,Operations,US,North America,Women,18-29,Manager,10 years +,Onsite,0,1,2026-05-20,7,3,4,5,4,5,4,4,3,5,3,3,4,5,3,4,4,4,4
R00626,T028,Operations,US,North America,Men,30-39,Team lead,3-5 years,Onsite,1,1,2026-05-21,7,4,3,4,5,5,5,5,3,4,4,3,4,5,5,5,5,5,5
R00627,T028,Operations,US,North America,Women,50-59,Team lead,< 1 year,Onsite,1,0,,,,,,,,,,,,,,,,,,,,
R00628,T028,Operations,US,North America,Women,40-49,Individual contributor,3-5 years,Onsite,1,0,,,,,,,,,,,,,,,,,,,,
R00629,T028,Operations,US,North America,Women,60+,Individual contributor,6-10 years,Onsite,1,0,,,,,,,,,,,,,,,,,,,,
R00630,T028,Operations,US,North America,Women,30-39,Individual contributor,10 years +,Onsite,0,1,2026-05-22,4,3,5,4,4,5,5,3,3,3,3,4,4,4,3,3,4,5,4
R00631,T028,Operations,US,North America,Men,40-49,Individual contributor,< 1 year,Onsite,1,1,2026-05-20,8,4,4,3,4,5,4,5,5,5,4,3,4,5,5,5,4,5,4
R00632,T028,Operations,US,North America,Women,30-39,Individual contributor,3-5 years,Onsite,1,1,2026-05-21,9,5,4,3,4,4,5,5,3,5,2,2,2,5,4,4,4,4,5
R00633,T028,Operations,US,North America,Men,40-49,Manager,10 years +,Onsite,1,1,2026-05-17,9,5,5,5,4,4,4,4,4,4,5,4,5,5,4,5,5,5,5
R00634,T028,Operations,US,North America,Men,50-59,Manager,1-2 years,Onsite,1,1,2026-05-22,10,5,5,5,4,4,2,5,3,4,2,4,3,4,4,3,5,5,5
R00635,T028,Operations,US,North America,Women,40-49,Individual contributor,3-5 years,Onsite,1,1,2026-05-21,8,4,4,3,3,3,4,3,3,3,3,4,3,5,5,5,5,3,3
R00636,T028,Operations,US,North America,Men,40-49,Manager,10 years +,Onsite,0,0,,,,,,,,,,,,,,,,,,,,
R00637,T028,Operations,US,North America,Men,18-29,Individual contributor,1-2 years,Onsite,1,1,2026-05-14,7,5,5,5,2,3,3,4,2,5,3,2,5,4,4,4,4,4,3
R00638,T028,Operations,US,North America,Men,60+,Individual contributor,1-2 years,Onsite,0,1,2026-05-04,10,4,5,3,3,1,4,4,4,3,5,4,4,5,4,4,4,4,3
R00639,T028,Operations,US,North America,Non-binary / self-described,18-29,Individual contributor,1-2 years,Onsite,1,1,2026-05-15,8,3,3,1,3,2,4,5,4,5,3,4,3,5,5,5,5,3,4
R00640,T028,Operations,US,North America,Men,18-29,Individual contributor,6-10 years,Onsite,1,1,2026-05-15,7,4,5,4,4,4,5,5,4,5,4,4,3,5,4,4,4,3,2
R00641,T028,Operations,US,North America,Women,40-49,Individual contributor,1-2 years,Onsite,1,1,2026-05-04,7,4,3,3,4,4,4,4,4,3,4,4,4,4,4,3,4,4,2
R00642,T028,Operations,US,North America,Men,30-39,Team lead,1-2 years,Onsite,1,0,,,,,,,,,,,,,,,,,,,,
R00643,T028,Operations,US,North America,Men,40-49,Team lead,1-2 years,Onsite,1,0,,,,,,,,,,,,,,,,,,,,
R00644,T028,Operations,US,North America,Men,18-29,Senior leader,1-2 years,Onsite,1,0,,,,,,,,,,,,,,,,,,,,
R00645,T028,Operations,US,North America,Men,30-39,Individual contributor,3-5 years,Onsite,1,1,2026-05-19,7,4,5,3,3,4,3,2,3,3,4,3,3,3,4,3,3,4,3
R00646,T028,Operations,US,North America,Men,18-29,Individual contributor,1-2 years,Onsite,1,1,2026-05-17,6,5,4,3,2,4,3,4,4,4,5,3,5,5,5,4,3,3,3
R00647,T028,Operations,US,North America,Women,40-49,Individual contributor,< 1 year,Onsite,1,1,2026-05-20,7,5,5,5,5,5,4,3,4,4,3,2,3,4,4,2,5,5,4
R00648,T028,Operations,US,North America,Women,30-39,Team lead,< 1 year,Onsite,1,1,2026-05-04,9,5,4,5,5,4,4,4,5,5,4,4,5,5,5,5,5,4,3
R00649,T028,Operations,US,North America,Women,30-39,Individual contributor,6-10 years,Onsite,1,0,,,,,,,,,,,,,,,,,,,,
R00650,T028,Operations,US,North America,Women,30-39,Individual contributor,1-2 years,Onsite,1,1,2026-05-04,9,3,3,5,5,3,3,4,4,5,3,4,5,5,5,5,4,5,3
R00651,T028,Operations,US,North America,Men,40-49,Individual contributor,1-2 years,Onsite,1,0,,,,,,,,,,,,,,,,,,,,
R00652,T028,Operations,US,North America,Men,30-39,Individual contributor,1-2 years,Onsite,1,1,2026-05-21,10,5,5,5,2,4,3,3,4,3,5,5,5,5,5,5,5,4,5
R00653,T028,Operations,US,North America,Men,40-49,Team lead,1-2 years,Hybrid,0,1,2026-05-04,8,5,5,5,5,5,5,4,3,4,4,5,5,5,4,5,4,4,3
R00654,T028,Operations,US,North America,Men,18-29,Individual contributor,1-2 years,Onsite,1,1,2026-05-22,6,5,4,5,5,5,4,2,4,4,4,3,4,4,3,5,5,3,3
R00655,T028,Operations,US,North America,Men,50-59,Individual contributor,< 1 year,Hybrid,0,1,2026-05-18,9,4,5,5,4,5,4,4,4,5,5,5,5,5,5,5,5,5,4
R00656,T028,Operations,US,North America,Women,50-59,Individual contributor,10 years +,Onsite,1,0,,,,,,,,,,,,,,,,,,,,
R00657,T029,Operations,IN,APAC,Men,30-39,Individual contributor,1-2 years,Onsite,1,0,,,,,,,,,,,,,,,,,,,,
R00658,T029,Operations,IN,APAC,Women,18-29,Individual contributor,6-10 years,Onsite,1,0,,,,,,,,,,,,,,,,,,,,
R00659,T029,Operations,IN,APAC,Men,30-39,Individual contributor,< 1 year,Onsite,1,1,2026-05-22,10,2,2,2,2,3,2,2,4,3,2,2,4,5,4,5,4,5,4
R00660,T029,Operations,IN,APAC,Women,40-49,Individual contributor,1-2 years,Onsite,1,1,2026-05-05,5,1,2,2,3,3,2,3,2,3,4,4,3,4,3,2,3,3,2
R00661,T029,Operations,IN,APAC,Women,18-29,Individual contributor,1-2 years,Onsite,1,1,2026-05-05,5,2,3,1,3,3,1,2,1,1,1,1,1,5,4,4,2,2,3
R00662,T029,Operations,IN,APAC,Women,18-29,Individual contributor,10 years +,Onsite,1,0,,,,,,,,,,,,,,,,,,,,
R00663,T029,Operations,IN,APAC,Women,30-39,Senior leader,< 1 year,Onsite,1,0,,,,,,,,,,,,,,,,,,,,
R00664,T029,Operations,IN,APAC,Men,18-29,Individual contributor,1-2 years,Onsite,1,0,,,,,,,,,,,,,,,,,,,,
R00665,T029,Operations,IN,APAC,Men,30-39,Team lead,6-10 years,Onsite,1,0,,,,,,,,,,,,,,,,,,,,
R00666,T029,Operations,IN,APAC,Men,40-49,Manager,< 1 year,Onsite,1,1,2026-05-21,8,3,3,2,1,2,1,4,3,4,3,3,2,3,2,3,2,5,2
R00667,T029,Operations,IN,APAC,Women,30-39,Individual contributor,3-5 years,Onsite,1,1,2026-05-22,6,3,2,3,2,2,2,3,2,3,2,1,2,4,3,4,3,2,3
R00668,T029,Operations,IN,APAC,Women,40-49,Individual contributor,< 1 year,Onsite,1,1,2026-05-21,8,5,5,3,2,3,3,3,2,4,3,3,4,3,4,4,4,4,5
R00669,T029,Operations,IN,APAC,Men,18-29,Individual contributor,6-10 years,Onsite,1,0,,,,,,,,,,,,,,,,,,,,
R00670,T029,Operations,IN,APAC,Men,50-59,Individual contributor,< 1 year,Hybrid,0,1,2026-05-12,10,3,4,4,4,1,2,5,5,5,2,3,3,4,4,4,4,5,4
R00671,T029,Operations,IN,APAC,Women,40-49,Individual contributor,1-2 years,Onsite,0,0,,,,,,,,,,,,,,,,,,,,
R00672,T029,Operations,IN,APAC,Women,50-59,Individual contributor,6-10 years,Onsite,1,0,,,,,,,,,,,,,,,,,,,,
R00673,T029,Operations,IN,APAC,Men,18-29,Manager,< 1 year,Onsite,1,1,2026-05-22,8,4,5,4,5,4,4,3,3,3,2,2,2,5,4,5,2,4,4
R00674,T029,Operations,IN,APAC,Men,40-49,Team lead,3-5 years,Onsite,0,1,2026-05-14,6,5,3,3,3,2,2,3,4,4,2,4,3,3,3,3,3,2,3
R00675,T029,Operations,IN,APAC,Women,18-29,Team lead,6-10 years,Remote,0,1,2026-05-05,4,4,5,4,2,3,3,1,1,1,2,3,3,4,4,3,3,3,3
R00676,T029,Operations,IN,APAC,Men,50-59,Individual contributor,3-5 years,Onsite,1,0,,,,,,,,,,,,,,,,,,,,
R00677,T029,Operations,IN,APAC,Women,50-59,Manager,3-5 years,Onsite,1,1,2026-05-22,5,4,5,4,4,3,4,4,2,2,4,3,4,3,3,2,1,2,1
R00678,T030,Operations,IN,APAC,Women,30-39,Individual contributor,1-2 years,Onsite,1,0,,,,,,,,,,,,,,,,,,,,
R00679,T030,Operations,IN,APAC,Non-binary / self-described,50-59,Individual contributor,10 years +,Onsite,1,1,2026-05-20,6,2,4,2,3,3,2,3,5,4,3,4,4,4,5,5,3,2,2
R00680,T030,Operations,IN,APAC,Men,18-29,Individual contributor,10 years +,Onsite,1,1,2026-05-19,5,3,2,1,3,3,2,4,4,5,4,3,3,5,5,5,4,4,3
R00681,T030,Operations,IN,APAC,Women,18-29,Senior leader,1-2 years,Onsite,1,1,2026-05-06,9,5,5,4,5,4,5,4,3,3,4,3,3,4,5,3,4,5,4
R00682,T030,Operations,IN,APAC,Men,40-49,Manager,3-5 years,Onsite,1,1,2026-05-20,9,5,5,4,4,3,4,4,5,4,4,3,4,5,5,5,5,5,5
R00683,T030,Operations,IN,APAC,Men,40-49,Individual contributor,6-10 years,Onsite,0,1,2026-05-06,9,3,4,4,2,3,3,3,3,3,4,4,4,5,5,5,5,5,5
R00684,T030,Operations,IN,APAC,Women,40-49,Individual contributor,6-10 years,Onsite,0,0,,,,,,,,,,,,,,,,,,,,
R00685,T030,Operations,IN,APAC,Women,30-39,Manager,1-2 years,Onsite,1,1,2026-05-10,8,5,4,5,3,3,3,3,4,5,5,5,5,5,5,4,3,3,4
R00686,T030,Operations,IN,APAC,Women,40-49,Individual contributor,3-5 years,Hybrid,0,1,2026-05-22,10,5,4,4,4,3,5,3,4,4,3,3,5,4,4,5,3,4,4
R00687,T030,Operations,IN,APAC,Men,40-49,Team lead,3-5 years,Onsite,0,1,2026-05-22,7,4,4,5,3,3,4,4,3,3,5,5,5,4,5,4,4,3,3
R00688,T030,Operations,IN,APAC,Women,50-59,Manager,6-10 years,Onsite,1,0,,,,,,,,,,,,,,,,,,,,
R00689,T030,Operations,IN,APAC,Men,50-59,Individual contributor,10 years +,Onsite,1,0,,,,,,,,,,,,,,,,,,,,
R00690,T030,Operations,IN,APAC,Men,50-59,Team lead,3-5 years,Onsite,0,1,2026-05-06,8,5,5,4,5,5,4,3,4,5,1,3,2,4,4,4,4,4,5
R00691,T030,Operations,IN,APAC,Women,50-59,Individual contributor,1-2 years,Onsite,1,1,2026-05-11,7,3,4,4,3,4,4,4,4,5,2,2,2,4,4,4,4,2,2
R00692,T030,Operations,IN,APAC,Men,60+,Senior leader,< 1 year,Onsite,1,1,2026-05-08,7,5,5,3,4,4,5,4,5,5,5,4,4,5,5,4,5,5,4
R00693,T030,Operations,IN,APAC,Women,30-39,Individual contributor,< 1 year,Onsite,1,0,,,,,,,,,,,,,,,,,,,,
R00694,T030,Operations,IN,APAC,Men,30-39,Individual contributor,< 1 year,Onsite,1,1,2026-05-22,7,3,4,3,4,4,5,4,4,5,3,4,5,5,5,4,4,5,3
R00695,T030,Operations,IN,APAC,Women,18-29,Individual contributor,6-10 years,Onsite,1,0,,,,,,,,,,,,,,,,,,,,
R00696,T030,Operations,IN,APAC,Women,40-49,Manager,1-2 years,Onsite,1,1,2026-05-19,8,5,5,4,3,4,2,4,4,5,5,3,4,4,4,3,4,5,4
R00697,T030,Operations,IN,APAC,Men,18-29,Individual contributor,1-2 years,Onsite,0,0,,,,,,,,,,,,,,,,,,,,
R00698,T030,Operations,IN,APAC,Men,18-29,Manager,3-5 years,Onsite,0,1,2026-05-16,6,5,5,4,2,2,3,5,4,5,1,4,5,5,5,4,4,2,2
R00699,T030,Operations,IN,APAC,Men,60+,Manager,< 1 year,Onsite,1,1,2026-05-08,8,5,4,5,3,2,2,3,3,5,4,4,5,5,5,5,5,5,3
R00700,T030,Operations,IN,APAC,Non-binary / self-described,50-59,Individual contributor,< 1 year,Onsite,0,1,2026-05-17,10,4,4,4,3,2,2,4,4,5,5,5,5,5,5,4,4,4,4
R00701,T030,Operations,IN,APAC,Women,30-39,Individual contributor,3-5 years,Onsite,0,1,2026-05-22,6,3,5,4,3,4,3,2,2,3,4,2,4,5,5,5,3,2,2
R00702,T030,Operations,IN,APAC,Women,18-29,Individual contributor,< 1 year,Onsite,1,0,,,,,,,,,,,,,,,,,,,,
R00703,T031,Operations,IN,APAC,Men,18-29,Individual contributor,< 1 year,Hybrid,0,1,2026-05-21,8,4,5,4,3,2,3,5,4,4,3,2,3,5,5,5,4,4,4
R00704,T031,Operations,IN,APAC,Men,50-59,Individual contributor,< 1 year,Onsite,1,0,,,,,,,,,,,,,,,,,,,,
R00705,T031,Operations,IN,APAC,Women,40-49,Individual contributor,1-2 years,Onsite,1,1,2026-05-17,8,5,4,5,4,5,4,5,4,4,3,4,4,5,5,5,4,4,4
R00706,T031,Operations,IN,APAC,Women,40-49,Individual contributor,6-10 years,Onsite,1,1,2026-05-11,8,3,5,4,2,5,3,3,3,3,2,4,3,5,5,5,4,3,4
R00707,T031,Operations,IN,APAC,Men,30-39,Individual contributor,6-10 years,Onsite,1,1,2026-05-15,10,3,5,4,4,5,3,5,5,4,2,3,4,5,5,5,5,5,5
R00708,T031,Operations,IN,APAC,Non-binary / self-described,40-49,Individual contributor,3-5 years,Onsite,1,0,,,,,,,,,,,,,,,,,,,,
R00709,T031,Operations,IN,APAC,Men,18-29,Manager,3-5 years,Onsite,0,1,2026-05-05,8,5,5,5,4,4,4,4,4,5,4,3,5,4,4,5,3,3,3
R00710,T031,Operations,IN,APAC,Men,18-29,Individual contributor,6-10 years,Onsite,0,1,2026-05-21,8,4,3,4,4,4,4,2,2,2,3,3,3,5,4,5,4,3,5
R00711,T031,Operations,IN,APAC,Men,40-49,Manager,10 years +,Onsite,0,1,2026-05-08,10,5,5,5,4,4,4,4,4,5,5,5,4,5,5,5,5,5,5
R00712,T031,Operations,IN,APAC,Women,18-29,Manager,10 years +,Onsite,1,1,2026-05-06,8,4,4,4,3,4,4,5,5,5,3,2,3,4,5,4,5,4,3
R00713,T031,Operations,IN,APAC,Women,40-49,Individual contributor,3-5 years,Remote,0,1,2026-05-05,8,5,4,5,3,3,4,2,3,4,3,4,4,5,5,5,4,3,3
R00714,T031,Operations,IN,APAC,Men,50-59,Individual contributor,1-2 years,Onsite,0,0,,,,,,,,,,,,,,,,,,,,
R00715,T031,Operations,IN,APAC,Women,40-49,Individual contributor,10 years +,Onsite,1,0,,,,,,,,,,,,,,,,,,,,
R00716,T031,Operations,IN,APAC,Women,18-29,Team lead,10 years +,Hybrid,0,1,2026-05-15,8,5,5,5,4,4,4,5,5,5,4,4,3,5,5,4,5,4,4
R00717,T031,Operations,IN,APAC,Women,18-29,Individual contributor,10 years +,Onsite,1,1,2026-05-05,6,4,3,3,4,3,3,3,3,3,3,3,5,5,5,5,3,4,4
R00718,T031,Operations,IN,APAC,Women,18-29,Manager,3-5 years,Onsite,0,1,2026-05-04,7,5,4,4,2,2,4,5,5,5,4,2,4,5,5,5,5,5,5
R00719,T031,Operations,IN,APAC,Women,50-59,Individual contributor,3-5 years,Onsite,1,0,,,,,,,,,,,,,,,,,,,,
R00720,T031,Operations,IN,APAC,Women,50-59,Individual contributor,3-5 years,Onsite,1,1,2026-05-22,8,4,4,4,2,3,3,5,3,5,5,4,4,5,5,5,4,4,3
R00721,T031,Operations,IN,APAC,Women,40-49,Team lead,10 years +,Onsite,0,1,2026-05-08,8,4,5,5,4,3,3,5,4,5,1,2,1,4,5,4,5,5,5
R00722,T031,Operations,IN,APAC,Women,30-39,Individual contributor,< 1 year,Onsite,0,1,2026-05-07,7,4,4,4,4,4,4,4,3,3,3,3,2,4,5,4,3,4,4
R00723,T031,Operations,IN,APAC,Men,30-39,Individual contributor,6-10 years,Onsite,1,1,2026-05-22,5,5,4,4,3,3,4,4,3,5,3,1,3,5,5,5,4,4,3
R00724,T031,Operations,IN,APAC,Women,40-49,Individual contributor,3-5 years,Onsite,1,0,,,,,,,,,,,,,,,,,,,,
R00725,T031,Operations,IN,APAC,Women,18-29,Individual contributor,3-5 years,Onsite,0,1,2026-05-07,7,5,4,4,3,4,2,4,4,4,5,5,5,5,5,4,4,3,3
R00726,T031,Operations,IN,APAC,Women,30-39,Individual contributor,1-2 years,Hybrid,0,1,2026-05-21,8,4,5,5,5,4,4,3,3,5,4,3,4,5,5,5,4,4,5
R00727,T031,Operations,IN,APAC,Women,18-29,Team lead,10 years +,Onsite,1,0,,,,,,,,,,,,,,,,,,,,
R00728,T031,Operations,IN,APAC,Men,40-49,Individual contributor,1-2 years,Onsite,0,1,2026-05-05,6,5,5,5,3,3,2,4,4,4,3,4,5,5,5,5,4,4,4
R00729,T031,Operations,IN,APAC,Women,40-49,Individual contributor,< 1 year,Onsite,1,1,2026-05-18,10,5,5,5,5,4,4,5,4,5,2,2,3,4,5,5,5,5,5
R00730,T031,Operations,IN,APAC,Men,40-49,Individual contributor,10 years +,Onsite,1,1,2026-05-09,7,4,4,4,2,4,4,4,4,4,2,3,2,5,5,5,4,4,5
R00731,T031,Operations,IN,APAC,Men,40-49,Individual contributor,< 1 year,Hybrid,0,1,2026-05-04,10,5,5,5,3,4,4,3,3,4,4,5,5,5,5,5,5,4,5
R00732,T031,Operations,IN,APAC,Men,40-49,Individual contributor,6-10 years,Onsite,1,1,2026-05-06,5,4,4,3,3,4,3,3,2,3,2,3,4,4,3,5,3,3,2
R00733,T031,Operations,IN,APAC,Women,18-29,Team lead,1-2 years,Onsite,1,1,2026-05-15,10,5,5,5,3,4,4,3,5,5,4,3,3,5,5,5,5,5,5
R00734,T031,Operations,IN,APAC,Non-binary / self-described,40-49,Team lead,1-2 years,Onsite,1,0,,,,,,,,,,,,,,,,,,,,
R00735,T031,Operations,IN,APAC,Men,30-39,Individual contributor,< 1 year,Onsite,1,1,2026-05-09,10,4,5,5,4,3,3,5,4,5,4,4,4,5,5,5,5,4,4
R00736,T031,Operations,IN,APAC,Women,30-39,Individual contributor,1-2 years,Onsite,1,0,,,,,,,,,,,,,,,,,,,,
R00737,T031,Operations,IN,APAC,Women,60+,Individual contributor,3-5 years,Onsite,1,1,2026-05-06,7,4,4,4,3,3,3,4,4,5,3,3,3,5,5,5,4,4,3
R00738,T031,Operations,IN,APAC,Men,40-49,Individual contributor,6-10 years,Onsite,1,1,2026-05-15,9,5,5,5,4,3,3,3,4,3,3,3,3,5,4,4,5,5,4
R00739,T031,Operations,IN,APAC,Women,40-49,Individual contributor,3-5 years,Hybrid,0,0,,,,,,,,,,,,,,,,,,,,
R00740,T031,Operations,IN,APAC,Women,30-39,Manager,3-5 years,Onsite,1,0,,,,,,,,,,,,,,,,,,,,
R00741,T031,Operations,IN,APAC,Men,18-29,Team lead,1-2 years,Onsite,1,1,2026-05-07,9,4,4,5,4,5,5,3,3,4,3,4,3,5,5,5,5,5,5
R00742,T032,Operations,PL,EMEA,Non-binary / self-described,60+,Individual contributor,1-2 years,Onsite,1,0,,,,,,,,,,,,,,,,,,,,
R00743,T032,Operations,PL,EMEA,Women,30-39,Individual contributor,< 1 year,Onsite,1,0,,,,,,,,,,,,,,,,,,,,
R00744,T032,Operations,PL,EMEA,Women,18-29,Individual contributor,10 years +,Onsite,1,1,2026-05-18,8,4,4,3,3,5,4,3,3,5,2,3,3,5,5,5,3,4,4
R00745,T032,Operations,PL,EMEA,Women,40-49,Senior leader,1-2 years,Hybrid,0,0,,,,,,,,,,,,,,,,,,,,
R00746,T032,Operations,PL,EMEA,Women,50-59,Individual contributor,3-5 years,Onsite,1,1,2026-05-04,9,4,5,4,2,2,4,5,5,4,3,3,2,3,4,4,4,3,4
R00747,T032,Operations,PL,EMEA,Women,40-49,Individual contributor,1-2 years,Onsite,1,0,,,,,,,,,,,,,,,,,,,,
R00748,T032,Operations,PL,EMEA,Men,50-59,Individual contributor,3-5 years,Onsite,1,1,2026-05-11,6,5,3,4,3,4,4,4,4,3,4,3,4,4,5,5,4,3,5
R00749,T032,Operations,PL,EMEA,Men,30-39,Individual contributor,< 1 year,Onsite,1,0,,,,,,,,,,,,,,,,,,,,
R00750,T032,Operations,PL,EMEA,Women,18-29,Individual contributor,3-5 years,Onsite,1,1,2026-05-21,7,3,4,4,4,5,4,4,4,5,2,1,2,4,5,3,3,4,5
R00751,T032,Operations,PL,EMEA,Men,30-39,Manager,< 1 year,Onsite,0,1,2026-05-20,10,5,5,5,4,3,4,3,3,4,4,3,4,5,5,5,5,5,5
R00752,T032,Operations,PL,EMEA,Women,18-29,Team lead,3-5 years,Onsite,1,0,,,,,,,,,,,,,,,,,,,,
R00753,T032,Operations,PL,EMEA,Women,18-29,Team lead,6-10 years,Onsite,1,0,,,,,,,,,,,,,,,,,,,,
R00754,T032,Operations,PL,EMEA,Men,40-49,Individual contributor,3-5 years,Onsite,0,1,2026-05-07,9,4,4,3,4,4,3,4,3,4,2,2,3,4,5,4,5,5,5
R00755,T032,Operations,PL,EMEA,Women,18-29,Individual contributor,6-10 years,Onsite,1,0,,,,,,,,,,,,,,,,,,,,
R00756,T033,Operations,US,North America,Women,30-39,Individual contributor,1-2 years,Onsite,1,1,2026-05-20,9,3,4,3,5,3,5,3,4,4,5,5,5,3,4,4,4,5,4
R00757,T033,Operations,US,North America,Non-binary / self-described,30-39,Team lead,6-10 years,Onsite,1,1,2026-05-05,7,5,5,4,4,5,4,3,5,3,3,3,4,4,4,4,3,5,3
R00758,T033,Operations,US,North America,Women,40-49,Team lead,3-5 years,Onsite,1,1,2026-05-08,7,5,4,5,4,5,4,3,2,5,3,2,4,4,5,4,3,4,4
R00759,T033,Operations,US,North America,Women,18-29,Senior leader,1-2 years,Onsite,1,1,2026-05-17,7,5,5,5,3,4,3,3,4,5,5,5,5,5,5,4,5,5,5
R00760,T033,Operations,US,North America,Men,50-59,Individual contributor,< 1 year,Onsite,1,0,,,,,,,,,,,,,,,,,,,,
R00761,T033,Operations,US,North America,Women,18-29,Team lead,3-5 years,Onsite,0,0,,,,,,,,,,,,,,,,,,,,
R00762,T033,Operations,US,North America,Non-binary / self-described,40-49,Individual contributor,3-5 years,Onsite,1,0,,,,,,,,,,,,,,,,,,,,
R00763,T033,Operations,US,North America,Men,40-49,Individual contributor,6-10 years,Remote,0,0,,,,,,,,,,,,,,,,,,,,
R00764,T033,Operations,US,North America,Women,50-59,Individual contributor,1-2 years,Onsite,1,0,,,,,,,,,,,,,,,,,,,,
R00765,T033,Operations,US,North America,Women,40-49,Individual contributor,< 1 year,Onsite,1,1,2026-05-04,9,3,3,2,5,5,5,3,4,5,3,3,3,5,4,5,5,4,4
R00766,T033,Operations,US,North America,Men,30-39,Individual contributor,1-2 years,Onsite,0,0,,,,,,,,,,,,,,,,,,,,
R00767,T033,Operations,US,North America,Men,30-39,Manager,< 1 year,Onsite,1,1,2026-05-16,8,5,5,5,4,4,4,4,3,4,5,4,5,5,5,5,4,5,3
R00768,T033,Operations,US,North America,Men,18-29,Individual contributor,10 years +,Onsite,1,0,,,,,,,,,,,,,,,,,,,,
R00769,T033,Operations,US,North America,Women,40-49,Individual contributor,6-10 years,Onsite,0,1,2026-05-07,7,5,5,5,3,4,3,3,2,2,3,3,3,4,5,4,4,3,2
R00770,T033,Operations,US,North America,Men,30-39,Individual contributor,1-2 years,Onsite,0,1,2026-05-04,5,4,4,4,4,5,3,4,2,3,4,4,4,4,4,3,3,2,3
R00771,T033,Operations,US,North America,Women,40-49,Manager,10 years +,Onsite,1,1,2026-05-15,8,4,3,3,3,4,5,4,3,4,3,3,3,4,5,3,4,4,4
R00772,T033,Operations,US,North America,Non-binary / self-described,18-29,Individual contributor,3-5 years,Onsite,0,1,2026-05-18,9,2,3,1,5,5,5,4,3,4,4,3,2,5,4,3,4,5,2
R00773,T033,Operations,US,North America,Women,50-59,Individual contributor,1-2 years,Onsite,1,1,2026-05-04,8,5,4,5,3,3,3,3,3,4,5,4,5,3,3,3,5,5,5
R00774,T033,Operations,US,North America,Women,30-39,Individual contributor,3-5 years,Onsite,0,1,2026-05-08,6,4,5,4,3,3,4,4,3,4,3,2,2,4,2,3,4,3,2
R00775,T033,Operations,US,North America,Men,40-49,Senior leader,1-2 years,Onsite,1,0,,,,,,,,,,,,,,,,,,,,
R00776,T033,Operations,US,North America,Women,50-59,Individual contributor,1-2 years,Onsite,0,0,,,,,,,,,,,,,,,,,,,,
R00777,T033,Operations,US,North America,Women,30-39,Individual contributor,3-5 years,Onsite,0,1,2026-05-18,6,3,3,3,3,5,3,4,4,4,3,4,3,5,3,3,4,3,3
R00778,T033,Operations,US,North America,Women,30-39,Individual contributor,3-5 years,Onsite,1,1,2026-05-08,8,3,3,3,4,4,4,3,2,3,4,4,3,4,3,3,3,4,4
R00779,T033,Operations,US,North America,Women,30-39,Team lead,3-5 years,Hybrid,0,1,2026-05-16,10,5,5,5,3,4,3,5,5,4,3,4,3,5,5,5,5,5,5
R00780,T033,Operations,US,North America,Women,40-49,Individual contributor,1-2 years,Hybrid,0,0,,,,,,,,,,,,,,,,,,,,
R00781,T033,Operations,US,North America,Women,40-49,Team lead,6-10 years,Onsite,1,0,,,,,,,,,,,,,,,,,,,,
R00782,T033,Operations,US,North America,Women,18-29,Manager,1-2 years,Hybrid,0,1,2026-05-21,10,5,5,5,4,3,5,5,5,5,3,4,5,5,5,5,5,5,5
R00783,T033,Operations,US,North America,Women,30-39,Individual contributor,< 1 year,Onsite,1,1,2026-05-04,7,4,3,4,4,4,3,5,5,5,3,2,3,4,5,5,2,4,3
R00784,T033,Operations,US,North America,Men,60+,Team lead,< 1 year,Onsite,1,0,,,,,,,,,,,,,,,,,,,,
R00785,T033,Operations,US,North America,Men,30-39,Individual contributor,3-5 years,Onsite,1,1,2026-05-15,7,3,4,4,5,4,5,3,4,3,4,3,3,4,5,4,5,4,4
R00786,T033,Operations,US,North America,Women,18-29,Individual contributor,6-10 years,Onsite,0,1,2026-05-09,7,4,4,5,3,4,3,3,4,4,4,2,4,4,3,4,4,3,4
R00787,T033,Operations,US,North America,Women,30-39,Team lead,< 1 year,Onsite,0,1,2026-05-16,8,5,5,5,4,4,3,4,4,3,4,4,5,5,5,5,3,4,3
R00788,T033,Operations,US,North America,Men,30-39,Team lead,6-10 years,Onsite,1,1,2026-05-17,9,4,5,4,4,5,4,4,4,5,5,5,5,5,4,5,5,5,4
R00789,T033,Operations,US,North America,Women,50-59,Team lead,3-5 years,Onsite,0,1,2026-05-12,7,4,5,3,5,5,5,4,3,4,4,4,3,5,5,5,5,3,4
R00790,T033,Operations,US,North America,Men,40-49,Individual contributor,< 1 year,Onsite,1,1,2026-05-07,9,4,4,5,5,4,4,5,4,5,5,5,5,5,5,3,4,5,4
R00791,T033,Operations,US,North America,Women,18-29,Individual contributor,6-10 years,Onsite,0,0,,,,,,,,,,,,,,,,,,,,
R00792,T033,Operations,US,North America,Women,40-49,Senior leader,3-5 years,Onsite,1,0,,,,,,,,,,,,,,,,,,,,
R00793,T033,Operations,US,North America,Women,40-49,Manager,< 1 year,Onsite,1,1,2026-05-05,7,4,5,4,4,4,2,2,4,5,3,3,4,5,5,5,5,5,4
R00794,T033,Operations,US,North America,Men,30-39,Individual contributor,10 years +,Onsite,0,1,2026-05-15,6,3,2,3,3,4,4,4,4,4,3,4,5,4,5,2,3,4,4
R00795,T033,Operations,US,North America,Women,30-39,Team lead,10 years +,Hybrid,0,0,,,,,,,,,,,,,,,,,,,,
R00796,T033,Operations,US,North America,Men,30-39,Senior leader,10 years +,Onsite,1,1,2026-05-08,10,4,3,3,5,3,4,3,5,5,4,4,3,5,5,5,5,5,4
R00797,T033,Operations,US,North America,Men,60+,Individual contributor,3-5 years,Onsite,1,0,,,,,,,,,,,,,,,,,,,,
R00798,T034,Operations,PL,EMEA,Women,30-39,Team lead,3-5 years,Onsite,1,0,,,,,,,,,,,,,,,,,,,,
R00799,T034,Operations,PL,EMEA,Women,40-49,Team lead,10 years +,Remote,0,0,,,,,,,,,,,,,,,,,,,,
R00800,T034,Operations,PL,EMEA,Men,30-39,Team lead,1-2 years,Remote,0,1,2026-05-21,7,4,5,3,3,3,3,3,5,4,4,5,3,3,2,2,3,4,4
R00801,T034,Operations,PL,EMEA,Women,50-59,Individual contributor,3-5 years,Onsite,1,1,2026-05-15,8,5,5,3,4,3,4,3,3,2,4,5,4,5,5,4,5,4,4
R00802,T034,Operations,PL,EMEA,Men,50-59,Individual contributor,10 years +,Remote,0,1,2026-05-07,7,4,4,2,3,2,4,4,2,3,3,3,4,4,4,4,4,3,3
R00803,T034,Operations,PL,EMEA,Women,30-39,Individual contributor,3-5 years,Onsite,1,1,2026-05-11,6,2,3,4,4,5,3,3,4,2,4,5,5,2,3,3,4,3,4
R00804,T034,Operations,PL,EMEA,Men,60+,Team lead,3-5 years,Onsite,0,1,2026-05-18,9,3,2,3,3,2,3,4,5,4,2,2,2,4,4,3,4,3,5
R00805,T034,Operations,PL,EMEA,Men,30-39,Individual contributor,1-2 years,Onsite,1,0,,,,,,,,,,,,,,,,,,,,
R00806,T034,Operations,PL,EMEA,Men,40-49,Team lead,< 1 year,Hybrid,0,1,2026-05-05,7,5,5,5,2,3,4,5,4,5,5,4,4,2,4,2,4,3,3
R00807,T034,Operations,PL,EMEA,Men,50-59,Individual contributor,1-2 years,Remote,0,1,2026-05-22,7,3,3,3,5,5,5,4,2,3,2,2,3,4,3,4,4,3,2
R00808,T034,Operations,PL,EMEA,Men,50-59,Individual contributor,10 years +,Onsite,0,1,2026-05-19,10,4,4,4,4,3,3,3,4,5,4,2,3,5,4,4,4,3,4
R00809,T034,Operations,PL,EMEA,Non-binary / self-described,50-59,Individual contributor,6-10 years,Onsite,1,1,2026-05-17,9,3,3,3,4,2,4,5,4,5,3,2,5,4,3,3,4,2,2
R00810,T034,Operations,PL,EMEA,Women,30-39,Individual contributor,3-5 years,Onsite,1,0,,,,,,,,,,,,,,,,,,,,
R00811,T034,Operations,PL,EMEA,Women,40-49,Team lead,3-5 years,Onsite,1,1,2026-05-11,6,4,4,3,2,4,3,1,2,2,5,2,4,3,5,4,4,5,3
R00812,T034,Operations,PL,EMEA,Men,30-39,Individual contributor,10 years +,Onsite,1,1,2026-05-05,3,2,3,2,3,3,2,3,3,3,2,2,2,4,4,5,2,2,1
R00813,T034,Operations,PL,EMEA,Women,50-59,Senior leader,3-5 years,Onsite,1,0,,,,,,,,,,,,,,,,,,,,
R00814,T034,Operations,PL,EMEA,Men,18-29,Individual contributor,< 1 year,Onsite,1,1,2026-05-15,5,5,2,2,2,2,2,4,4,4,4,3,4,2,4,1,3,2,3
R00815,T034,Operations,PL,EMEA,Women,30-39,Individual contributor,1-2 years,Onsite,1,1,2026-05-04,10,4,4,3,4,4,3,3,3,4,3,4,5,4,4,3,4,4,4
R00816,T034,Operations,PL,EMEA,Men,30-39,Individual contributor,< 1 year,Onsite,1,1,2026-05-22,6,5,4,5,3,1,2,2,3,4,5,5,4,3,3,3,2,2,3
R00817,T034,Operations,PL,EMEA,Women,40-49,Team lead,< 1 year,Onsite,1,0,,,,,,,,,,,,,,,,,,,,
R00818,T034,Operations,PL,EMEA,Women,60+,Individual contributor,6-10 years,Onsite,1,0,,,,,,,,,,,,,,,,,,,,
R00819,T034,Operations,PL,EMEA,Women,50-59,Individual contributor,3-5 years,Onsite,0,1,2026-05-05,7,2,3,2,3,3,4,4,5,4,2,1,3,4,4,3,2,4,4
R00820,T034,Operations,PL,EMEA,Non-binary / self-described,60+,Individual contributor,< 1 year,Onsite,1,1,2026-05-06,6,4,3,4,4,3,3,2,1,3,4,3,3,5,4,4,3,3,2
R00821,T034,Operations,PL,EMEA,Men,18-29,Individual contributor,3-5 years,Onsite,1,1,2026-05-15,8,3,3,3,4,5,4,4,3,4,3,2,4,4,4,4,5,3,4
R00822,T034,Operations,PL,EMEA,Men,40-49,Individual contributor,6-10 years,Onsite,1,0,,,,,,,,,,,,,,,,,,,,
R00823,T034,Operations,PL,EMEA,Men,30-39,Individual contributor,< 1 year,Onsite,0,0,,,,,,,,,,,,,,,,,,,,
R00824,T034,Operations,PL,EMEA,Women,40-49,Individual contributor,1-2 years,Onsite,1,1,2026-05-15,9,5,4,4,2,4,3,5,5,5,3,2,3,4,3,4,4,5,3
R00825,T034,Operations,PL,EMEA,Women,30-39,Individual contributor,1-2 years,Onsite,1,0,,,,,,,,,,,,,,,,,,,,
R00826,T034,Operations,PL,EMEA,Men,40-49,Individual contributor,< 1 year,Onsite,1,0,,,,,,,,,,,,,,,,,,,,
R00827,T034,Operations,PL,EMEA,Men,30-39,Individual contributor,6-10 years,Onsite,0,0,,,,,,,,,,,,,,,,,,,,
R00828,T034,Operations,PL,EMEA,Women,30-39,Individual contributor,1-2 years,Onsite,1,1,2026-05-16,3,3,3,2,1,1,1,1,1,2,3,2,2,5,5,3,3,2,1
R00829,T034,Operations,PL,EMEA,Men,30-39,Individual contributor,< 1 year,Onsite,0,0,,,,,,,,,,,,,,,,,,,,
R00830,T034,Operations,PL,EMEA,Women,30-39,Individual contributor,< 1 year,Hybrid,0,0,,,,,,,,,,,,,,,,,,,,
R00831,T034,Operations,PL,EMEA,Women,30-39,Individual contributor,< 1 year,Onsite,1,1,2026-05-21,8,4,2,3,3,4,4,4,4,5,4,3,4,3,4,4,4,5,2
R00832,T034,Operations,PL,EMEA,Men,18-29,Individual contributor,3-5 years,Hybrid,0,1,2026-05-05,5,4,3,2,3,4,3,3,3,3,3,4,4,5,4,3,3,2,2
R00833,T034,Operations,PL,EMEA,Women,18-29,Individual contributor,3-5 years,Onsite,0,0,,,,,,,,,,,,,,,,,,,,
R00834,T035,Operations,CA,North America,Men,50-59,Individual contributor,1-2 years,Onsite,0,1,2026-05-15,7,4,4,2,3,2,2,2,3,3,3,2,2,5,5,5,4,4,4
R00835,T035,Operations,CA,North America,Women,50-59,Individual contributor,10 years +,Onsite,1,1,2026-05-04,3,4,4,5,3,2,3,4,5,5,2,3,2,1,2,3,3,2,3
R00836,T035,Operations,CA,North America,Men,30-39,Individual contributor,6-10 years,Hybrid,0,1,2026-05-18,10,4,5,3,3,4,3,4,4,5,3,4,4,5,4,4,5,4,5
R00837,T035,Operations,CA,North America,Men,40-49,Team lead,< 1 year,Onsite,1,1,2026-05-16,10,5,3,5,2,3,2,4,3,3,5,3,3,4,5,4,5,5,4
R00838,T035,Operations,CA,North America,Women,30-39,Team lead,< 1 year,Onsite,0,1,2026-05-18,9,5,5,5,2,4,2,4,4,4,4,4,3,5,5,5,5,5,4
R00839,T035,Operations,CA,North America,Women,30-39,Individual contributor,< 1 year,Onsite,0,1,2026-05-18,7,4,3,3,3,4,4,4,3,4,3,3,4,5,5,5,3,2,2
R00840,T035,Operations,CA,North America,Women,30-39,Individual contributor,1-2 years,Onsite,0,1,2026-05-05,6,2,3,4,4,3,3,2,2,4,5,4,4,4,2,3,3,2,2
R00841,T035,Operations,CA,North America,Men,30-39,Individual contributor,6-10 years,Onsite,1,0,,,,,,,,,,,,,,,,,,,,
R00842,T035,Operations,CA,North America,Women,30-39,Individual contributor,6-10 years,Onsite,1,1,2026-05-05,8,3,3,3,4,4,3,3,4,3,3,4,4,2,4,1,5,4,3
R00843,T035,Operations,CA,North America,Men,18-29,Individual contributor,6-10 years,Onsite,0,0,,,,,,,,,,,,,,,,,,,,
R00844,T035,Operations,CA,North America,Men,40-49,Individual contributor,6-10 years,Hybrid,0,1,2026-05-12,8,4,4,5,3,3,3,2,3,3,3,2,3,5,5,5,4,4,4
R00845,T035,Operations,CA,North America,Men,30-39,Manager,3-5 years,Onsite,1,1,2026-05-22,7,5,4,3,4,3,4,5,5,5,5,5,3,5,4,4,4,4,4
R00846,T035,Operations,CA,North America,Women,50-59,Team lead,3-5 years,Onsite,0,1,2026-05-20,6,5,4,4,3,3,2,5,5,5,2,2,3,4,4,3,4,3,3
R00847,T035,Operations,CA,North America,Men,30-39,Individual contributor,1-2 years,Onsite,1,0,,,,,,,,,,,,,,,,,,,,
R00848,T035,Operations,CA,North America,Women,50-59,Team lead,3-5 years,Hybrid,0,1,2026-05-06,9,4,4,4,3,4,3,3,4,4,4,4,4,4,5,4,5,5,5
R00849,T035,Operations,CA,North America,Women,40-49,Manager,< 1 year,Onsite,0,1,2026-05-21,9,4,5,3,3,3,3,4,4,5,4,3,4,5,5,5,5,5,4
R00850,T035,Operations,CA,North America,Men,18-29,Team lead,3-5 years,Onsite,1,1,2026-05-05,8,4,5,3,4,3,1,4,3,4,1,2,2,4,4,4,3,3,2
R00851,T035,Operations,CA,North America,Women,40-49,Individual contributor,3-5 years,Onsite,1,1,2026-05-11,6,2,3,2,3,2,2,3,3,4,3,3,3,2,2,3,3,4,4
R00852,T035,Operations,CA,North America,Women,40-49,Team lead,3-5 years,Hybrid,0,1,2026-05-16,8,3,5,3,3,3,2,4,3,3,3,2,2,4,4,4,4,5,4
R00853,T035,Operations,CA,North America,Women,30-39,Individual contributor,3-5 years,Onsite,0,1,2026-05-16,6,4,5,4,2,2,2,1,4,3,3,3,3,2,3,3,3,3,2
R00854,T035,Operations,CA,North America,Non-binary / self-described,30-39,Team lead,3-5 years,Remote,0,1,2026-05-08,8,4,5,4,4,4,4,3,1,2,2,1,3,3,4,1,3,4,2
R00855,T035,Operations,CA,North America,Men,40-49,Individual contributor,10 years +,Onsite,1,1,2026-05-06,8,5,4,3,4,5,5,4,4,5,5,4,4,5,3,5,5,3,3
R00856,T035,Operations,CA,North America,Men,30-39,Individual contributor,1-2 years,Onsite,1,1,2026-05-18,7,3,4,3,2,4,3,3,4,4,4,4,4,3,5,5,4,4,4
R00857,T035,Operations,CA,North America,Women,30-39,Individual contributor,6-10 years,Onsite,1,1,2026-05-08,8,3,4,3,2,2,2,3,4,5,4,4,5,5,5,4,4,5,5
R00858,T035,Operations,CA,North America,Men,40-49,Individual contributor,< 1 year,Onsite,1,1,2026-05-22,7,4,4,3,3,3,2,3,2,4,4,4,4,5,5,5,3,3,3
R00859,T035,Operations,CA,North America,Men,30-39,Individual contributor,1-2 years,Onsite,1,0,,,,,,,,,,,,,,,,,,,,
R00860,T035,Operations,CA,North America,Women,40-49,Manager,6-10 years,Onsite,0,1,2026-05-21,7,5,4,4,4,4,4,2,3,3,2,3,2,4,4,5,4,4,4
R00861,T035,Operations,CA,North America,Men,30-39,Individual contributor,1-2 years,Onsite,1,1,2026-05-13,6,3,2,3,2,2,2,3,3,3,4,3,4,5,4,4,3,2,2
R00862,T035,Operations,CA,North America,Women,40-49,Individual contributor,10 years +,Onsite,1,1,2026-05-21,8,4,5,4,4,3,4,4,2,4,2,2,3,5,5,5,4,4,4
R00863,T035,Operations,CA,North America,Women,40-49,Individual contributor,3-5 years,Onsite,1,0,,,,,,,,,,,,,,,,,,,,
R00864,T035,Operations,CA,North America,Men,50-59,Team lead,6-10 years,Hybrid,0,1,2026-05-10,8,4,3,3,2,3,3,2,4,4,1,2,4,4,5,3,4,4,2
R00865,T035,Operations,CA,North America,Men,30-39,Individual contributor,10 years +,Hybrid,0,1,2026-05-22,5,3,3,4,3,4,2,3,4,3,3,4,4,4,4,4,3,3,4
R00866,T035,Operations,CA,North America,Women,40-49,Individual contributor,10 years +,Hybrid,0,1,2026-05-17,8,4,4,3,3,2,3,3,4,4,2,1,2,5,4,3,4,4,4
R00867,T035,Operations,CA,North America,Women,40-49,Individual contributor,1-2 years,Onsite,0,0,,,,,,,,,,,,,,,,,,,,
R00868,T035,Operations,CA,North America,Men,30-39,Manager,6-10 years,Onsite,1,1,2026-05-05,5,5,4,4,1,3,3,2,2,2,4,3,3,4,4,4,3,3,3
R00869,T035,Operations,CA,North America,Women,50-59,Individual contributor,< 1 year,Onsite,1,0,,,,,,,,,,,,,,,,,,,,
R00870,T035,Operations,CA,North America,Women,18-29,Individual contributor,3-5 years,Onsite,1,1,2026-05-20,8,5,5,4,4,2,2,4,5,4,3,3,4,3,4,4,5,4,4
R00871,T035,Operations,CA,North America,Men,40-49,Team lead,< 1 year,Onsite,1,1,2026-05-05,7,5,5,5,3,3,2,4,4,3,3,3,4,5,5,5,3,3,2
R00872,T036,Operations,SG,APAC,Men,40-49,Individual contributor,6-10 years,Hybrid,0,1,2026-05-13,7,3,5,3,3,3,2,2,1,4,4,4,5,4,4,3,4,3,2
R00873,T036,Operations,SG,APAC,Men,18-29,Individual contributor,1-2 years,Onsite,0,1,2026-05-06,6,4,4,2,4,4,4,5,3,4,4,2,3,5,4,4,5,3,2
R00874,T036,Operations,SG,APAC,Women,30-39,Individual contributor,3-5 years,Onsite,0,1,2026-05-06,9,2,5,4,4,3,4,4,3,4,3,3,4,5,5,4,4,5,4
R00875,T036,Operations,SG,APAC,Women,40-49,Individual contributor,6-10 years,Onsite,1,1,2026-05-04,5,2,2,3,2,3,4,4,3,4,2,5,2,3,3,2,3,4,2
R00876,T036,Operations,SG,APAC,Women,18-29,Individual contributor,6-10 years,Onsite,1,1,2026-05-16,6,3,3,2,3,4,2,2,2,3,2,2,2,4,3,3,4,4,3
R00877,T036,Operations,SG,APAC,Men,50-59,Individual contributor,3-5 years,Hybrid,0,0,,,,,,,,,,,,,,,,,,,,
R00878,T036,Operations,SG,APAC,Men,30-39,Individual contributor,< 1 year,Onsite,0,1,2026-05-15,7,4,2,2,3,4,3,4,2,4,3,4,2,4,4,3,3,3,4
R00879,T036,Operations,SG,APAC,Women,30-39,Individual contributor,1-2 years,Onsite,1,0,,,,,,,,,,,,,,,,,,,,
R00880,T036,Operations,SG,APAC,Women,50-59,Individual contributor,6-10 years,Onsite,1,0,,,,,,,,,,,,,,,,,,,,
R00881,T036,Operations,SG,APAC,Men,50-59,Manager,3-5 years,Onsite,1,0,,,,,,,,,,,,,,,,,,,,
R00882,T036,Operations,SG,APAC,Women,18-29,Individual contributor,6-10 years,Hybrid,0,0,,,,,,,,,,,,,,,,,,,,
R00883,T036,Operations,SG,APAC,Women,30-39,Team lead,3-5 years,Onsite,0,1,2026-05-22,8,2,4,3,5,5,4,3,4,2,4,3,4,3,4,3,5,4,3
R00884,T036,Operations,SG,APAC,Men,40-49,Individual contributor,6-10 years,Onsite,1,0,,,,,,,,,,,,,,,,,,,,
R00885,T036,Operations,SG,APAC,Women,30-39,Individual contributor,< 1 year,Onsite,1,0,,,,,,,,,,,,,,,,,,,,
R00886,T036,Operations,SG,APAC,Men,18-29,Individual contributor,< 1 year,Hybrid,0,1,2026-05-04,9,4,5,5,5,5,4,3,2,3,3,3,4,5,5,5,4,4,4
R00887,T036,Operations,SG,APAC,Women,50-59,Individual contributor,6-10 years,Onsite,0,1,2026-05-18,5,5,4,4,2,1,2,3,2,4,4,3,4,3,3,2,3,2,3
R00888,T036,Operations,SG,APAC,Men,18-29,Individual contributor,6-10 years,Onsite,1,0,,,,,,,,,,,,,,,,,,,,
R00889,T036,Operations,SG,APAC,Men,30-39,Individual contributor,3-5 years,Onsite,1,0,,,,,,,,,,,,,,,,,,,,
R00890,T036,Operations,SG,APAC,Women,50-59,Individual contributor,1-2 years,Hybrid,0,1,2026-05-15,7,4,3,3,3,3,4,2,2,3,4,5,4,4,3,3,4,3,4
R00891,T036,Operations,SG,APAC,Men,18-29,Individual contributor,10 years +,Onsite,1,1,2026-05-07,7,3,4,3,1,1,2,3,4,3,3,2,4,3,3,4,4,4,3
R00892,T036,Operations,SG,APAC,Women,40-49,Team lead,1-2 years,Onsite,0,1,2026-05-09,7,3,3,3,3,2,4,4,3,4,5,5,5,3,3,3,3,2,3
R00893,T036,Operations,SG,APAC,Men,40-49,Individual contributor,3-5 years,Onsite,1,1,2026-05-19,9,4,4,4,4,1,3,2,1,3,2,3,3,4,5,4,4,4,3
R00894,T036,Operations,SG,APAC,Men,50-59,Individual contributor,3-5 years,Hybrid,0,0,,,,,,,,,,,,,,,,,,,,
R00895,T036,Operations,SG,APAC,Women,60+,Individual contributor,3-5 years,Onsite,1,1,2026-05-05,5,2,2,3,2,3,1,2,1,2,5,4,4,3,4,3,4,2,2
R00896,T036,Operations,SG,APAC,Men,18-29,Individual contributor,10 years +,Onsite,0,1,2026-05-10,10,2,4,3,4,4,3,3,2,3,3,3,4,2,2,1,4,5,5
R00897,T036,Operations,SG,APAC,Women,18-29,Individual contributor,1-2 years,Hybrid,0,1,2026-05-06,8,2,4,2,3,3,3,4,4,4,3,2,3,4,4,3,4,4,3
R00898,T036,Operations,SG,APAC,Women,18-29,Individual contributor,3-5 years,Onsite,1,1,2026-05-18,7,2,2,2,2,3,3,5,5,4,3,4,5,3,2,3,4,4,4
R00899,T036,Operations,SG,APAC,Men,60+,Individual contributor,10 years +,Onsite,1,0,,,,,,,,,,,,,,,,,,,,
R00900,T036,Operations,SG,APAC,Women,30-39,Individual contributor,1-2 years,Onsite,0,1,2026-05-04,5,3,4,4,3,3,4,4,3,5,4,4,4,3,2,2,4,3,4
R00901,T036,Operations,SG,APAC,Women,30-39,Team lead,6-10 years,Onsite,1,0,,,,,,,,,,,,,,,,,,,,
R00902,T036,Operations,SG,APAC,Men,40-49,Individual contributor,3-5 years,Hybrid,0,1,2026-05-22,6,4,5,4,4,5,4,4,4,5,3,4,3,2,3,2,3,3,3
R00903,T036,Operations,SG,APAC,Men,40-49,Individual contributor,3-5 years,Onsite,1,1,2026-05-07,6,2,4,4,3,3,3,3,4,2,2,4,4,4,4,2,4,3,3
R00904,T036,Operations,SG,APAC,Women,30-39,Team lead,3-5 years,Onsite,1,0,,,,,,,,,,,,,,,,,,,,
R00905,T036,Operations,SG,APAC,Women,40-49,Individual contributor,6-10 years,Onsite,1,0,,,,,,,,,,,,,,,,,,,,
R00906,T036,Operations,SG,APAC,Women,30-39,Individual contributor,3-5 years,Onsite,0,1,2026-05-17,7,4,5,4,3,3,3,5,4,4,5,4,4,3,2,4,3,3,3
R00907,T037,Operations,DE,EMEA,Men,30-39,Individual contributor,1-2 years,Onsite,0,1,2026-05-22,8,3,4,3,4,5,4,5,5,5,4,4,4,5,5,5,5,4,4
R00908,T037,Operations,DE,EMEA,Women,30-39,Individual contributor,6-10 years,Onsite,1,1,2026-05-04,6,4,4,3,5,5,5,2,4,2,2,2,2,2,3,4,3,3,5
R00909,T037,Operations,DE,EMEA,Women,40-49,Individual contributor,6-10 years,Onsite,0,1,2026-05-22,8,5,5,5,5,3,4,3,2,2,4,4,4,4,4,3,4,5,2
R00910,T037,Operations,DE,EMEA,Men,50-59,Individual contributor,< 1 year,Onsite,0,0,,,,,,,,,,,,,,,,,,,,
R00911,T037,Operations,DE,EMEA,Men,40-49,Individual contributor,10 years +,Onsite,1,0,,,,,,,,,,,,,,,,,,,,
R00912,T037,Operations,DE,EMEA,Women,40-49,Individual contributor,< 1 year,Onsite,1,0,,,,,,,,,,,,,,,,,,,,
R00913,T037,Operations,DE,EMEA,Men,50-59,Manager,1-2 years,Onsite,1,1,2026-05-11,7,3,3,3,3,4,4,5,5,5,4,5,5,4,4,4,5,4,4
R00914,T037,Operations,DE,EMEA,Women,30-39,Individual contributor,1-2 years,Onsite,1,1,2026-05-06,8,5,4,5,4,4,3,3,2,4,5,5,4,5,5,4,4,4,5
R00915,T038,Operations,CA,North America,Women,50-59,Individual contributor,< 1 year,Onsite,1,0,,,,,,,,,,,,,,,,,,,,
R00916,T038,Operations,CA,North America,Women,30-39,Individual contributor,< 1 year,Onsite,1,0,,,,,,,,,,,,,,,,,,,,
R00917,T038,Operations,CA,North America,Women,30-39,Individual contributor,3-5 years,Hybrid,0,1,2026-05-20,9,5,5,5,3,4,2,5,5,5,2,1,2,4,5,4,5,5,5
R00918,T038,Operations,CA,North America,Men,18-29,Manager,6-10 years,Onsite,1,1,2026-05-22,7,4,4,2,5,4,4,5,3,5,2,4,3,5,5,5,5,4,5
R00919,T038,Operations,CA,North America,Men,30-39,Individual contributor,6-10 years,Onsite,1,1,2026-05-15,10,5,5,5,3,3,3,4,4,5,2,2,2,5,5,5,5,4,4
R00920,T038,Operations,CA,North America,Women,40-49,Individual contributor,< 1 year,Hybrid,0,1,2026-05-09,9,5,5,5,5,5,3,5,5,5,3,5,5,5,5,5,5,4,4
R00921,T038,Operations,CA,North America,Women,60+,Individual contributor,< 1 year,Onsite,1,1,2026-05-21,7,5,4,4,3,3,3,4,4,5,4,4,4,5,5,5,5,5,4
R00922,T038,Operations,CA,North America,Men,40-49,Individual contributor,< 1 year,Onsite,1,0,,,,,,,,,,,,,,,,,,,,
R00923,T038,Operations,CA,North America,Men,30-39,Individual contributor,1-2 years,Hybrid,0,1,2026-05-20,7,5,5,5,3,3,2,2,2,5,2,3,3,5,5,5,3,4,2
R00924,T038,Operations,CA,North America,Women,18-29,Individual contributor,3-5 years,Hybrid,0,0,,,,,,,,,,,,,,,,,,,,
R00925,T038,Operations,CA,North America,Men,50-59,Individual contributor,6-10 years,Onsite,0,1,2026-05-10,8,3,4,4,5,5,5,2,2,4,4,3,3,5,5,5,3,3,3
R00926,T038,Operations,CA,North America,Women,50-59,Individual contributor,3-5 years,Remote,0,1,2026-05-10,7,5,5,4,3,3,2,5,5,5,2,2,3,3,5,4,4,4,4
R00927,T038,Operations,CA,North America,Women,18-29,Team lead,3-5 years,Onsite,0,0,,,,,,,,,,,,,,,,,,,,
R00928,T038,Operations,CA,North America,Men,40-49,Individual contributor,10 years +,Onsite,1,1,2026-05-18,8,5,5,4,4,4,2,4,4,4,2,3,5,5,5,3,4,4,4
R00929,T038,Operations,CA,North America,Women,50-59,Individual contributor,1-2 years,Onsite,1,1,2026-05-16,8,4,4,5,4,4,3,4,4,5,4,3,4,5,5,5,5,4,4
R00930,T038,Operations,CA,North America,Men,30-39,Individual contributor,1-2 years,Onsite,1,1,2026-05-22,7,5,5,4,2,3,2,5,3,4,2,4,4,5,5,5,4,5,4
R00931,T038,Operations,CA,North America,Women,30-39,Individual contributor,3-5 years,Onsite,1,0,,,,,,,,,,,,,,,,,,,,
R00932,T038,Operations,CA,North America,Women,18-29,Team lead,6-10 years,Onsite,1,1,2026-05-04,6,4,4,3,3,5,4,4,5,3,4,4,4,5,5,5,3,3,4
R00933,T038,Operations,CA,North America,Women,40-49,Individual contributor,3-5 years,Onsite,1,1,2026-05-12,10,4,5,5,3,2,3,4,5,5,1,3,3,5,5,5,5,5,5
R00934,T038,Operations,CA,North America,Women,30-39,Team lead,3-5 years,Onsite,0,1,2026-05-08,10,5,4,4,4,2,3,5,5,4,3,3,3,5,5,5,4,4,4
R00935,T038,Operations,CA,North America,Women,40-49,Individual contributor,3-5 years,Onsite,1,0,,,,,,,,,,,,,,,,,,,,
R00936,T038,Operations,CA,North America,Men,18-29,Individual contributor,1-2 years,Onsite,1,1,2026-05-16,7,5,5,5,4,5,4,2,4,4,2,3,3,5,5,5,4,4,2
R00937,T038,Operations,CA,North America,Men,60+,Senior leader,< 1 year,Onsite,1,1,2026-05-20,10,5,5,5,5,5,5,5,5,5,5,5,4,5,5,5,4,5,4
R00938,T039,Operations,SG,APAC,Men,18-29,Individual contributor,3-5 years,Onsite,0,0,,,,,,,,,,,,,,,,,,,,
R00939,T039,Operations,SG,APAC,Men,30-39,Individual contributor,1-2 years,Onsite,1,0,,,,,,,,,,,,,,,,,,,,
R00940,T039,Operations,SG,APAC,Men,30-39,Individual contributor,< 1 year,Onsite,1,0,,,,,,,,,,,,,,,,,,,,
R00941,T039,Operations,SG,APAC,Men,40-49,Manager,< 1 year,Onsite,1,1,2026-05-16,7,4,5,4,5,4,4,4,3,4,4,2,3,5,5,4,4,4,5
R00942,T039,Operations,SG,APAC,Men,18-29,Individual contributor,3-5 years,Onsite,0,1,2026-05-15,5,3,5,2,3,5,5,4,3,4,3,2,3,3,4,4,3,1,2
R00943,T039,Operations,SG,APAC,Non-binary / self-described,18-29,Team lead,3-5 years,Onsite,1,1,2026-05-04,6,4,4,4,2,2,2,2,3,4,4,3,4,2,1,2,4,3,4
R00944,T039,Operations,SG,APAC,Non-binary / self-described,18-29,Individual contributor,6-10 years,Onsite,1,0,,,,,,,,,,,,,,,,,,,,
R00945,T039,Operations,SG,APAC,Men,18-29,Individual contributor,1-2 years,Onsite,0,0,,,,,,,,,,,,,,,,,,,,
R00946,T039,Operations,SG,APAC,Men,18-29,Individual contributor,3-5 years,Onsite,1,1,2026-05-06,6,4,4,4,4,5,4,3,5,4,2,2,3,5,5,4,3,5,4
R00947,T039,Operations,SG,APAC,Men,40-49,Team lead,1-2 years,Onsite,0,1,2026-05-12,7,4,3,5,3,3,4,2,3,3,3,4,2,4,2,4,3,3,2
R00948,T039,Operations,SG,APAC,Women,18-29,Team lead,3-5 years,Onsite,0,1,2026-05-07,6,4,4,4,4,4,3,2,2,3,2,3,3,4,3,3,3,2,3
R00949,T039,Operations,SG,APAC,Women,18-29,Individual contributor,1-2 years,Onsite,0,1,2026-05-21,7,3,4,5,2,3,4,3,4,4,3,3,4,4,4,2,4,4,4
R00950,T039,Operations,SG,APAC,Women,30-39,Individual contributor,1-2 years,Onsite,1,1,2026-05-15,6,2,3,4,3,4,4,3,3,4,1,2,3,5,5,5,4,4,2
R00951,T039,Operations,SG,APAC,Women,30-39,Individual contributor,6-10 years,Onsite,1,0,,,,,,,,,,,,,,,,,,,,
R00952,T039,Operations,SG,APAC,Men,50-59,Individual contributor,1-2 years,Hybrid,0,1,2026-05-04,7,4,5,5,3,4,3,3,2,3,4,4,4,5,3,5,5,4,2
R00953,T039,Operations,SG,APAC,Women,30-39,Individual contributor,10 years +,Onsite,0,1,2026-05-18,7,5,3,4,3,4,4,3,3,4,4,3,3,4,5,5,4,4,4
R00954,T039,Operations,SG,APAC,Men,30-39,Individual contributor,10 years +,Onsite,1,0,,,,,,,,,,,,,,,,,,,,
R00955,T040,Operations,US,North America,Women,40-49,Individual contributor,3-5 years,Onsite,1,1,2026-05-06,10,4,4,2,4,5,5,4,4,4,3,2,3,4,4,4,4,4,4
R00956,T040,Operations,US,North America,Men,30-39,Individual contributor,3-5 years,Onsite,1,1,2026-05-04,8,3,3,2,4,3,3,3,3,4,3,2,3,3,4,5,5,2,3
R00957,T040,Operations,US,North America,Women,30-39,Individual contributor,3-5 years,Onsite,0,0,,,,,,,,,,,,,,,,,,,,
R00958,T040,Operations,US,North America,Men,40-49,Individual contributor,1-2 years,Onsite,0,1,2026-05-07,8,3,3,4,4,4,4,2,3,3,3,3,3,2,2,3,5,5,4
R00959,T040,Operations,US,North America,Women,40-49,Team lead,< 1 year,Onsite,1,1,2026-05-06,6,5,4,4,4,4,5,4,5,4,5,4,5,3,4,4,4,4,4
R00960,T040,Operations,US,North America,Women,40-49,Individual contributor,6-10 years,Onsite,1,1,2026-05-10,5,3,4,2,2,3,2,2,3,3,5,4,5,3,3,3,3,3,1
R00961,T040,Operations,US,North America,Women,40-49,Individual contributor,1-2 years,Onsite,0,1,2026-05-20,6,3,3,3,3,3,3,3,4,3,4,4,4,1,2,3,4,4,4
R00962,T040,Operations,US,North America,Women,30-39,Team lead,6-10 years,Onsite,1,0,,,,,,,,,,,,,,,,,,,,
R00963,T040,Operations,US,North America,Men,40-49,Team lead,< 1 year,Onsite,1,1,2026-05-05,10,5,4,4,5,5,5,4,5,4,4,4,4,5,4,4,4,5,5
R00964,T040,Operations,US,North America,Women,40-49,Senior leader,6-10 years,Onsite,1,1,2026-05-16,8,4,5,4,2,2,1,3,2,2,5,5,4,3,2,3,3,5,4
R00965,T040,Operations,US,North America,Men,40-49,Senior leader,3-5 years,Onsite,1,1,2026-05-18,9,3,4,4,4,3,4,3,3,3,4,4,5,5,5,5,4,3,4
R00966,T040,Operations,US,North America,Men,40-49,Individual contributor,< 1 year,Onsite,0,0,,,,,,,,,,,,,,,,,,,,
R00967,T040,Operations,US,North America,Men,18-29,Individual contributor,6-10 years,Hybrid,0,0,,,,,,,,,,,,,,,,,,,,
R00968,T040,Operations,US,North America,Women,40-49,Individual contributor,3-5 years,Hybrid,0,1,2026-05-18,7,3,5,2,3,4,4,2,2,2,2,3,2,4,4,4,4,3,2
R00969,T040,Operations,US,North America,Men,50-59,Individual contributor,3-5 years,Onsite,0,1,2026-05-15,9,4,4,3,2,3,3,4,3,4,4,3,3,4,4,4,5,4,3
R00970,T040,Operations,US,North America,Women,30-39,Individual contributor,3-5 years,Onsite,0,1,2026-05-07,8,5,4,5,5,4,4,1,2,2,5,5,4,3,3,2,4,5,5
R00971,T040,Operations,US,North America,Women,50-59,Individual contributor,1-2 years,Onsite,1,0,,,,,,,,,,,,,,,,,,,,
R00972,T040,Operations,US,North America,Women,40-49,Individual contributor,1-2 years,Onsite,1,1,2026-05-16,8,4,5,4,5,4,5,2,2,3,5,4,5,5,3,4,4,3,4
R00973,T040,Operations,US,North America,Women,60+,Individual contributor,3-5 years,Onsite,1,1,2026-05-21,5,3,4,4,5,3,3,3,3,3,3,4,4,2,3,3,3,2,3
R00974,T040,Operations,US,North America,Women,40-49,Team lead,1-2 years,Onsite,1,0,,,,,,,,,,,,,,,,,,,,
R00975,T040,Operations,US,North America,Women,40-49,Team lead,1-2 years,Onsite,0,1,2026-05-10,7,2,3,1,4,5,4,5,5,5,3,3,4,3,4,2,5,4,4
R00976,T040,Operations,US,North America,Men,40-49,Individual contributor,6-10 years,Onsite,1,0,,,,,,,,,,,,,,,,,,,,
R00977,T040,Operations,US,North America,Men,30-39,Manager,3-5 years,Onsite,1,1,2026-05-05,7,4,4,4,4,4,4,1,2,4,3,4,4,5,4,4,5,5,4
R00978,T040,Operations,US,North America,Women,50-59,Individual contributor,3-5 years,Onsite,1,0,,,,,,,,,,,,,,,,,,,,
R00979,T040,Operations,US,North America,Women,50-59,Individual contributor,< 1 year,Onsite,1,1,2026-05-05,5,4,5,3,5,5,5,2,2,3,4,4,5,5,4,2,4,5,3
R00980,T040,Operations,US,North America,Men,50-59,Individual contributor,1-2 years,Onsite,0,1,2026-05-15,6,5,4,4,5,5,3,2,2,3,3,3,4,3,3,2,4,3,3
R00981,T040,Operations,US,North America,Women,40-49,Team lead,3-5 years,Onsite,1,0,,,,,,,,,,,,,,,,,,,,
R00982,T040,Operations,US,North America,Men,60+,Individual contributor,6-10 years,Onsite,1,1,2026-05-11,6,5,4,5,3,3,2,2,2,4,3,3,4,3,4,3,3,3,4
R00983,T040,Operations,US,North America,Men,18-29,Team lead,< 1 year,Onsite,1,1,2026-05-14,8,4,2,2,4,4,2,4,4,4,5,4,5,4,4,4,3,3,3
R00984,T040,Operations,US,North America,Men,40-49,Individual contributor,3-5 years,Onsite,0,1,2026-05-18,6,3,2,4,3,3,3,3,5,5,4,2,3,2,4,2,4,3,2
R00985,T040,Operations,US,North America,Men,18-29,Individual contributor,1-2 years,Onsite,1,0,,,,,,,,,,,,,,,,,,,,
R00986,T040,Operations,US,North America,Men,40-49,Manager,6-10 years,Onsite,1,1,2026-05-16,8,3,4,2,3,5,5,4,2,5,3,2,3,4,4,2,3,5,4
R00987,T040,Operations,US,North America,Non-binary / self-described,30-39,Team lead,1-2 years,Onsite,1,1,2026-05-06,8,2,4,3,5,5,5,2,3,3,3,3,4,3,4,4,4,5,4
R00988,T040,Operations,US,North America,Women,30-39,Individual contributor,3-5 years,Onsite,1,0,,,,,,,,,,,,,,,,,,,,
R00989,T040,Operations,US,North America,Men,30-39,Individual contributor,10 years +,Onsite,1,1,2026-05-21,6,3,2,4,4,4,4,1,3,2,4,4,4,4,4,4,3,3,2
R00990,T040,Operations,US,North America,Men,18-29,Individual contributor,6-10 years,Onsite,1,1,2026-05-17,7,3,3,3,2,3,2,5,4,4,4,3,5,1,1,1,4,5,5
R00991,T040,Operations,US,North America,Men,18-29,Individual contributor,1-2 years,Onsite,1,0,,,,,,,,,,,,,,,,,,,,
R00992,T040,Operations,US,North America,Women,30-39,Manager,< 1 year,Onsite,1,0,,,,,,,,,,,,,,,,,,,,
R00993,T040,Operations,US,North America,Men,18-29,Manager,< 1 year,Hybrid,0,1,2026-05-17,8,3,3,3,3,5,4,3,3,5,4,4,5,5,5,4,5,5,4
R00994,T040,Operations,US,North America,Men,40-49,Team lead,6-10 years,Hybrid,0,1,2026-05-12,10,4,2,4,3,3,4,4,4,3,3,5,5,5,5,5,5,3,4
R00995,T040,Operations,US,North America,Women,30-39,Individual contributor,1-2 years,Onsite,1,1,2026-05-10,5,3,4,4,4,4,4,3,4,2,4,3,4,4,4,3,4,3,4
R00996,T040,Operations,US,North America,Men,30-39,Individual contributor,1-2 years,Onsite,1,1,2026-05-04,6,4,5,5,4,4,4,2,4,4,3,3,5,4,4,4,3,2,3
R00997,T040,Operations,US,North America,Men,30-39,Individual contributor,< 1 year,Onsite,1,0,,,,,,,,,,,,,,,,,,,,
R00998,T040,Operations,US,North America,Men,18-29,Team lead,6-10 years,Onsite,1,0,,,,,,,,,,,,,,,,,,,,
R00999,T041,Operations,US,North America,Women,18-29,Individual contributor,6-10 years,Onsite,1,0,,,,,,,,,,,,,,,,,,,,
R01000,T041,Operations,US,North America,Men,18-29,Individual contributor,3-5 years,Hybrid,0,0,,,,,,,,,,,,,,,,,,,,
R01001,T041,Operations,US,North America,Women,40-49,Team lead,6-10 years,Onsite,0,1,2026-05-04,7,3,3,4,3,4,4,5,4,5,2,4,2,5,5,4,4,3,3
R01002,T041,Operations,US,North America,Men,30-39,Individual contributor,3-5 years,Onsite,1,1,2026-05-14,7,4,5,4,4,3,3,2,3,4,4,2,4,3,4,4,5,4,4
R01003,T041,Operations,US,North America,Men,50-59,Team lead,1-2 years,Onsite,1,1,2026-05-22,8,5,5,5,2,2,2,3,3,3,4,4,5,5,5,5,3,3,3
R01004,T041,Operations,US,North America,Women,60+,Individual contributor,1-2 years,Onsite,0,1,2026-05-12,6,5,5,5,3,3,4,2,2,4,3,2,3,5,5,5,4,2,4
R01005,T041,Operations,US,North America,Women,50-59,Individual contributor,3-5 years,Onsite,1,1,2026-05-05,7,2,4,4,4,4,4,2,2,3,3,4,3,5,4,4,4,3,2
R01006,T041,Operations,US,North America,Women,30-39,Individual contributor,6-10 years,Onsite,0,1,2026-05-05,6,5,5,5,3,3,3,2,2,3,2,2,4,4,4,4,2,3,2
R01007,T041,Operations,US,North America,Men,18-29,Individual contributor,3-5 years,Hybrid,0,1,2026-05-12,7,3,4,3,3,4,3,3,3,3,4,2,5,3,3,3,5,5,4
R01008,T041,Operations,US,North America,Men,40-49,Manager,3-5 years,Onsite,1,1,2026-05-04,7,2,5,5,3,4,4,3,2,4,3,3,3,5,5,5,4,5,3
R01009,T041,Operations,US,North America,Men,30-39,Manager,6-10 years,Hybrid,0,1,2026-05-06,7,4,5,4,4,4,3,2,2,4,4,4,4,5,5,5,3,2,4
R01010,T041,Operations,US,North America,Women,40-49,Individual contributor,3-5 years,Onsite,0,1,2026-05-18,8,3,3,3,2,3,3,4,4,3,3,3,3,5,5,5,5,3,4
R01011,T042,Operations,IN,APAC,Non-binary / self-described,30-39,Individual contributor,3-5 years,Onsite,1,0,,,,,,,,,,,,,,,,,,,,
R01012,T042,Operations,IN,APAC,Men,40-49,Team lead,< 1 year,Onsite,1,0,,,,,,,,,,,,,,,,,,,,
R01013,T042,Operations,IN,APAC,Men,18-29,Individual contributor,3-5 years,Onsite,1,1,2026-05-05,6,5,3,4,2,2,2,1,1,1,3,4,5,5,4,5,4,3,3
R01014,T042,Operations,IN,APAC,Men,50-59,Individual contributor,3-5 years,Onsite,1,1,2026-05-22,7,2,2,4,2,2,2,2,3,4,3,4,2,5,4,4,3,2,2
R01015,T042,Operations,IN,APAC,Men,18-29,Individual contributor,1-2 years,Onsite,1,0,,,,,,,,,,,,,,,,,,,,
R01016,T042,Operations,IN,APAC,Women,40-49,Manager,1-2 years,Onsite,1,1,2026-05-08,8,3,3,3,4,4,5,5,4,4,4,3,3,4,5,5,4,3,3
R01017,T042,Operations,IN,APAC,Men,30-39,Team lead,< 1 year,Onsite,1,1,2026-05-10,6,3,4,4,2,2,3,4,3,3,4,4,4,4,4,4,3,4,4
R01018,T042,Operations,IN,APAC,Women,50-59,Team lead,< 1 year,Onsite,0,1,2026-05-22,8,5,4,5,3,4,3,4,4,4,3,2,3,4,4,5,4,3,3
R01019,T042,Operations,IN,APAC,Men,60+,Team lead,< 1 year,Onsite,0,0,,,,,,,,,,,,,,,,,,,,
R01020,T042,Operations,IN,APAC,Women,40-49,Team lead,10 years +,Onsite,1,0,,,,,,,,,,,,,,,,,,,,
R01021,T042,Operations,IN,APAC,Men,60+,Team lead,1-2 years,Onsite,1,0,,,,,,,,,,,,,,,,,,,,
R01022,T042,Operations,IN,APAC,Women,40-49,Individual contributor,10 years +,Onsite,0,1,2026-05-20,5,4,5,3,1,2,2,3,5,3,2,3,4,5,4,4,4,4,4
R01023,T042,Operations,IN,APAC,Men,30-39,Individual contributor,1-2 years,Onsite,1,0,,,,,,,,,,,,,,,,,,,,
R01024,T042,Operations,IN,APAC,Men,50-59,Team lead,10 years +,Onsite,0,1,2026-05-15,8,3,5,4,3,4,3,3,2,4,2,4,3,5,5,4,5,4,4
R01025,T042,Operations,IN,APAC,Women,50-59,Individual contributor,6-10 years,Hybrid,0,1,2026-05-15,4,3,3,1,2,3,2,2,1,4,1,4,4,5,4,4,3,4,2
R01026,T042,Operations,IN,APAC,Men,18-29,Individual contributor,3-5 years,Onsite,1,1,2026-05-12,6,3,3,3,2,2,2,4,4,5,3,3,3,2,4,3,4,4,3
R01027,T042,Operations,IN,APAC,Men,30-39,Individual contributor,3-5 years,Hybrid,0,1,2026-05-22,5,4,3,2,2,2,2,2,2,3,3,2,3,4,3,4,4,2,2
R01028,T042,Operations,IN,APAC,Women,30-39,Team lead,3-5 years,Onsite,0,1,2026-05-05,5,2,2,4,2,3,2,2,3,4,2,2,3,3,3,5,3,3,3
R01029,T042,Operations,IN,APAC,Men,30-39,Individual contributor,6-10 years,Onsite,1,1,2026-05-18,4,4,3,4,4,4,3,4,3,3,4,2,3,3,4,4,2,2,1
R01030,T042,Operations,IN,APAC,Women,30-39,Team lead,6-10 years,Onsite,0,0,,,,,,,,,,,,,,,,,,,,
R01031,T042,Operations,IN,APAC,Women,18-29,Team lead,1-2 years,Onsite,1,1,2026-05-20,7,4,4,2,1,2,2,4,3,3,4,4,4,4,4,4,4,4,4
R01032,T042,Operations,IN,APAC,Women,50-59,Team lead,10 years +,Hybrid,0,1,2026-05-20,7,4,5,5,3,4,4,3,4,4,3,3,2,3,4,3,3,2,3
R01033,T042,Operations,IN,APAC,Women,18-29,Manager,6-10 years,Onsite,1,1,2026-05-14,8,3,5,3,2,3,2,5,3,5,2,4,4,4,5,5,4,4,3
R01034,T042,Operations,IN,APAC,Women,30-39,Individual contributor,< 1 year,Hybrid,0,1,2026-05-06,7,2,3,4,5,4,4,3,4,5,4,4,5,3,4,3,2,4,3
R01035,T043,Operations,DE,EMEA,Men,30-39,Individual contributor,10 years +,Onsite,1,0,,,,,,,,,,,,,,,,,,,,
R01036,T043,Operations,DE,EMEA,Non-binary / self-described,30-39,Team lead,6-10 years,Onsite,1,0,,,,,,,,,,,,,,,,,,,,
R01037,T043,Operations,DE,EMEA,Women,30-39,Individual contributor,< 1 year,Onsite,1,1,2026-05-22,8,4,4,4,2,4,3,2,3,3,4,4,4,4,2,4,5,4,5
R01038,T043,Operations,DE,EMEA,Men,40-49,Individual contributor,1-2 years,Onsite,0,1,2026-05-16,8,5,5,4,5,5,4,1,1,2,4,5,5,5,5,5,5,4,5
R01039,T043,Operations,DE,EMEA,Women,40-49,Individual contributor,10 years +,Onsite,0,1,2026-05-16,8,4,5,3,4,3,3,4,5,5,3,3,3,1,4,4,3,3,4
R01040,T043,Operations,DE,EMEA,Men,40-49,Individual contributor,3-5 years,Onsite,1,1,2026-05-15,3,3,3,3,2,2,3,4,4,4,3,2,4,3,4,3,3,2,2
R01041,T043,Operations,DE,EMEA,Men,50-59,Individual contributor,< 1 year,Onsite,0,1,2026-05-13,7,4,4,4,3,2,3,3,2,3,5,5,5,3,1,2,4,4,2
R01042,T043,Operations,DE,EMEA,Women,50-59,Individual contributor,1-2 years,Onsite,1,1,2026-05-16,5,3,3,4,5,4,4,4,4,4,4,4,5,3,3,2,3,3,4
R01043,T043,Operations,DE,EMEA,Women,18-29,Team lead,1-2 years,Onsite,1,0,,,,,,,,,,,,,,,,,,,,
R01044,T043,Operations,DE,EMEA,Women,50-59,Individual contributor,10 years +,Onsite,1,1,2026-05-19,6,3,3,2,5,4,5,2,2,3,2,3,4,3,2,2,2,4,3
R01045,T043,Operations,DE,EMEA,Women,18-29,Team lead,1-2 years,Onsite,1,1,2026-05-21,8,4,3,3,4,3,4,5,4,5,5,4,5,2,2,2,4,4,2
R01046,T043,Operations,DE,EMEA,Women,30-39,Individual contributor,1-2 years,Onsite,1,0,,,,,,,,,,,,,,,,,,,,
R01047,T043,Operations,DE,EMEA,Women,50-59,Individual contributor,3-5 years,Onsite,1,1,2026-05-11,6,2,3,1,3,3,3,3,2,3,5,2,5,3,3,3,3,3,2
R01048,T043,Operations,DE,EMEA,Men,60+,Team lead,1-2 years,Onsite,1,1,2026-05-15,9,4,5,5,4,5,5,3,4,3,5,5,4,1,2,2,4,4,3
R01049,T043,Operations,DE,EMEA,Men,30-39,Team lead,3-5 years,Hybrid,0,0,,,,,,,,,,,,,,,,,,,,
R01050,T043,Operations,DE,EMEA,Women,50-59,Individual contributor,1-2 years,Onsite,0,1,2026-05-16,9,3,3,2,5,4,3,4,3,4,3,2,4,4,5,4,3,4,3
R01051,T043,Operations,DE,EMEA,Women,18-29,Team lead,10 years +,Onsite,1,0,,,,,,,,,,,,,,,,,,,,
R01052,T043,Operations,DE,EMEA,Women,40-49,Individual contributor,3-5 years,Hybrid,0,1,2026-05-18,7,2,3,3,5,5,5,4,4,5,4,3,4,3,2,2,4,3,3
R01053,T043,Operations,DE,EMEA,Men,30-39,Individual contributor,6-10 years,Onsite,0,1,2026-05-05,6,4,3,4,4,4,4,2,3,3,3,4,4,3,5,3,4,3,2
R01054,T043,Operations,DE,EMEA,Men,60+,Individual contributor,1-2 years,Onsite,1,1,2026-05-10,5,3,4,4,4,2,2,1,3,4,5,3,4,3,5,5,4,3,3
R01055,T043,Operations,DE,EMEA,Men,18-29,Individual contributor,10 years +,Onsite,1,0,,,,,,,,,,,,,,,,,,,,
R01056,T043,Operations,DE,EMEA,Men,40-49,Individual contributor,1-2 years,Onsite,1,0,,,,,,,,,,,,,,,,,,,,
R01057,T043,Operations,DE,EMEA,Men,18-29,Individual contributor,6-10 years,Onsite,0,1,2026-05-18,6,5,3,4,3,2,4,2,2,2,3,4,5,4,4,4,3,3,3
R01058,T043,Operations,DE,EMEA,Women,18-29,Team lead,6-10 years,Onsite,0,1,2026-05-08,7,3,3,4,3,4,3,2,4,3,3,2,4,3,2,3,4,3,2
R01059,T043,Operations,DE,EMEA,Women,50-59,Individual contributor,10 years +,Onsite,0,1,2026-05-04,5,4,4,4,5,5,5,4,4,3,3,4,4,4,4,3,5,4,5
R01060,T043,Operations,DE,EMEA,Women,30-39,Individual contributor,< 1 year,Onsite,1,0,,,,,,,,,,,,,,,,,,,,
R01061,T043,Operations,DE,EMEA,Men,18-29,Individual contributor,< 1 year,Onsite,0,1,2026-05-22,6,4,3,3,4,4,4,4,3,3,4,4,5,4,4,2,4,4,2
R01062,T043,Operations,DE,EMEA,Men,18-29,Individual contributor,10 years +,Onsite,0,1,2026-05-16,10,3,3,4,1,3,2,5,5,5,4,4,5,3,2,2,5,4,5
R01063,T043,Operations,DE,EMEA,Men,40-49,Team lead,3-5 years,Onsite,1,0,,,,,,,,,,,,,,,,,,,,
R01064,T043,Operations,DE,EMEA,Women,18-29,Individual contributor,< 1 year,Onsite,1,0,,,,,,,,,,,,,,,,,,,,
R01065,T043,Operations,DE,EMEA,Men,30-39,Individual contributor,1-2 years,Onsite,1,1,2026-05-06,6,3,3,3,3,3,4,3,2,3,5,4,4,3,4,2,3,3,3
R01066,T043,Operations,DE,EMEA,Women,40-49,Individual contributor,3-5 years,Onsite,1,1,2026-05-19,7,3,2,2,4,4,4,2,2,3,3,3,2,4,4,3,3,4,2
R01067,T043,Operations,DE,EMEA,Men,50-59,Individual contributor,1-2 years,Onsite,1,0,,,,,,,,,,,,,,,,,,,,
R01068,T043,Operations,DE,EMEA,Women,18-29,Team lead,6-10 years,Hybrid,0,0,,,,,,,,,,,,,,,,,,,,
R01069,T043,Operations,DE,EMEA,Women,50-59,Individual contributor,6-10 years,Onsite,0,1,2026-05-16,9,3,4,3,5,2,5,4,1,3,4,2,5,4,3,2,5,5,4
R01070,T043,Operations,DE,EMEA,Women,50-59,Manager,< 1 year,Onsite,1,1,2026-05-10,10,5,5,5,4,3,4,4,4,4,4,3,4,4,3,3,4,3,3
R01071,T043,Operations,DE,EMEA,Non-binary / self-described,18-29,Team lead,1-2 years,Onsite,1,1,2026-05-06,9,3,3,4,4,4,4,4,2,4,4,4,5,4,4,4,5,5,5
R01072,T043,Operations,DE,EMEA,Women,18-29,Team lead,1-2 years,Onsite,1,0,,,,,,,,,,,,,,,,,,,,
R01073,T043,Operations,DE,EMEA,Women,50-59,Individual contributor,< 1 year,Onsite,1,0,,,,,,,,,,,,,,,,,,,,
R01074,T043,Operations,DE,EMEA,Women,40-49,Senior leader,6-10 years,Onsite,1,1,2026-05-19,5,5,5,5,2,3,4,4,3,4,4,4,5,5,4,4,4,4,2
R01075,T043,Operations,DE,EMEA,Non-binary / self-described,40-49,Individual contributor,1-2 years,Remote,0,1,2026-05-15,10,3,4,3,2,3,2,3,2,3,3,3,3,4,3,4,5,4,3
R01076,T043,Operations,DE,EMEA,Women,30-39,Individual contributor,< 1 year,Onsite,1,0,,,,,,,,,,,,,,,,,,,,
R01077,T043,Operations,DE,EMEA,Women,18-29,Manager,10 years +,Onsite,1,1,2026-05-14,9,5,4,4,4,5,4,5,4,4,4,2,3,5,5,4,5,5,5
R01078,T043,Operations,DE,EMEA,Men,40-49,Individual contributor,10 years +,Onsite,0,1,2026-05-07,9,4,3,2,5,4,3,3,3,4,4,4,5,4,4,4,4,4,4
R01079,T043,Operations,DE,EMEA,Women,50-59,Team lead,6-10 years,Onsite,1,0,,,,,,,,,,,,,,,,,,,,
R01080,T043,Operations,DE,EMEA,Men,30-39,Individual contributor,3-5 years,Onsite,1,0,,,,,,,,,,,,,,,,,,,,
R01081,T043,Operations,DE,EMEA,Men,30-39,Individual contributor,6-10 years,Onsite,0,0,,,,,,,,,,,,,,,,,,,,
R01082,T043,Operations,DE,EMEA,Men,50-59,Individual contributor,< 1 year,Onsite,1,1,2026-05-21,6,5,4,5,4,4,3,3,2,3,5,4,5,4,4,4,4,4,4
R01083,T043,Operations,DE,EMEA,Women,30-39,Team lead,10 years +,Onsite,0,1,2026-05-15,7,3,3,3,2,3,2,3,4,3,3,4,3,3,3,4,2,2,3
R01084,T043,Operations,DE,EMEA,Men,30-39,Individual contributor,1-2 years,Onsite,1,0,,,,,,,,,,,,,,,,,,,,
R01085,T043,Operations,DE,EMEA,Women,50-59,Individual contributor,6-10 years,Onsite,1,1,2026-05-21,8,4,5,4,5,3,3,3,3,2,4,4,4,3,3,1,4,4,3
R01086,T044,Operations,IN,APAC,Women,50-59,Individual contributor,1-2 years,Onsite,1,0,,,,,,,,,,,,,,,,,,,,
R01087,T044,Operations,IN,APAC,Women,18-29,Senior leader,6-10 years,Onsite,1,0,,,,,,,,,,,,,,,,,,,,
R01088,T044,Operations,IN,APAC,Women,60+,Team lead,1-2 years,Onsite,1,0,,,,,,,,,,,,,,,,,,,,
R01089,T044,Operations,IN,APAC,Women,30-39,Senior leader,6-10 years,Onsite,1,1,2026-05-16,7,5,5,5,4,5,4,5,5,5,5,5,5,4,4,4,4,4,5
R01090,T044,Operations,IN,APAC,Women,40-49,Manager,3-5 years,Hybrid,0,1,2026-05-07,6,4,5,3,4,3,4,4,5,4,5,5,5,3,5,4,3,4,4
R01091,T044,Operations,IN,APAC,Men,30-39,Team lead,6-10 years,Onsite,0,1,2026-05-10,10,5,5,5,5,4,4,5,4,5,4,5,5,5,5,5,5,5,4
R01092,T044,Operations,IN,APAC,Women,40-49,Individual contributor,1-2 years,Onsite,1,0,,,,,,,,,,,,,,,,,,,,
R01093,T044,Operations,IN,APAC,Women,30-39,Individual contributor,10 years +,Onsite,1,1,2026-05-16,6,5,5,5,4,4,4,4,4,5,4,2,3,5,5,4,5,5,4
R01094,T044,Operations,IN,APAC,Men,40-49,Team lead,10 years +,Onsite,0,1,2026-05-14,8,4,4,5,4,3,3,4,4,3,4,3,4,5,5,5,4,4,4
R01095,T044,Operations,IN,APAC,Women,50-59,Individual contributor,3-5 years,Onsite,0,1,2026-05-04,9,4,4,3,5,5,5,3,3,3,5,5,4,3,4,5,4,4,4
R01096,T044,Operations,IN,APAC,Women,40-49,Individual contributor,3-5 years,Onsite,1,1,2026-05-08,7,5,4,5,4,4,3,4,5,5,4,4,4,4,5,5,5,4,3
R01097,T044,Operations,IN,APAC,Men,18-29,Individual contributor,6-10 years,Onsite,0,1,2026-05-05,8,3,4,3,3,3,2,5,4,4,4,3,4,5,5,4,4,4,2
R01098,T044,Operations,IN,APAC,Men,30-39,Individual contributor,1-2 years,Onsite,1,1,2026-05-15,8,5,5,5,4,5,4,5,5,5,2,2,2,5,4,4,4,3,4
R01099,T044,Operations,IN,APAC,Women,18-29,Individual contributor,1-2 years,Onsite,0,1,2026-05-15,6,5,5,4,4,3,4,2,2,3,5,5,5,2,5,3,4,2,3
R01100,T044,Operations,IN,APAC,Non-binary / self-described,50-59,Manager,< 1 year,Remote,0,0,,,,,,,,,,,,,,,,,,,,
R01101,T045,Operations,US,North America,Men,18-29,Team lead,3-5 years,Onsite,1,0,,,,,,,,,,,,,,,,,,,,
R01102,T045,Operations,US,North America,Men,18-29,Manager,3-5 years,Onsite,1,1,2026-05-11,8,3,4,4,3,4,3,3,3,3,3,3,3,4,5,4,4,4,3
R01103,T045,Operations,US,North America,Men,50-59,Senior leader,1-2 years,Onsite,1,1,2026-05-15,9,2,3,2,4,4,5,4,5,4,3,5,5,5,5,4,5,3,3
R01104,T045,Operations,US,North America,Women,18-29,Individual contributor,1-2 years,Onsite,1,1,2026-05-16,7,4,5,4,4,3,3,3,3,4,4,3,4,5,5,5,3,2,2
R01105,T045,Operations,US,North America,Women,18-29,Individual contributor,< 1 year,Onsite,1,1,2026-05-16,9,4,3,4,4,4,3,5,3,4,2,3,4,3,3,4,5,3,4
R01106,T045,Operations,US,North America,Men,40-49,Individual contributor,1-2 years,Onsite,1,1,2026-05-07,8,3,4,3,3,3,4,4,5,5,3,3,3,4,4,4,5,5,5
R01107,T045,Operations,US,North America,Men,60+,Individual contributor,1-2 years,Onsite,0,1,2026-05-22,8,4,5,4,1,2,2,4,4,5,2,2,2,2,4,5,4,4,4
R01108,T045,Operations,US,North America,Men,30-39,Individual contributor,3-5 years,Onsite,1,1,2026-05-21,5,5,4,4,2,3,3,3,2,3,2,2,4,2,3,3,1,2,2
R01109,T045,Operations,US,North America,Women,40-49,Manager,3-5 years,Onsite,1,1,2026-05-15,8,4,4,4,2,4,4,3,4,4,4,2,4,4,5,4,5,5,3
R01110,T045,Operations,US,North America,Women,30-39,Individual contributor,6-10 years,Onsite,1,1,2026-05-15,8,5,4,4,3,4,3,3,3,2,3,2,3,5,5,4,4,5,4
R01111,T045,Operations,US,North America,Non-binary / self-described,30-39,Individual contributor,3-5 years,Remote,0,1,2026-05-05,6,4,3,2,2,3,5,4,3,2,4,4,4,4,5,4,3,3,2
R01112,T045,Operations,US,North America,Men,30-39,Individual contributor,3-5 years,Onsite,1,1,2026-05-05,6,4,5,4,3,5,4,3,3,4,4,3,5,5,4,3,3,2,3
R01113,T045,Operations,US,North America,Men,60+,Individual contributor,6-10 years,Onsite,1,0,,,,,,,,,,,,,,,,,,,,
R01114,T045,Operations,US,North America,Men,40-49,Individual contributor,< 1 year,Onsite,1,1,2026-05-15,9,4,5,4,4,5,4,4,3,4,2,1,4,5,4,4,4,4,4
R01115,T046,Operations,IN,APAC,Non-binary / self-described,40-49,Senior leader,< 1 year,Onsite,0,1,2026-05-05,8,5,5,5,4,4,4,5,5,4,3,4,5,5,5,5,5,5,4
R01116,T046,Operations,IN,APAC,Women,18-29,Individual contributor,3-5 years,Onsite,1,0,,,,,,,,,,,,,,,,,,,,
R01117,T046,Operations,IN,APAC,Men,18-29,Senior leader,< 1 year,Onsite,1,0,,,,,,,,,,,,,,,,,,,,
R01118,T046,Operations,IN,APAC,Women,18-29,Manager,3-5 years,Hybrid,0,1,2026-05-16,7,5,4,5,3,4,3,5,4,5,2,2,1,5,5,5,3,3,4
R01119,T046,Operations,IN,APAC,Women,18-29,Team lead,1-2 years,Onsite,1,1,2026-05-04,8,4,4,4,3,4,3,3,5,5,3,3,4,5,5,4,4,4,4
R01120,T046,Operations,IN,APAC,Men,60+,Team lead,< 1 year,Onsite,1,0,,,,,,,,,,,,,,,,,,,,
R01121,T046,Operations,IN,APAC,Women,40-49,Individual contributor,< 1 year,Onsite,0,1,2026-05-19,9,5,5,5,3,4,3,5,4,4,4,4,3,5,5,5,5,5,5
R01122,T046,Operations,IN,APAC,Women,50-59,Individual contributor,3-5 years,Onsite,0,1,2026-05-10,7,3,2,3,2,3,3,4,4,3,3,3,5,5,5,5,4,4,3
R01123,T046,Operations,IN,APAC,Men,50-59,Individual contributor,1-2 years,Onsite,0,1,2026-05-06,10,5,5,4,3,3,2,4,4,5,3,4,4,5,5,5,5,5,5
R01124,T046,Operations,IN,APAC,Women,50-59,Individual contributor,3-5 years,Hybrid,0,1,2026-05-18,6,4,4,3,4,4,2,5,5,5,4,4,4,5,5,5,3,4,3
R01125,T046,Operations,IN,APAC,Men,60+,Individual contributor,1-2 years,Onsite,1,1,2026-05-04,7,4,4,3,5,3,4,3,3,4,2,4,4,5,5,5,5,5,5
R01126,T046,Operations,IN,APAC,Women,40-49,Individual contributor,3-5 years,Onsite,1,1,2026-05-10,6,5,5,4,4,5,4,3,3,4,3,3,3,5,5,5,5,5,4
R01127,T046,Operations,IN,APAC,Women,30-39,Individual contributor,1-2 years,Onsite,1,1,2026-05-06,9,4,4,5,2,3,3,2,3,3,4,3,3,5,5,5,3,4,4
R01128,T046,Operations,IN,APAC,Men,60+,Team lead,3-5 years,Onsite,1,1,2026-05-06,10,5,5,5,3,4,4,4,3,5,3,3,3,5,5,5,5,5,5
R01129,T046,Operations,IN,APAC,Men,50-59,Individual contributor,6-10 years,Hybrid,0,1,2026-05-15,8,5,5,4,4,4,3,3,4,4,3,4,4,5,4,5,4,4,5
R01130,T046,Operations,IN,APAC,Men,30-39,Team lead,< 1 year,Onsite,1,0,,,,,,,,,,,,,,,,,,,,
R01131,T046,Operations,IN,APAC,Women,30-39,Individual contributor,3-5 years,Remote,0,1,2026-05-04,8,4,2,5,3,4,4,3,4,4,3,2,3,5,5,5,3,4,4
R01132,T046,Operations,IN,APAC,Men,40-49,Individual contributor,1-2 years,Onsite,1,1,2026-05-14,7,5,5,5,3,5,4,4,5,4,3,4,4,5,5,5,5,5,4
R01133,T046,Operations,IN,APAC,Men,40-49,Individual contributor,< 1 year,Onsite,1,1,2026-05-20,10,3,5,2,3,5,5,5,5,5,4,4,4,5,5,5,5,5,5
R01134,T046,Operations,IN,APAC,Non-binary / self-described,50-59,Individual contributor,1-2 years,Onsite,1,1,2026-05-22,6,4,3,4,4,4,3,5,5,5,3,3,3,4,4,4,5,2,4
R01135,T046,Operations,IN,APAC,Women,30-39,Individual contributor,10 years +,Onsite,1,1,2026-05-08,7,5,5,5,1,3,2,4,2,3,2,2,2,5,5,5,5,4,3
R01136,T046,Operations,IN,APAC,Men,50-59,Individual contributor,1-2 years,Onsite,1,1,2026-05-17,8,4,5,4,3,3,3,3,1,3,4,4,3,5,5,4,4,4,2
R01137,T046,Operations,IN,APAC,Men,40-49,Individual contributor,10 years +,Hybrid,0,1,2026-05-16,6,5,5,5,5,3,4,3,3,3,3,3,3,5,5,5,4,4,3
R01138,T046,Operations,IN,APAC,Women,18-29,Individual contributor,1-2 years,Onsite,1,0,,,,,,,,,,,,,,,,,,,,
R01139,T046,Operations,IN,APAC,Non-binary / self-described,60+,Team lead,1-2 years,Onsite,0,1,2026-05-15,10,5,5,5,4,5,4,5,4,4,4,3,4,5,5,5,4,4,3
R01140,T046,Operations,IN,APAC,Men,30-39,Individual contributor,3-5 years,Onsite,0,1,2026-05-05,8,4,4,4,2,2,1,4,3,4,2,2,4,5,5,4,5,3,4
R01141,T046,Operations,IN,APAC,Men,30-39,Individual contributor,3-5 years,Onsite,1,1,2026-05-06,8,4,5,4,1,1,2,4,5,5,5,4,5,5,5,5,5,5,5
R01142,T047,Operations,CA,North America,Men,30-39,Individual contributor,< 1 year,Onsite,1,1,2026-05-11,8,4,3,4,4,4,5,3,3,4,4,1,4,3,3,3,3,3,3
R01143,T047,Operations,CA,North America,Men,18-29,Team lead,< 1 year,Onsite,1,1,2026-05-12,10,5,5,4,2,4,4,3,4,4,4,3,5,4,2,2,4,4,2
R01144,T047,Operations,CA,North America,Men,18-29,Individual contributor,3-5 years,Onsite,1,0,,,,,,,,,,,,,,,,,,,,
R01145,T047,Operations,CA,North America,Women,30-39,Individual contributor,6-10 years,Onsite,0,1,2026-05-06,7,5,5,4,2,3,3,1,1,2,1,2,3,2,3,3,2,3,2
R01146,T047,Operations,CA,North America,Women,60+,Senior leader,3-5 years,Onsite,1,1,2026-05-08,9,5,5,4,4,5,4,3,3,4,2,2,4,3,4,3,5,4,5
R01147,T047,Operations,CA,North America,Women,18-29,Team lead,1-2 years,Onsite,1,0,,,,,,,,,,,,,,,,,,,,
R01148,T047,Operations,CA,North America,Women,40-49,Manager,1-2 years,Hybrid,0,0,,,,,,,,,,,,,,,,,,,,
R01149,T047,Operations,CA,North America,Men,18-29,Individual contributor,10 years +,Onsite,1,1,2026-05-11,5,3,4,4,3,2,3,4,3,4,3,3,4,4,3,4,4,2,4
R01150,T047,Operations,CA,North America,Women,40-49,Individual contributor,< 1 year,Onsite,1,1,2026-05-21,7,4,3,3,5,4,4,4,4,5,3,2,3,4,4,5,2,4,3
R01151,T047,Operations,CA,North America,Women,40-49,Individual contributor,6-10 years,Onsite,1,1,2026-05-04,4,4,4,3,4,5,4,2,3,3,5,2,3,3,3,3,4,2,3
R01152,T047,Operations,CA,North America,Women,30-39,Individual contributor,3-5 years,Hybrid,0,1,2026-05-06,8,5,5,4,4,5,5,3,3,3,3,3,4,3,3,2,4,4,5
R01153,T047,Operations,CA,North America,Men,50-59,Individual contributor,< 1 year,Onsite,0,0,,,,,,,,,,,,,,,,,,,,
R01154,T047,Operations,CA,North America,Women,40-49,Individual contributor,3-5 years,Onsite,1,0,,,,,,,,,,,,,,,,,,,,
R01155,T047,Operations,CA,North America,Women,40-49,Individual contributor,6-10 years,Onsite,1,1,2026-05-04,5,2,2,1,2,3,3,3,2,4,2,2,2,4,2,3,4,2,3
R01156,T047,Operations,CA,North America,Women,40-49,Individual contributor,1-2 years,Remote,0,1,2026-05-14,8,5,5,4,4,5,5,4,4,4,5,4,5,4,3,3,4,5,4
R01157,T047,Operations,CA,North America,Men,40-49,Manager,3-5 years,Onsite,1,1,2026-05-16,9,3,3,3,2,3,3,2,2,1,5,4,5,5,4,5,3,5,3
R01158,T047,Operations,CA,North America,Men,30-39,Team lead,1-2 years,Onsite,0,0,,,,,,,,,,,,,,,,,,,,
R01159,T047,Operations,CA,North America,Men,40-49,Individual contributor,6-10 years,Onsite,1,1,2026-05-21,7,2,1,2,4,3,2,4,4,5,5,5,4,5,4,3,4,3,3
R01160,T047,Operations,CA,North America,Women,60+,Individual contributor,3-5 years,Onsite,1,1,2026-05-09,7,3,2,3,2,4,2,2,2,2,1,1,1,4,4,4,2,2,3
R01161,T047,Operations,CA,North America,Women,50-59,Individual contributor,< 1 year,Onsite,0,1,2026-05-12,8,5,5,5,4,4,4,3,3,5,4,5,3,5,3,3,4,4,4
R01162,T047,Operations,CA,North America,Women,18-29,Individual contributor,3-5 years,Onsite,1,1,2026-05-06,6,5,4,4,4,4,4,4,4,4,3,2,3,4,5,4,4,3,2
R01163,T047,Operations,CA,North America,Men,50-59,Team lead,3-5 years,Onsite,1,1,2026-05-06,8,4,4,4,2,1,2,3,4,5,5,5,5,4,4,4,4,4,5
R01164,T047,Operations,CA,North America,Women,30-39,Individual contributor,1-2 years,Onsite,1,1,2026-05-22,6,4,4,3,3,4,3,2,2,3,4,2,3,3,2,3,3,2,2
R01165,T047,Operations,CA,North America,Women,18-29,Team lead,1-2 years,Onsite,1,0,,,,,,,,,,,,,,,,,,,,
R01166,T047,Operations,CA,North America,Men,30-39,Individual contributor,6-10 years,Onsite,1,0,,,,,,,,,,,,,,,,,,,,
R01167,T047,Operations,CA,North America,Women,40-49,Team lead,3-5 years,Onsite,1,1,2026-05-11,8,5,5,3,4,4,4,3,3,3,4,5,4,4,4,4,4,5,4
R01168,T048,Operations,DE,EMEA,Women,50-59,Manager,6-10 years,Onsite,1,1,2026-05-22,5,5,5,5,4,4,4,4,4,5,3,5,5,4,3,4,3,3,2
R01169,T048,Operations,DE,EMEA,Men,30-39,Individual contributor,3-5 years,Onsite,1,0,,,,,,,,,,,,,,,,,,,,
R01170,T048,Operations,DE,EMEA,Women,50-59,Team lead,3-5 years,Onsite,1,0,,,,,,,,,,,,,,,,,,,,
R01171,T048,Operations,DE,EMEA,Non-binary / self-described,40-49,Individual contributor,1-2 years,Onsite,1,1,2026-05-11,7,4,2,3,4,4,4,3,3,3,4,5,5,4,4,3,2,4,3
R01172,T048,Operations,DE,EMEA,Men,30-39,Individual contributor,3-5 years,Onsite,1,0,,,,,,,,,,,,,,,,,,,,
R01173,T048,Operations,DE,EMEA,Women,50-59,Manager,6-10 years,Onsite,1,1,2026-05-05,5,5,4,4,4,3,4,5,3,4,2,2,3,4,5,4,4,3,1
R01174,T048,Operations,DE,EMEA,Women,18-29,Individual contributor,1-2 years,Onsite,1,1,2026-05-12,6,3,4,3,4,4,3,3,2,4,2,2,3,4,5,5,3,2,3
R01175,T048,Operations,DE,EMEA,Women,18-29,Individual contributor,6-10 years,Remote,0,1,2026-05-04,8,3,3,3,3,3,3,2,3,4,4,4,4,4,4,4,3,4,4
R01176,T048,Operations,DE,EMEA,Women,30-39,Team lead,10 years +,Onsite,1,0,,,,,,,,,,,,,,,,,,,,
R01177,T048,Operations,DE,EMEA,Women,30-39,Individual contributor,3-5 years,Onsite,1,1,2026-05-22,7,5,5,4,2,2,2,4,5,4,3,3,3,4,5,4,4,3,4
R01178,T048,Operations,DE,EMEA,Men,30-39,Individual contributor,6-10 years,Onsite,0,0,,,,,,,,,,,,,,,,,,,,
R01179,T049,Customer Service,PL,EMEA,Women,18-29,Individual contributor,6-10 years,Onsite,0,1,2026-05-20,8,4,4,5,5,5,4,4,4,5,2,2,3,5,5,4,4,4,5
R01180,T049,Customer Service,PL,EMEA,Women,30-39,Individual contributor,3-5 years,Onsite,0,1,2026-05-12,8,5,5,5,4,5,4,5,4,4,3,2,3,3,4,4,5,5,4
R01181,T049,Customer Service,PL,EMEA,Men,60+,Team lead,1-2 years,Onsite,0,1,2026-05-21,9,5,5,5,2,3,3,4,4,2,4,4,4,5,5,5,4,3,4
R01182,T049,Customer Service,PL,EMEA,Women,50-59,Individual contributor,10 years +,Hybrid,0,1,2026-05-07,8,4,4,5,3,4,4,3,3,2,3,4,3,5,5,5,4,5,5
R01183,T049,Customer Service,PL,EMEA,Women,60+,Individual contributor,6-10 years,Onsite,1,0,,,,,,,,,,,,,,,,,,,,
R01184,T049,Customer Service,PL,EMEA,Women,40-49,Manager,6-10 years,Onsite,1,1,2026-05-22,10,4,5,4,5,4,5,5,5,5,5,3,5,5,5,5,5,5,4
R01185,T049,Customer Service,PL,EMEA,Women,50-59,Individual contributor,3-5 years,Remote,0,1,2026-05-06,8,5,4,4,5,5,5,4,5,4,4,3,5,5,4,4,4,4,4
R01186,T049,Customer Service,PL,EMEA,Non-binary / self-described,50-59,Team lead,< 1 year,Onsite,0,1,2026-05-06,8,5,5,5,3,4,5,4,4,5,5,5,5,5,5,5,5,4,5
R01187,T049,Customer Service,PL,EMEA,Men,40-49,Individual contributor,10 years +,Onsite,1,0,,,,,,,,,,,,,,,,,,,,
R01188,T049,Customer Service,PL,EMEA,Men,30-39,Team lead,1-2 years,Onsite,1,0,,,,,,,,,,,,,,,,,,,,
R01189,T049,Customer Service,PL,EMEA,Non-binary / self-described,30-39,Individual contributor,6-10 years,Onsite,1,1,2026-05-22,8,5,4,5,4,4,4,3,4,4,2,2,4,5,5,5,5,4,4
R01190,T049,Customer Service,PL,EMEA,Women,18-29,Individual contributor,6-10 years,Onsite,0,1,2026-05-13,7,4,5,4,5,5,5,4,3,4,3,3,2,5,5,5,3,4,3
R01191,T049,Customer Service,PL,EMEA,Men,40-49,Individual contributor,3-5 years,Onsite,0,1,2026-05-14,10,5,4,4,5,5,5,4,4,4,3,3,3,4,4,5,4,5,5
R01192,T049,Customer Service,PL,EMEA,Men,40-49,Individual contributor,6-10 years,Onsite,0,1,2026-05-14,10,4,5,3,5,3,4,4,5,5,4,4,4,5,5,5,5,4,5
R01193,T049,Customer Service,PL,EMEA,Men,18-29,Individual contributor,1-2 years,Onsite,0,1,2026-05-22,6,5,4,4,2,3,2,5,4,5,4,3,4,4,5,3,3,3,4
R01194,T049,Customer Service,PL,EMEA,Women,50-59,Individual contributor,6-10 years,Onsite,1,1,2026-05-04,7,4,3,3,4,5,5,5,5,5,1,3,2,3,4,4,4,4,3
R01195,T049,Customer Service,PL,EMEA,Women,30-39,Individual contributor,< 1 year,Onsite,0,1,2026-05-05,10,5,5,4,4,4,4,3,2,2,5,5,4,5,5,5,5,5,4
R01196,T049,Customer Service,PL,EMEA,Men,40-49,Individual contributor,1-2 years,Remote,0,1,2026-05-15,10,5,5,5,5,5,5,5,4,5,3,3,4,5,4,5,5,5,5
R01197,T050,Customer Service,PL,EMEA,Women,50-59,Manager,< 1 year,Onsite,0,1,2026-05-05,9,5,5,5,5,5,4,4,4,5,3,3,5,3,4,3,3,4,4
R01198,T050,Customer Service,PL,EMEA,Women,40-49,Individual contributor,3-5 years,Hybrid,0,0,,,,,,,,,,,,,,,,,,,,
R01199,T050,Customer Service,PL,EMEA,Men,40-49,Individual contributor,3-5 years,Onsite,0,1,2026-05-17,7,5,4,5,4,4,2,2,2,2,2,4,4,5,5,5,3,2,3
R01200,T050,Customer Service,PL,EMEA,Women,18-29,Individual contributor,< 1 year,Onsite,1,0,,,,,,,,,,,,,,,,,,,,
R01201,T050,Customer Service,PL,EMEA,Women,30-39,Individual contributor,1-2 years,Onsite,1,1,2026-05-07,8,3,4,2,4,4,4,3,2,4,3,4,3,5,4,5,4,4,4
R01202,T050,Customer Service,PL,EMEA,Men,40-49,Individual contributor,6-10 years,Onsite,0,1,2026-05-04,9,4,4,4,4,4,4,2,3,4,4,2,3,3,4,3,4,4,4
R01203,T050,Customer Service,PL,EMEA,Women,30-39,Individual contributor,3-5 years,Hybrid,0,0,,,,,,,,,,,,,,,,,,,,
R01204,T050,Customer Service,PL,EMEA,Men,40-49,Individual contributor,< 1 year,Onsite,1,0,,,,,,,,,,,,,,,,,,,,
R01205,T050,Customer Service,PL,EMEA,Women,30-39,Individual contributor,6-10 years,Onsite,0,1,2026-05-14,8,5,5,5,5,5,5,3,4,4,3,1,3,5,4,4,4,3,3
R01206,T050,Customer Service,PL,EMEA,Men,30-39,Individual contributor,3-5 years,Onsite,1,1,2026-05-22,7,3,4,2,3,3,4,4,3,2,3,2,3,4,4,3,5,3,3
R01207,T050,Customer Service,PL,EMEA,Women,30-39,Team lead,< 1 year,Remote,0,1,2026-05-19,8,4,5,4,4,5,4,4,4,4,2,3,2,4,4,4,4,3,2
R01208,T050,Customer Service,PL,EMEA,Women,50-59,Individual contributor,1-2 years,Onsite,1,0,,,,,,,,,,,,,,,,,,,,
R01209,T050,Customer Service,PL,EMEA,Men,18-29,Individual contributor,6-10 years,Remote,0,1,2026-05-05,6,3,4,3,3,4,3,4,4,5,3,2,3,4,4,5,3,3,3
R01210,T050,Customer Service,PL,EMEA,Men,18-29,Individual contributor,1-2 years,Hybrid,0,1,2026-05-21,4,4,3,4,5,5,5,3,4,3,4,1,2,4,4,4,4,3,3
R01211,T050,Customer Service,PL,EMEA,Men,30-39,Individual contributor,< 1 year,Hybrid,0,1,2026-05-06,7,4,3,4,2,3,2,4,4,3,3,2,2,3,5,4,2,1,3
R01212,T050,Customer Service,PL,EMEA,Women,60+,Individual contributor,3-5 years,Onsite,1,1,2026-05-06,8,4,5,3,2,3,1,5,4,5,2,3,3,3,3,4,4,3,2
R01213,T050,Customer Service,PL,EMEA,Men,40-49,Manager,6-10 years,Hybrid,0,1,2026-05-11,10,5,5,5,2,5,4,5,5,4,3,2,4,5,5,5,5,5,4
R01214,T050,Customer Service,PL,EMEA,Men,30-39,Individual contributor,3-5 years,Onsite,1,1,2026-05-05,8,5,5,4,4,3,3,3,4,5,3,3,2,4,4,4,4,3,4
R01215,T050,Customer Service,PL,EMEA,Men,40-49,Team lead,3-5 years,Remote,0,1,2026-05-10,9,5,5,4,4,4,3,3,3,4,4,4,4,5,5,4,4,4,3
R01216,T050,Customer Service,PL,EMEA,Women,50-59,Team lead,3-5 years,Onsite,1,0,,,,,,,,,,,,,,,,,,,,
R01217,T050,Customer Service,PL,EMEA,Men,18-29,Individual contributor,6-10 years,Onsite,1,1,2026-05-22,7,4,3,3,3,2,3,3,4,4,4,5,4,5,5,5,4,3,4
R01218,T050,Customer Service,PL,EMEA,Women,40-49,Team lead,6-10 years,Onsite,0,1,2026-05-05,6,5,4,5,4,3,3,2,3,2,2,2,3,5,5,5,4,3,3
R01219,T050,Customer Service,PL,EMEA,Men,30-39,Individual contributor,< 1 year,Onsite,0,0,,,,,,,,,,,,,,,,,,,,
R01220,T050,Customer Service,PL,EMEA,Men,40-49,Individual contributor,1-2 years,Hybrid,0,0,,,,,,,,,,,,,,,,,,,,
R01221,T051,Customer Service,PL,EMEA,Women,40-49,Individual contributor,10 years +,Onsite,0,1,2026-05-06,9,4,5,4,4,5,4,4,5,4,3,4,4,3,4,4,4,4,5
R01222,T051,Customer Service,PL,EMEA,Women,18-29,Individual contributor,< 1 year,Onsite,0,1,2026-05-06,7,4,5,5,5,5,4,2,3,3,3,4,4,4,4,5,3,3,2
R01223,T051,Customer Service,PL,EMEA,Men,18-29,Team lead,6-10 years,Hybrid,0,1,2026-05-11,7,4,3,4,5,5,5,2,2,3,2,2,2,4,4,4,3,4,2
R01224,T051,Customer Service,PL,EMEA,Men,18-29,Individual contributor,3-5 years,Remote,0,1,2026-05-11,7,5,4,4,4,4,3,3,4,4,3,2,4,3,3,2,3,4,2
R01225,T051,Customer Service,PL,EMEA,Women,50-59,Team lead,6-10 years,Hybrid,0,1,2026-05-12,8,5,5,5,4,5,4,4,3,5,2,2,2,5,5,5,5,3,4
R01226,T051,Customer Service,PL,EMEA,Men,40-49,Individual contributor,6-10 years,Onsite,0,1,2026-05-22,6,4,3,3,2,3,4,3,3,3,2,1,2,5,5,4,4,3,2
R01227,T051,Customer Service,PL,EMEA,Men,18-29,Individual contributor,< 1 year,Onsite,0,1,2026-05-17,8,5,5,5,2,2,2,4,2,3,4,4,4,5,4,4,3,1,2
R01228,T051,Customer Service,PL,EMEA,Men,40-49,Manager,1-2 years,Onsite,0,1,2026-05-11,8,3,5,5,3,4,3,4,5,5,5,5,5,5,5,5,5,5,5
R01229,T051,Customer Service,PL,EMEA,Women,40-49,Individual contributor,6-10 years,Onsite,1,1,2026-05-15,8,5,5,5,3,3,3,4,4,4,2,4,4,3,4,3,4,4,4
R01230,T051,Customer Service,PL,EMEA,Women,60+,Team lead,< 1 year,Onsite,0,1,2026-05-05,10,4,5,5,5,5,5,4,4,3,5,5,5,5,5,5,5,4,5
R01231,T051,Customer Service,PL,EMEA,Men,30-39,Individual contributor,1-2 years,Onsite,0,1,2026-05-12,7,4,3,2,4,3,4,5,4,4,2,3,3,3,4,3,3,2,4
R01232,T051,Customer Service,PL,EMEA,Women,40-49,Team lead,< 1 year,Hybrid,0,1,2026-05-15,10,5,4,4,5,5,4,4,5,4,5,4,5,4,4,3,5,5,5
R01233,T051,Customer Service,PL,EMEA,Women,40-49,Team lead,6-10 years,Onsite,1,0,,,,,,,,,,,,,,,,,,,,
R01234,T051,Customer Service,PL,EMEA,Men,50-59,Individual contributor,< 1 year,Onsite,0,0,,,,,,,,,,,,,,,,,,,,
R01235,T051,Customer Service,PL,EMEA,Non-binary / self-described,30-39,Individual contributor,1-2 years,Onsite,0,1,2026-05-05,7,5,4,5,4,1,3,2,2,3,5,3,4,4,4,4,5,4,3
R01236,T051,Customer Service,PL,EMEA,Men,18-29,Individual contributor,1-2 years,Hybrid,0,1,2026-05-10,7,4,4,4,4,4,2,3,4,4,2,3,3,4,5,5,4,4,4
R01237,T051,Customer Service,PL,EMEA,Men,18-29,Team lead,6-10 years,Onsite,0,1,2026-05-20,7,4,5,4,4,4,4,4,3,2,2,4,3,4,5,5,4,4,3
R01238,T051,Customer Service,PL,EMEA,Men,30-39,Individual contributor,3-5 years,Onsite,0,1,2026-05-08,8,4,4,4,4,4,4,3,4,3,2,3,4,5,5,5,5,3,4
R01239,T051,Customer Service,PL,EMEA,Women,40-49,Team lead,6-10 years,Onsite,0,1,2026-05-05,7,4,4,4,5,4,5,3,4,3,2,2,2,4,4,4,5,3,5
R01240,T051,Customer Service,PL,EMEA,Women,30-39,Individual contributor,10 years +,Onsite,0,1,2026-05-22,7,3,3,4,3,5,4,3,3,3,2,2,4,5,5,5,4,2,3
R01241,T051,Customer Service,PL,EMEA,Men,30-39,Individual contributor,3-5 years,Onsite,0,1,2026-05-06,7,3,4,4,3,4,4,5,5,5,4,4,5,2,3,3,4,3,4
R01242,T051,Customer Service,PL,EMEA,Men,30-39,Team lead,3-5 years,Onsite,1,1,2026-05-17,6,4,3,3,4,5,5,2,4,4,3,4,5,5,5,4,3,4,4
R01243,T051,Customer Service,PL,EMEA,Non-binary / self-described,60+,Individual contributor,3-5 years,Onsite,1,1,2026-05-05,8,2,3,2,4,4,4,3,3,2,3,3,3,4,4,3,3,3,3
R01244,T051,Customer Service,PL,EMEA,Men,50-59,Individual contributor,3-5 years,Onsite,1,1,2026-05-11,9,3,4,3,5,4,4,3,4,5,4,2,5,3,4,3,4,4,3
R01245,T051,Customer Service,PL,EMEA,Men,18-29,Team lead,3-5 years,Onsite,1,1,2026-05-16,4,5,4,3,3,5,4,3,4,5,3,3,4,2,4,5,3,3,3
R01246,T052,Customer Service,IN,APAC,Men,40-49,Team lead,6-10 years,Onsite,1,1,2026-05-15,8,4,5,3,2,3,3,4,4,3,3,3,4,4,4,3,5,4,4
R01247,T052,Customer Service,IN,APAC,Men,30-39,Team lead,3-5 years,Onsite,1,1,2026-05-04,7,5,5,4,4,4,4,4,4,3,3,5,2,5,4,5,3,3,2
R01248,T052,Customer Service,IN,APAC,Women,30-39,Individual contributor,3-5 years,Onsite,1,1,2026-05-15,6,4,2,2,5,3,2,3,2,2,2,3,2,3,3,2,2,1,2
R01249,T052,Customer Service,IN,APAC,Men,30-39,Individual contributor,6-10 years,Onsite,1,1,2026-05-06,7,2,3,3,4,4,4,3,3,4,4,3,5,4,4,3,4,3,3
R01250,T052,Customer Service,IN,APAC,Women,18-29,Individual contributor,6-10 years,Onsite,0,0,,,,,,,,,,,,,,,,,,,,
R01251,T052,Customer Service,IN,APAC,Men,30-39,Individual contributor,6-10 years,Onsite,0,0,,,,,,,,,,,,,,,,,,,,
R01252,T052,Customer Service,IN,APAC,Men,30-39,Individual contributor,< 1 year,Onsite,1,0,,,,,,,,,,,,,,,,,,,,
R01253,T052,Customer Service,IN,APAC,Women,30-39,Team lead,6-10 years,Onsite,1,0,,,,,,,,,,,,,,,,,,,,
R01254,T052,Customer Service,IN,APAC,Men,18-29,Team lead,3-5 years,Onsite,1,1,2026-05-07,6,5,5,5,2,3,4,5,3,4,2,2,4,3,3,4,4,3,4
R01255,T052,Customer Service,IN,APAC,Women,50-59,Individual contributor,3-5 years,Onsite,1,1,2026-05-16,3,4,3,3,3,4,3,2,1,4,4,4,4,4,3,2,1,3,3
R01256,T052,Customer Service,IN,APAC,Men,50-59,Individual contributor,1-2 years,Onsite,1,0,,,,,,,,,,,,,,,,,,,,
R01257,T052,Customer Service,IN,APAC,Women,40-49,Individual contributor,6-10 years,Onsite,0,1,2026-05-14,7,3,2,1,3,1,3,2,3,3,3,3,3,3,3,3,4,4,3
R01258,T052,Customer Service,IN,APAC,Women,30-39,Individual contributor,3-5 years,Onsite,1,0,,,,,,,,,,,,,,,,,,,,
R01259,T052,Customer Service,IN,APAC,Women,30-39,Individual contributor,1-2 years,Onsite,0,0,,,,,,,,,,,,,,,,,,,,
R01260,T052,Customer Service,IN,APAC,Men,30-39,Individual contributor,1-2 years,Hybrid,0,1,2026-05-21,6,5,5,4,2,2,3,5,5,4,5,4,5,2,3,3,3,4,3
R01261,T053,Customer Service,PL,EMEA,Women,18-29,Manager,10 years +,Onsite,1,1,2026-05-21,7,5,4,5,4,5,4,2,3,2,3,4,4,5,5,5,4,5,4
R01262,T053,Customer Service,PL,EMEA,Women,18-29,Individual contributor,3-5 years,Onsite,0,1,2026-05-05,6,3,2,2,4,5,4,3,4,3,3,4,4,2,3,4,3,3,3
R01263,T053,Customer Service,PL,EMEA,Women,40-49,Individual contributor,1-2 years,Onsite,0,0,,,,,,,,,,,,,,,,,,,,
R01264,T053,Customer Service,PL,EMEA,Men,30-39,Individual contributor,10 years +,Hybrid,0,0,,,,,,,,,,,,,,,,,,,,
R01265,T053,Customer Service,PL,EMEA,Women,40-49,Individual contributor,3-5 years,Remote,0,1,2026-05-18,7,5,3,3,4,3,5,2,4,3,3,2,2,5,5,4,3,2,4
R01266,T053,Customer Service,PL,EMEA,Women,30-39,Individual contributor,3-5 years,Onsite,0,1,2026-05-04,9,3,3,4,3,4,4,3,2,4,4,4,5,2,3,2,4,4,4
R01267,T053,Customer Service,PL,EMEA,Men,18-29,Manager,10 years +,Onsite,1,1,2026-05-07,6,3,3,3,3,5,4,3,3,3,3,3,3,4,5,3,3,3,3
R01268,T053,Customer Service,PL,EMEA,Women,50-59,Individual contributor,10 years +,Onsite,0,1,2026-05-22,9,5,5,5,4,5,4,2,3,3,5,3,4,5,4,2,4,5,4
R01269,T053,Customer Service,PL,EMEA,Women,30-39,Individual contributor,6-10 years,Onsite,0,1,2026-05-22,7,2,3,3,4,4,1,5,4,5,4,4,3,5,5,4,3,5,4
R01270,T053,Customer Service,PL,EMEA,Men,40-49,Individual contributor,6-10 years,Onsite,1,1,2026-05-10,7,4,3,4,3,4,4,5,5,4,4,2,3,2,3,3,4,3,4
R01271,T053,Customer Service,PL,EMEA,Men,30-39,Individual contributor,10 years +,Onsite,0,1,2026-05-07,6,4,3,3,5,5,5,4,4,4,4,3,2,3,4,4,4,5,3
R01272,T053,Customer Service,PL,EMEA,Men,30-39,Individual contributor,1-2 years,Onsite,1,0,,,,,,,,,,,,,,,,,,,,
R01273,T053,Customer Service,PL,EMEA,Women,50-59,Individual contributor,3-5 years,Onsite,0,0,,,,,,,,,,,,,,,,,,,,
R01274,T053,Customer Service,PL,EMEA,Men,18-29,Individual contributor,3-5 years,Onsite,1,0,,,,,,,,,,,,,,,,,,,,
R01275,T053,Customer Service,PL,EMEA,Women,50-59,Individual contributor,3-5 years,Onsite,1,0,,,,,,,,,,,,,,,,,,,,
R01276,T053,Customer Service,PL,EMEA,Women,18-29,Team lead,3-5 years,Hybrid,0,1,2026-05-15,10,4,4,4,4,4,3,3,4,4,3,3,5,4,4,3,4,5,3
R01277,T053,Customer Service,PL,EMEA,Men,40-49,Individual contributor,< 1 year,Onsite,0,1,2026-05-04,7,5,5,5,4,5,5,4,3,4,3,2,3,5,5,5,5,3,4
R01278,T053,Customer Service,PL,EMEA,Non-binary / self-described,40-49,Team lead,10 years +,Onsite,1,1,2026-05-04,8,4,4,4,3,3,4,3,3,4,5,4,4,3,5,4,4,5,3
R01279,T053,Customer Service,PL,EMEA,Women,60+,Individual contributor,6-10 years,Onsite,0,1,2026-05-12,8,4,3,4,4,3,3,4,3,4,4,5,5,4,4,4,5,5,3
R01280,T053,Customer Service,PL,EMEA,Women,50-59,Individual contributor,3-5 years,Hybrid,0,1,2026-05-22,9,3,3,2,3,4,4,4,4,5,4,4,4,4,4,3,5,4,5
R01281,T053,Customer Service,PL,EMEA,Women,18-29,Team lead,6-10 years,Onsite,0,0,,,,,,,,,,,,,,,,,,,,
R01282,T053,Customer Service,PL,EMEA,Men,30-39,Manager,6-10 years,Onsite,1,1,2026-05-09,9,5,5,5,3,4,5,2,3,5,4,4,4,5,5,4,3,4,4
R01283,T053,Customer Service,PL,EMEA,Women,40-49,Individual contributor,10 years +,Onsite,1,0,,,,,,,,,,,,,,,,,,,,
R01284,T053,Customer Service,PL,EMEA,Men,18-29,Manager,6-10 years,Onsite,0,1,2026-05-15,5,4,5,5,4,4,3,1,2,3,2,4,4,4,5,5,3,3,3
R01285,T053,Customer Service,PL,EMEA,Women,40-49,Manager,3-5 years,Onsite,0,1,2026-05-11,7,4,5,4,5,5,5,4,4,5,3,3,2,4,4,4,3,4,3
R01286,T053,Customer Service,PL,EMEA,Women,30-39,Manager,6-10 years,Hybrid,0,1,2026-05-15,8,4,4,3,5,4,4,3,2,4,2,4,3,5,4,5,4,4,3
R01287,T053,Customer Service,PL,EMEA,Women,60+,Individual contributor,< 1 year,Onsite,1,0,,,,,,,,,,,,,,,,,,,,
R01288,T053,Customer Service,PL,EMEA,Non-binary / self-described,18-29,Individual contributor,1-2 years,Onsite,1,0,,,,,,,,,,,,,,,,,,,,
R01289,T053,Customer Service,PL,EMEA,Women,60+,Individual contributor,1-2 years,Onsite,0,0,,,,,,,,,,,,,,,,,,,,
R01290,T053,Customer Service,PL,EMEA,Non-binary / self-described,40-49,Individual contributor,1-2 years,Onsite,1,0,,,,,,,,,,,,,,,,,,,,
R01291,T053,Customer Service,PL,EMEA,Men,40-49,Team lead,6-10 years,Onsite,1,0,,,,,,,,,,,,,,,,,,,,
R01292,T053,Customer Service,PL,EMEA,Men,18-29,Individual contributor,3-5 years,Hybrid,0,1,2026-05-04,7,4,4,3,2,3,2,3,4,4,1,2,2,4,5,3,3,3,4
R01293,T053,Customer Service,PL,EMEA,Men,18-29,Individual contributor,< 1 year,Remote,0,1,2026-05-08,6,3,3,3,3,3,2,3,3,3,3,4,5,4,4,3,5,3,3
R01294,T053,Customer Service,PL,EMEA,Women,18-29,Individual contributor,6-10 years,Remote,0,1,2026-05-10,7,5,5,3,2,3,3,3,3,2,3,3,4,5,4,4,3,3,4
R01295,T054,Customer Service,IN,APAC,Non-binary / self-described,30-39,Individual contributor,< 1 year,Onsite,0,0,,,,,,,,,,,,,,,,,,,,
R01296,T054,Customer Service,IN,APAC,Women,30-39,Individual contributor,3-5 years,Onsite,1,1,2026-05-22,7,5,5,4,4,4,4,4,1,4,2,3,4,4,4,3,4,3,3
R01297,T054,Customer Service,IN,APAC,Men,18-29,Individual contributor,6-10 years,Onsite,0,0,,,,,,,,,,,,,,,,,,,,
R01298,T054,Customer Service,IN,APAC,Men,30-39,Individual contributor,3-5 years,Onsite,1,0,,,,,,,,,,,,,,,,,,,,
R01299,T054,Customer Service,IN,APAC,Men,40-49,Individual contributor,1-2 years,Onsite,1,0,,,,,,,,,,,,,,,,,,,,
R01300,T054,Customer Service,IN,APAC,Women,30-39,Individual contributor,10 years +,Hybrid,0,0,,,,,,,,,,,,,,,,,,,,
R01301,T054,Customer Service,IN,APAC,Women,30-39,Individual contributor,< 1 year,Hybrid,0,1,2026-05-04,9,4,5,5,2,3,2,4,4,4,5,5,4,4,4,5,5,4,4
R01302,T054,Customer Service,IN,APAC,Men,30-39,Team lead,1-2 years,Onsite,1,1,2026-05-18,9,2,4,3,2,2,3,2,2,4,5,3,5,2,2,2,4,3,5
R01303,T054,Customer Service,IN,APAC,Women,30-39,Individual contributor,< 1 year,Hybrid,0,0,,,,,,,,,,,,,,,,,,,,
R01304,T054,Customer Service,IN,APAC,Women,18-29,Manager,6-10 years,Onsite,0,1,2026-05-04,8,4,4,3,4,4,3,3,2,3,4,3,5,4,4,4,4,3,5
R01305,T054,Customer Service,IN,APAC,Women,40-49,Senior leader,1-2 years,Onsite,0,1,2026-05-09,6,3,3,3,3,4,3,2,2,3,3,4,4,4,4,4,3,4,3
R01306,T054,Customer Service,IN,APAC,Women,18-29,Individual contributor,< 1 year,Onsite,0,1,2026-05-08,8,2,4,3,4,3,4,5,5,5,4,3,4,3,3,2,4,4,2
R01307,T054,Customer Service,IN,APAC,Women,60+,Individual contributor,6-10 years,Onsite,0,1,2026-05-16,6,3,2,3,2,3,2,5,3,4,4,2,4,2,3,1,3,4,4
R01308,T054,Customer Service,IN,APAC,Men,50-59,Team lead,1-2 years,Onsite,0,0,,,,,,,,,,,,,,,,,,,,
R01309,T054,Customer Service,IN,APAC,Women,60+,Individual contributor,3-5 years,Hybrid,0,1,2026-05-21,6,4,3,4,1,2,2,1,1,1,4,5,4,3,3,3,3,4,3
R01310,T054,Customer Service,IN,APAC,Men,40-49,Individual contributor,1-2 years,Onsite,0,1,2026-05-22,7,5,4,5,2,3,3,3,3,4,2,1,3,2,5,3,4,3,3
R01311,T054,Customer Service,IN,APAC,Women,18-29,Individual contributor,10 years +,Onsite,0,1,2026-05-15,7,5,4,3,3,3,3,3,2,3,5,4,5,3,2,2,3,4,2
R01312,T054,Customer Service,IN,APAC,Non-binary / self-described,40-49,Individual contributor,< 1 year,Hybrid,0,1,2026-05-19,8,4,5,5,5,4,5,4,4,4,4,4,3,3,1,2,4,4,5
R01313,T054,Customer Service,IN,APAC,Women,40-49,Individual contributor,3-5 years,Onsite,0,0,,,,,,,,,,,,,,,,,,,,
R01314,T054,Customer Service,IN,APAC,Men,40-49,Individual contributor,1-2 years,Onsite,1,1,2026-05-15,10,2,4,3,5,5,5,3,3,4,2,2,2,4,4,4,5,5,4
R01315,T054,Customer Service,IN,APAC,Men,50-59,Manager,10 years +,Onsite,1,1,2026-05-16,9,5,5,5,5,4,4,2,2,3,4,2,2,4,4,3,4,4,5
R01316,T054,Customer Service,IN,APAC,Men,50-59,Individual contributor,10 years +,Onsite,0,1,2026-05-05,5,4,5,3,4,4,4,2,2,2,2,2,3,4,4,4,3,2,3
R01317,T054,Customer Service,IN,APAC,Women,18-29,Individual contributor,< 1 year,Hybrid,0,1,2026-05-17,6,3,4,3,4,4,3,2,1,2,5,5,5,2,3,3,5,4,5
R01318,T054,Customer Service,IN,APAC,Women,18-29,Team lead,6-10 years,Onsite,1,1,2026-05-22,8,5,5,5,3,4,3,4,4,5,4,4,4,3,4,4,5,2,3
R01319,T054,Customer Service,IN,APAC,Men,50-59,Individual contributor,1-2 years,Onsite,0,0,,,,,,,,,,,,,,,,,,,,
R01320,T054,Customer Service,IN,APAC,Women,30-39,Individual contributor,3-5 years,Hybrid,0,0,,,,,,,,,,,,,,,,,,,,
R01321,T054,Customer Service,IN,APAC,Women,40-49,Individual contributor,1-2 years,Onsite,1,1,2026-05-16,10,5,4,4,3,3,2,3,3,4,4,2,3,2,2,3,4,3,4
R01322,T054,Customer Service,IN,APAC,Women,30-39,Individual contributor,1-2 years,Remote,0,1,2026-05-07,9,5,5,5,3,4,4,2,3,2,2,3,3,4,3,2,4,3,4
R01323,T054,Customer Service,IN,APAC,Women,30-39,Individual contributor,3-5 years,Onsite,0,1,2026-05-11,5,3,4,3,4,4,3,1,1,3,3,2,4,4,3,2,3,3,2
R01324,T054,Customer Service,IN,APAC,Women,50-59,Team lead,3-5 years,Onsite,1,1,2026-05-06,8,2,2,3,4,4,4,4,4,5,2,2,2,3,3,3,4,4,4
R01325,T054,Customer Service,IN,APAC,Men,40-49,Individual contributor,3-5 years,Onsite,0,1,2026-05-04,7,3,4,4,3,3,3,2,2,2,3,3,3,4,3,3,3,3,2
R01326,T054,Customer Service,IN,APAC,Women,18-29,Individual contributor,3-5 years,Onsite,1,0,,,,,,,,,,,,,,,,,,,,
R01327,T054,Customer Service,IN,APAC,Men,18-29,Individual contributor,3-5 years,Onsite,1,1,2026-05-16,6,3,2,3,3,3,3,3,2,3,4,3,4,3,2,3,3,3,1
R01328,T054,Customer Service,IN,APAC,Men,40-49,Individual contributor,3-5 years,Hybrid,0,1,2026-05-15,9,3,3,3,2,3,4,2,2,3,3,3,5,2,3,2,3,4,3
R01329,T054,Customer Service,IN,APAC,Men,40-49,Individual contributor,6-10 years,Onsite,1,0,,,,,,,,,,,,,,,,,,,,
R01330,T054,Customer Service,IN,APAC,Women,30-39,Individual contributor,1-2 years,Onsite,1,1,2026-05-05,7,5,4,3,2,2,4,3,4,4,3,4,3,3,3,4,4,3,3
R01331,T054,Customer Service,IN,APAC,Men,50-59,Individual contributor,1-2 years,Hybrid,0,1,2026-05-18,5,4,3,3,5,4,5,3,4,3,3,3,4,3,3,2,3,4,4
R01332,T055,Customer Service,PL,EMEA,Men,50-59,Individual contributor,10 years +,Onsite,0,1,2026-05-20,6,4,4,3,4,5,4,4,5,4,3,3,3,2,2,3,3,4,3
R01333,T055,Customer Service,PL,EMEA,Non-binary / self-described,18-29,Individual contributor,6-10 years,Onsite,1,1,2026-05-15,6,4,4,5,3,2,2,3,4,4,2,2,2,2,1,2,4,3,2
R01334,T055,Customer Service,PL,EMEA,Men,18-29,Individual contributor,< 1 year,Onsite,0,1,2026-05-16,6,4,2,2,4,4,5,3,4,3,3,3,3,3,2,3,4,3,4
R01335,T055,Customer Service,PL,EMEA,Women,40-49,Individual contributor,10 years +,Onsite,1,1,2026-05-12,6,5,3,4,5,3,4,4,3,4,2,2,1,4,3,2,2,3,2
R01336,T055,Customer Service,PL,EMEA,Men,30-39,Team lead,6-10 years,Onsite,1,0,,,,,,,,,,,,,,,,,,,,
R01337,T055,Customer Service,PL,EMEA,Men,18-29,Individual contributor,3-5 years,Onsite,1,1,2026-05-16,9,4,3,3,2,4,4,3,3,2,4,3,5,4,2,2,5,5,3
R01338,T055,Customer Service,PL,EMEA,Men,30-39,Individual contributor,6-10 years,Hybrid,0,0,,,,,,,,,,,,,,,,,,,,
R01339,T055,Customer Service,PL,EMEA,Women,40-49,Team lead,1-2 years,Onsite,1,0,,,,,,,,,,,,,,,,,,,,
R01340,T055,Customer Service,PL,EMEA,Men,30-39,Individual contributor,3-5 years,Onsite,1,1,2026-05-15,7,4,4,3,2,4,4,2,1,2,4,3,4,4,3,2,3,5,3
R01341,T055,Customer Service,PL,EMEA,Women,18-29,Individual contributor,1-2 years,Onsite,1,0,,,,,,,,,,,,,,,,,,,,
R01342,T055,Customer Service,PL,EMEA,Women,18-29,Individual contributor,1-2 years,Hybrid,0,0,,,,,,,,,,,,,,,,,,,,
R01343,T055,Customer Service,PL,EMEA,Men,50-59,Individual contributor,3-5 years,Onsite,1,1,2026-05-08,6,1,2,3,3,3,3,5,5,5,3,2,4,1,4,1,3,3,2
R01344,T055,Customer Service,PL,EMEA,Women,40-49,Team lead,< 1 year,Onsite,0,1,2026-05-16,7,5,4,4,5,4,5,3,4,4,3,3,4,3,2,3,3,4,3
R01345,T055,Customer Service,PL,EMEA,Women,50-59,Individual contributor,6-10 years,Remote,0,1,2026-05-17,6,5,4,4,3,5,4,2,2,4,4,4,3,3,2,2,4,5,4
R01346,T055,Customer Service,PL,EMEA,Men,30-39,Individual contributor,6-10 years,Onsite,1,0,,,,,,,,,,,,,,,,,,,,
R01347,T055,Customer Service,PL,EMEA,Men,18-29,Individual contributor,< 1 year,Hybrid,0,1,2026-05-22,7,5,4,3,4,4,5,3,3,3,4,3,3,5,4,4,5,5,5
R01348,T055,Customer Service,PL,EMEA,Men,50-59,Individual contributor,3-5 years,Remote,0,1,2026-05-15,8,4,4,4,4,3,4,3,2,3,1,1,1,3,3,3,3,3,4
R01349,T055,Customer Service,PL,EMEA,Men,40-49,Individual contributor,10 years +,Onsite,0,1,2026-05-14,8,2,4,3,5,4,3,3,2,4,3,3,3,3,3,2,2,3,2
R01350,T055,Customer Service,PL,EMEA,Women,30-39,Manager,3-5 years,Onsite,1,1,2026-05-10,8,5,5,4,5,4,5,3,4,2,4,4,4,2,1,2,4,4,3
R01351,T055,Customer Service,PL,EMEA,Men,40-49,Individual contributor,< 1 year,Onsite,0,1,2026-05-08,6,3,5,4,4,4,4,3,4,4,3,4,4,3,4,3,3,3,3
R01352,T055,Customer Service,PL,EMEA,Men,18-29,Individual contributor,< 1 year,Hybrid,0,1,2026-05-05,7,5,4,5,4,5,5,3,4,4,1,3,4,3,4,3,4,5,3
R01353,T055,Customer Service,PL,EMEA,Women,18-29,Team lead,3-5 years,Onsite,0,1,2026-05-15,6,4,4,3,4,3,4,3,3,4,3,2,5,4,3,4,3,3,3
R01354,T055,Customer Service,PL,EMEA,Women,50-59,Manager,6-10 years,Onsite,1,1,2026-05-04,9,5,4,4,3,4,2,3,3,3,3,3,4,4,4,3,3,3,3
R01355,T055,Customer Service,PL,EMEA,Men,30-39,Individual contributor,1-2 years,Onsite,0,1,2026-05-09,9,3,4,4,4,4,4,3,2,2,3,4,3,4,3,4,4,4,3
R01356,T055,Customer Service,PL,EMEA,Men,30-39,Individual contributor,< 1 year,Onsite,1,1,2026-05-06,8,2,2,3,4,5,5,4,3,3,3,3,3,2,3,2,4,4,4
R01357,T055,Customer Service,PL,EMEA,Men,40-49,Individual contributor,10 years +,Onsite,1,1,2026-05-15,6,4,4,4,4,3,4,4,3,4,3,4,4,2,2,2,3,2,3
R01358,T055,Customer Service,PL,EMEA,Men,30-39,Individual contributor,3-5 years,Onsite,1,1,2026-05-05,8,4,5,3,1,3,2,4,4,4,4,2,3,3,5,3,4,5,2
R01359,T055,Customer Service,PL,EMEA,Women,18-29,Individual contributor,3-5 years,Hybrid,0,0,,,,,,,,,,,,,,,,,,,,
R01360,T055,Customer Service,PL,EMEA,Women,30-39,Individual contributor,10 years +,Hybrid,0,0,,,,,,,,,,,,,,,,,,,,
R01361,T055,Customer Service,PL,EMEA,Men,50-59,Individual contributor,1-2 years,Onsite,0,0,,,,,,,,,,,,,,,,,,,,
R01362,T055,Customer Service,PL,EMEA,Men,30-39,Team lead,3-5 years,Remote,0,0,,,,,,,,,,,,,,,,,,,,
R01363,T055,Customer Service,PL,EMEA,Women,18-29,Individual contributor,3-5 years,Onsite,1,1,2026-05-20,6,2,3,3,3,3,3,2,2,2,3,1,2,4,3,2,4,3,3
R01364,T055,Customer Service,PL,EMEA,Women,18-29,Individual contributor,1-2 years,Remote,0,1,2026-05-16,6,4,4,4,4,5,5,1,1,1,4,4,4,4,2,3,3,3,3
R01365,T055,Customer Service,PL,EMEA,Men,40-49,Individual contributor,6-10 years,Onsite,1,0,,,,,,,,,,,,,,,,,,,,
R01366,T055,Customer Service,PL,EMEA,Women,50-59,Team lead,6-10 years,Onsite,1,1,2026-05-05,8,4,3,3,5,4,5,2,4,3,4,2,4,1,2,2,3,3,2
R01367,T055,Customer Service,PL,EMEA,Men,30-39,Team lead,3-5 years,Onsite,0,1,2026-05-09,5,4,4,5,3,4,5,2,2,3,2,2,4,3,4,3,3,2,3
R01368,T056,Customer Service,US,North America,Men,40-49,Individual contributor,6-10 years,Onsite,0,1,2026-05-17,10,4,5,4,4,3,4,2,3,5,3,2,2,4,4,4,3,5,4
R01369,T056,Customer Service,US,North America,Women,40-49,Individual contributor,10 years +,Onsite,0,1,2026-05-07,7,4,5,5,1,1,1,4,4,5,4,3,4,2,2,2,3,4,2
R01370,T056,Customer Service,US,North America,Men,40-49,Individual contributor,6-10 years,Hybrid,0,0,,,,,,,,,,,,,,,,,,,,
R01371,T056,Customer Service,US,North America,Women,40-49,Senior leader,1-2 years,Onsite,1,1,2026-05-07,6,4,5,5,4,5,4,4,5,5,4,3,4,4,3,3,3,4,3
R01372,T056,Customer Service,US,North America,Men,18-29,Individual contributor,3-5 years,Onsite,0,1,2026-05-05,6,3,4,4,4,4,3,3,2,3,2,3,3,4,3,2,5,4,4
R01373,T056,Customer Service,US,North America,Women,18-29,Team lead,10 years +,Onsite,0,1,2026-05-07,5,3,3,5,2,2,3,2,2,4,2,3,4,3,2,2,4,3,4
R01374,T056,Customer Service,US,North America,Women,30-39,Manager,3-5 years,Hybrid,0,1,2026-05-16,8,3,2,2,4,3,4,3,4,4,2,2,2,3,4,3,5,4,3
R01375,T056,Customer Service,US,North America,Women,30-39,Team lead,1-2 years,Onsite,1,1,2026-05-08,9,3,4,4,4,5,4,4,4,4,5,4,3,3,3,2,4,3,4
R01376,T056,Customer Service,US,North America,Men,40-49,Individual contributor,6-10 years,Onsite,0,0,,,,,,,,,,,,,,,,,,,,
R01377,T056,Customer Service,US,North America,Men,50-59,Team lead,10 years +,Onsite,1,1,2026-05-10,5,5,5,5,3,4,3,2,3,3,4,3,4,5,5,5,3,3,2
R01378,T056,Customer Service,US,North America,Men,60+,Team lead,6-10 years,Hybrid,0,1,2026-05-15,8,4,5,4,5,5,5,2,3,4,5,5,4,3,4,3,4,2,4
R01379,T056,Customer Service,US,North America,Men,40-49,Individual contributor,< 1 year,Onsite,0,1,2026-05-16,6,4,4,3,4,3,4,4,4,5,4,4,5,4,4,4,4,3,3
R01380,T056,Customer Service,US,North America,Non-binary / self-described,40-49,Individual contributor,3-5 years,Onsite,0,1,2026-05-07,7,5,4,3,4,4,5,2,2,2,4,2,4,2,5,3,4,2,2
R01381,T056,Customer Service,US,North America,Women,30-39,Individual contributor,1-2 years,Onsite,1,1,2026-05-12,6,2,3,3,2,3,3,4,4,5,1,2,3,4,2,3,4,3,2
R01382,T056,Customer Service,US,North America,Women,18-29,Individual contributor,1-2 years,Onsite,1,1,2026-05-11,8,4,4,4,4,3,4,3,3,4,4,4,4,3,3,2,4,3,2
R01383,T056,Customer Service,US,North America,Women,50-59,Manager,< 1 year,Onsite,0,1,2026-05-22,9,5,5,4,5,5,5,4,4,5,4,5,4,5,5,4,5,4,3
R01384,T056,Customer Service,US,North America,Women,18-29,Individual contributor,3-5 years,Onsite,1,0,,,,,,,,,,,,,,,,,,,,
R01385,T056,Customer Service,US,North America,Non-binary / self-described,50-59,Individual contributor,3-5 years,Remote,0,1,2026-05-07,6,3,4,2,3,2,1,2,3,5,4,3,3,4,3,3,4,3,4
R01386,T056,Customer Service,US,North America,Men,40-49,Senior leader,3-5 years,Onsite,1,1,2026-05-10,8,4,4,4,2,3,3,5,5,3,3,3,4,4,5,5,4,3,4
R01387,T056,Customer Service,US,North America,Women,50-59,Individual contributor,< 1 year,Hybrid,0,0,,,,,,,,,,,,,,,,,,,,
R01388,T056,Customer Service,US,North America,Women,18-29,Team lead,1-2 years,Onsite,1,1,2026-05-19,8,4,3,3,1,3,1,3,2,3,4,3,4,4,4,2,2,4,4
R01389,T056,Customer Service,US,North America,Women,50-59,Individual contributor,3-5 years,Onsite,1,1,2026-05-15,9,5,5,4,4,4,4,3,2,4,4,5,3,4,4,4,4,4,4
R01390,T056,Customer Service,US,North America,Men,60+,Manager,3-5 years,Hybrid,0,1,2026-05-07,4,4,4,4,3,4,3,4,4,3,5,3,4,3,4,2,3,4,3
R01391,T057,Customer Service,PL,EMEA,Non-binary / self-described,40-49,Individual contributor,6-10 years,Onsite,0,1,2026-05-04,7,4,4,4,3,4,4,3,2,4,3,2,2,3,2,3,2,3,4
R01392,T057,Customer Service,PL,EMEA,Men,40-49,Individual contributor,1-2 years,Onsite,0,1,2026-05-13,6,3,4,4,5,3,5,3,2,3,2,2,2,2,3,2,2,3,3
R01393,T057,Customer Service,PL,EMEA,Men,40-49,Individual contributor,6-10 years,Hybrid,0,1,2026-05-04,7,3,3,2,3,5,5,4,4,4,4,4,4,2,2,2,4,4,2
R01394,T057,Customer Service,PL,EMEA,Women,40-49,Individual contributor,6-10 years,Onsite,1,1,2026-05-04,7,3,4,4,4,3,4,2,2,4,2,3,4,2,3,2,4,3,2
R01395,T057,Customer Service,PL,EMEA,Men,40-49,Team lead,< 1 year,Onsite,0,1,2026-05-18,7,4,5,5,4,4,4,2,3,3,5,4,5,2,3,1,4,2,4
R01396,T057,Customer Service,PL,EMEA,Women,50-59,Individual contributor,1-2 years,Remote,0,1,2026-05-06,7,3,3,1,5,5,5,4,4,4,3,4,2,4,4,4,4,4,3
R01397,T057,Customer Service,PL,EMEA,Women,40-49,Individual contributor,6-10 years,Onsite,1,1,2026-05-10,6,5,5,5,4,3,4,2,3,5,4,3,5,4,3,2,5,4,3
R01398,T057,Customer Service,PL,EMEA,Women,50-59,Individual contributor,10 years +,Onsite,0,1,2026-05-05,8,3,4,4,5,5,5,2,2,2,1,2,2,3,3,2,3,3,2
R01399,T057,Customer Service,PL,EMEA,Women,50-59,Team lead,1-2 years,Onsite,0,1,2026-05-07,5,4,4,3,1,2,2,4,5,4,4,3,4,5,4,3,2,3,4
R01400,T057,Customer Service,PL,EMEA,Women,40-49,Team lead,6-10 years,Hybrid,0,0,,,,,,,,,,,,,,,,,,,,
R01401,T057,Customer Service,PL,EMEA,Women,40-49,Senior leader,1-2 years,Onsite,1,1,2026-05-21,8,4,5,4,4,4,4,4,5,5,2,5,5,4,2,2,3,3,3
R01402,T057,Customer Service,PL,EMEA,Men,18-29,Individual contributor,10 years +,Hybrid,0,0,,,,,,,,,,,,,,,,,,,,
R01403,T057,Customer Service,PL,EMEA,Women,18-29,Individual contributor,1-2 years,Onsite,1,1,2026-05-12,7,4,4,5,5,5,3,2,2,2,3,3,2,4,3,3,4,4,3
R01404,T057,Customer Service,PL,EMEA,Non-binary / self-described,50-59,Individual contributor,10 years +,Onsite,0,1,2026-05-16,4,3,4,3,3,5,3,3,2,3,4,4,5,1,2,1,2,3,2
R01405,T057,Customer Service,PL,EMEA,Women,40-49,Individual contributor,3-5 years,Onsite,0,1,2026-05-16,6,4,5,5,3,2,1,1,2,3,4,2,2,2,1,3,4,4,2
R01406,T057,Customer Service,PL,EMEA,Women,30-39,Individual contributor,10 years +,Onsite,1,1,2026-05-06,5,2,2,3,4,3,3,1,3,4,2,3,4,4,4,3,3,3,2
R01407,T057,Customer Service,PL,EMEA,Men,30-39,Team lead,6-10 years,Onsite,1,1,2026-05-15,9,4,5,5,4,5,5,4,3,2,3,4,4,2,1,2,4,3,4
R01408,T057,Customer Service,PL,EMEA,Women,50-59,Manager,3-5 years,Onsite,1,0,,,,,,,,,,,,,,,,,,,,
R01409,T057,Customer Service,PL,EMEA,Women,30-39,Individual contributor,1-2 years,Onsite,0,1,2026-05-15,6,3,4,4,4,4,4,5,3,4,3,4,3,4,3,2,3,4,2
R01410,T057,Customer Service,PL,EMEA,Women,50-59,Individual contributor,3-5 years,Remote,0,0,,,,,,,,,,,,,,,,,,,,
R01411,T057,Customer Service,PL,EMEA,Men,40-49,Senior leader,1-2 years,Onsite,1,1,2026-05-12,9,4,3,4,5,5,5,4,4,4,4,4,3,5,5,4,5,5,5
R01412,T057,Customer Service,PL,EMEA,Men,30-39,Team lead,3-5 years,Onsite,0,0,,,,,,,,,,,,,,,,,,,,
R01413,T057,Customer Service,PL,EMEA,Men,50-59,Individual contributor,1-2 years,Onsite,1,1,2026-05-20,8,4,4,3,5,4,4,2,2,3,4,4,5,2,3,2,4,3,3
R01414,T057,Customer Service,PL,EMEA,Men,18-29,Individual contributor,3-5 years,Onsite,0,1,2026-05-13,5,1,2,1,4,4,3,2,1,1,1,2,3,2,2,1,3,2,2
R01415,T058,Customer Service,CA,North America,Men,18-29,Individual contributor,< 1 year,Onsite,1,1,2026-05-05,5,4,4,3,4,5,4,4,4,5,4,4,4,4,4,5,4,4,3
R01416,T058,Customer Service,CA,North America,Women,18-29,Individual contributor,< 1 year,Hybrid,0,1,2026-05-06,9,5,5,5,5,5,5,5,5,4,4,4,4,5,5,4,5,5,3
R01417,T058,Customer Service,CA,North America,Women,40-49,Individual contributor,6-10 years,Onsite,0,0,,,,,,,,,,,,,,,,,,,,
R01418,T058,Customer Service,CA,North America,Women,30-39,Individual contributor,1-2 years,Onsite,1,1,2026-05-18,9,4,3,3,5,3,4,4,5,4,4,2,3,4,4,4,3,4,3
R01419,T058,Customer Service,CA,North America,Women,60+,Individual contributor,3-5 years,Remote,0,0,,,,,,,,,,,,,,,,,,,,
R01420,T058,Customer Service,CA,North America,Women,40-49,Individual contributor,6-10 years,Onsite,0,1,2026-05-15,5,4,5,5,3,2,4,2,3,3,4,4,5,5,4,4,4,2,3
R01421,T058,Customer Service,CA,North America,Women,30-39,Individual contributor,6-10 years,Onsite,1,1,2026-05-05,5,4,4,4,4,3,4,3,3,4,5,5,4,3,4,4,3,3,3
R01422,T058,Customer Service,CA,North America,Women,18-29,Individual contributor,10 years +,Hybrid,0,1,2026-05-19,9,3,4,4,4,3,5,5,5,5,5,4,5,4,3,4,5,4,5
R01423,T058,Customer Service,CA,North America,Men,40-49,Senior leader,6-10 years,Onsite,1,1,2026-05-11,7,5,5,4,5,5,5,5,4,5,5,5,5,4,5,4,4,3,4
R01424,T058,Customer Service,CA,North America,Men,40-49,Individual contributor,6-10 years,Remote,0,1,2026-05-06,9,5,5,4,4,3,4,5,3,5,3,2,4,4,4,4,5,5,5
R01425,T058,Customer Service,CA,North America,Women,30-39,Team lead,3-5 years,Onsite,0,0,,,,,,,,,,,,,,,,,,,,
R01426,T058,Customer Service,CA,North America,Men,30-39,Individual contributor,3-5 years,Onsite,0,1,2026-05-07,10,3,4,4,3,4,1,5,5,4,2,3,4,4,5,5,5,4,4
R01427,T058,Customer Service,CA,North America,Women,40-49,Individual contributor,< 1 year,Onsite,1,0,,,,,,,,,,,,,,,,,,,,
R01428,T058,Customer Service,CA,North America,Men,40-49,Individual contributor,3-5 years,Hybrid,0,1,2026-05-04,7,4,5,4,3,3,4,5,4,5,5,4,5,5,5,4,5,5,5
R01429,T058,Customer Service,CA,North America,Men,18-29,Individual contributor,3-5 years,Onsite,0,0,,,,,,,,,,,,,,,,,,,,
R01430,T058,Customer Service,CA,North America,Women,30-39,Senior leader,6-10 years,Onsite,0,1,2026-05-15,10,5,5,4,5,5,5,4,4,4,3,2,4,5,5,5,5,5,4
R01431,T058,Customer Service,CA,North America,Women,30-39,Individual contributor,< 1 year,Onsite,1,0,,,,,,,,,,,,,,,,,,,,
R01432,T058,Customer Service,CA,North America,Women,40-49,Individual contributor,3-5 years,Onsite,0,1,2026-05-04,8,4,5,5,5,5,5,3,3,4,3,4,4,4,4,2,2,3,4
R01433,T058,Customer Service,CA,North America,Men,30-39,Team lead,3-5 years,Hybrid,0,1,2026-05-22,6,4,2,3,3,4,4,3,5,4,5,5,5,5,4,3,2,4,4
R01434,T058,Customer Service,CA,North America,Women,30-39,Individual contributor,3-5 years,Onsite,0,1,2026-05-05,8,5,5,4,2,5,3,2,2,3,3,4,4,4,4,4,4,4,3
R01435,T058,Customer Service,CA,North America,Men,40-49,Team lead,1-2 years,Onsite,0,1,2026-05-22,8,4,5,5,5,5,5,4,4,5,5,5,5,5,5,5,5,5,5
R01436,T058,Customer Service,CA,North America,Women,18-29,Team lead,< 1 year,Onsite,1,1,2026-05-07,7,5,5,4,3,5,5,3,4,4,2,2,3,5,5,5,4,5,5
R01437,T058,Customer Service,CA,North America,Women,30-39,Individual contributor,3-5 years,Onsite,0,1,2026-05-15,5,4,3,4,3,4,4,3,4,2,3,3,3,2,4,3,2,2,2
R01438,T058,Customer Service,CA,North America,Men,60+,Team lead,1-2 years,Onsite,0,1,2026-05-15,9,5,4,4,4,4,5,4,5,5,4,5,3,5,4,5,5,5,4
R01439,T058,Customer Service,CA,North America,Women,40-49,Individual contributor,3-5 years,Onsite,1,1,2026-05-06,7,3,2,3,3,4,1,4,4,5,5,4,4,4,5,4,4,4,4
R01440,T058,Customer Service,CA,North America,Men,40-49,Individual contributor,6-10 years,Onsite,1,0,,,,,,,,,,,,,,,,,,,,
R01441,T058,Customer Service,CA,North America,Women,60+,Team lead,6-10 years,Onsite,1,0,,,,,,,,,,,,,,,,,,,,
R01442,T058,Customer Service,CA,North America,Men,30-39,Individual contributor,3-5 years,Onsite,1,1,2026-05-06,10,3,4,4,4,4,4,4,2,3,2,2,3,5,5,5,5,4,5
R01443,T058,Customer Service,CA,North America,Women,18-29,Individual contributor,1-2 years,Onsite,0,1,2026-05-16,6,4,5,5,5,5,5,1,2,2,2,3,3,4,5,4,4,4,5
R01444,T058,Customer Service,CA,North America,Women,18-29,Individual contributor,1-2 years,Onsite,1,1,2026-05-15,9,5,5,5,3,2,4,5,5,5,4,2,5,5,5,5,4,5,5
R01445,T058,Customer Service,CA,North America,Women,30-39,Individual contributor,10 years +,Onsite,1,1,2026-05-16,9,4,3,4,5,4,4,4,3,3,3,3,3,5,5,5,4,5,4
R01446,T058,Customer Service,CA,North America,Men,40-49,Individual contributor,10 years +,Onsite,1,1,2026-05-15,10,5,4,5,5,4,4,4,4,3,2,4,3,5,5,5,5,5,4
R01447,T058,Customer Service,CA,North America,Men,18-29,Individual contributor,< 1 year,Onsite,0,0,,,,,,,,,,,,,,,,,,,,
R01448,T058,Customer Service,CA,North America,Men,30-39,Team lead,3-5 years,Onsite,0,1,2026-05-13,6,5,5,5,4,5,5,4,4,3,3,4,3,2,4,4,3,4,4
R01449,T058,Customer Service,CA,North America,Men,50-59,Individual contributor,3-5 years,Hybrid,0,1,2026-05-05,8,5,4,5,3,5,3,3,4,5,4,5,5,5,5,5,3,3,4
R01450,T058,Customer Service,CA,North America,Men,60+,Individual contributor,6-10 years,Onsite,1,1,2026-05-21,8,4,4,4,4,4,5,3,3,3,4,5,5,3,2,3,5,4,3
R01451,T058,Customer Service,CA,North America,Men,30-39,Individual contributor,10 years +,Onsite,0,1,2026-05-08,10,5,5,5,2,2,3,5,5,5,3,5,4,5,5,5,5,5,5
R01452,T058,Customer Service,CA,North America,Women,50-59,Individual contributor,10 years +,Onsite,0,1,2026-05-07,6,4,2,4,5,4,5,3,3,2,4,5,5,4,3,5,5,4,4
R01453,T058,Customer Service,CA,North America,Women,30-39,Team lead,3-5 years,Onsite,0,1,2026-05-04,6,4,5,3,4,3,3,4,4,4,4,4,4,5,5,4,3,4,4
R01454,T058,Customer Service,CA,North America,Men,18-29,Team lead,6-10 years,Onsite,0,1,2026-05-09,8,5,5,5,5,5,4,4,5,5,2,1,4,5,5,3,5,5,4
R01455,T058,Customer Service,CA,North America,Men,40-49,Individual contributor,1-2 years,Onsite,1,1,2026-05-04,8,5,5,4,3,4,3,5,5,5,5,3,4,5,5,4,5,2,4
R01456,T058,Customer Service,CA,North America,Men,40-49,Individual contributor,3-5 years,Onsite,1,1,2026-05-16,9,4,5,3,5,5,5,4,3,4,4,3,3,4,3,3,3,4,3
R01457,T059,Customer Service,IN,APAC,Men,30-39,Manager,10 years +,Onsite,1,1,2026-05-17,8,4,5,3,3,4,3,4,5,5,3,4,4,5,5,5,4,4,4
R01458,T059,Customer Service,IN,APAC,Women,40-49,Individual contributor,3-5 years,Onsite,1,0,,,,,,,,,,,,,,,,,,,,
R01459,T059,Customer Service,IN,APAC,Men,30-39,Individual contributor,1-2 years,Onsite,0,1,2026-05-13,7,4,4,5,5,4,3,4,4,3,4,3,3,5,4,5,5,4,3
R01460,T059,Customer Service,IN,APAC,Women,50-59,Manager,3-5 years,Onsite,1,1,2026-05-15,9,5,4,5,4,4,3,5,4,5,3,4,4,4,4,5,4,4,3
R01461,T059,Customer Service,IN,APAC,Women,30-39,Manager,6-10 years,Onsite,1,1,2026-05-21,8,4,4,3,3,4,3,5,5,5,5,4,4,3,4,4,5,3,3
R01462,T059,Customer Service,IN,APAC,Non-binary / self-described,30-39,Individual contributor,6-10 years,Hybrid,0,1,2026-05-17,7,4,4,5,4,5,4,4,4,4,3,3,3,4,3,5,4,3,2
R01463,T059,Customer Service,IN,APAC,Men,18-29,Team lead,10 years +,Onsite,1,1,2026-05-05,10,4,5,4,3,4,4,4,4,5,4,5,5,4,4,4,5,4,5
R01464,T059,Customer Service,IN,APAC,Men,40-49,Individual contributor,< 1 year,Hybrid,0,0,,,,,,,,,,,,,,,,,,,,
R01465,T059,Customer Service,IN,APAC,Men,60+,Team lead,6-10 years,Onsite,0,0,,,,,,,,,,,,,,,,,,,,
R01466,T059,Customer Service,IN,APAC,Men,30-39,Team lead,< 1 year,Onsite,0,1,2026-05-05,10,5,5,4,4,5,3,2,3,5,3,3,4,4,5,5,4,4,5
R01467,T059,Customer Service,IN,APAC,Men,60+,Individual contributor,< 1 year,Onsite,0,1,2026-05-22,7,3,5,4,4,4,4,4,3,2,2,3,5,5,4,4,3,4,3
R01468,T059,Customer Service,IN,APAC,Women,18-29,Individual contributor,3-5 years,Onsite,0,1,2026-05-19,5,3,2,2,4,4,4,5,5,5,2,3,2,4,4,3,5,4,4
R01469,T059,Customer Service,IN,APAC,Women,30-39,Team lead,3-5 years,Hybrid,0,1,2026-05-22,10,5,5,5,4,4,5,5,4,5,3,3,4,4,5,4,5,5,5
R01470,T059,Customer Service,IN,APAC,Men,30-39,Individual contributor,1-2 years,Hybrid,0,0,,,,,,,,,,,,,,,,,,,,
R01471,T059,Customer Service,IN,APAC,Men,30-39,Individual contributor,3-5 years,Hybrid,0,0,,,,,,,,,,,,,,,,,,,,
R01472,T059,Customer Service,IN,APAC,Non-binary / self-described,30-39,Individual contributor,3-5 years,Onsite,1,0,,,,,,,,,,,,,,,,,,,,
R01473,T059,Customer Service,IN,APAC,Women,30-39,Individual contributor,10 years +,Onsite,1,1,2026-05-06,8,2,4,4,5,4,4,2,5,5,2,2,2,5,5,4,4,5,3
R01474,T059,Customer Service,IN,APAC,Men,30-39,Team lead,10 years +,Remote,0,1,2026-05-08,7,4,2,4,3,5,3,3,4,4,2,3,2,5,5,4,5,3,4
R01475,T059,Customer Service,IN,APAC,Men,50-59,Team lead,< 1 year,Onsite,0,1,2026-05-22,8,4,5,5,3,4,3,5,4,5,3,3,3,5,5,5,5,4,5
R01476,T059,Customer Service,IN,APAC,Women,30-39,Team lead,3-5 years,Onsite,0,1,2026-05-16,7,4,3,2,4,5,4,4,3,5,3,2,3,5,5,4,5,4,4
R01477,T059,Customer Service,IN,APAC,Men,30-39,Individual contributor,< 1 year,Remote,0,1,2026-05-04,7,4,5,4,3,5,5,3,4,5,3,3,3,5,5,4,4,4,4
R01478,T059,Customer Service,IN,APAC,Men,60+,Individual contributor,3-5 years,Onsite,1,1,2026-05-17,9,5,5,5,3,3,3,4,3,5,3,1,3,4,4,4,4,4,4
R01479,T059,Customer Service,IN,APAC,Women,60+,Manager,1-2 years,Onsite,1,0,,,,,,,,,,,,,,,,,,,,
R01480,T059,Customer Service,IN,APAC,Men,18-29,Individual contributor,< 1 year,Onsite,1,1,2026-05-08,10,5,4,4,4,4,3,4,4,5,4,4,4,5,4,4,4,4,4
R01481,T059,Customer Service,IN,APAC,Men,18-29,Individual contributor,3-5 years,Onsite,0,1,2026-05-04,5,4,5,5,4,3,4,4,4,4,4,4,3,5,5,5,4,4,4
R01482,T059,Customer Service,IN,APAC,Women,30-39,Individual contributor,3-5 years,Onsite,0,1,2026-05-04,9,5,4,5,4,4,4,4,5,4,4,3,2,3,3,4,5,4,5
R01483,T059,Customer Service,IN,APAC,Men,50-59,Individual contributor,1-2 years,Onsite,0,1,2026-05-22,8,5,4,4,4,5,4,5,5,5,4,4,5,4,4,4,4,4,4
R01484,T059,Customer Service,IN,APAC,Women,18-29,Individual contributor,1-2 years,Remote,0,1,2026-05-13,6,5,5,4,4,4,4,4,5,5,2,2,2,4,4,3,4,5,5
R01485,T059,Customer Service,IN,APAC,Women,18-29,Team lead,6-10 years,Onsite,0,1,2026-05-15,6,4,5,4,4,4,4,5,4,4,4,4,5,4,5,5,4,4,3
R01486,T059,Customer Service,IN,APAC,Men,50-59,Team lead,6-10 years,Onsite,0,1,2026-05-22,9,3,4,4,4,5,5,4,3,4,3,3,4,4,3,4,3,4,4
R01487,T059,Customer Service,IN,APAC,Women,30-39,Individual contributor,6-10 years,Onsite,1,0,,,,,,,,,,,,,,,,,,,,
R01488,T059,Customer Service,IN,APAC,Men,18-29,Individual contributor,1-2 years,Onsite,1,1,2026-05-21,9,5,5,5,4,4,4,3,3,4,3,4,5,5,5,5,5,5,4
R01489,T059,Customer Service,IN,APAC,Men,30-39,Individual contributor,6-10 years,Hybrid,0,1,2026-05-05,8,3,3,4,4,3,3,4,2,3,4,3,4,5,5,5,4,3,4
R01490,T059,Customer Service,IN,APAC,Women,50-59,Individual contributor,3-5 years,Onsite,0,1,2026-05-04,5,5,5,2,3,4,4,2,3,4,3,3,3,5,5,5,3,1,2
R01491,T059,Customer Service,IN,APAC,Women,18-29,Individual contributor,6-10 years,Hybrid,0,1,2026-05-06,9,5,5,3,5,5,4,4,5,5,3,2,3,5,5,5,4,4,4
R01492,T059,Customer Service,IN,APAC,Women,30-39,Manager,< 1 year,Hybrid,0,0,,,,,,,,,,,,,,,,,,,,
R01493,T059,Customer Service,IN,APAC,Women,18-29,Individual contributor,1-2 years,Onsite,0,1,2026-05-20,9,4,5,4,3,3,3,5,3,4,4,2,5,4,4,4,5,4,4
R01494,T059,Customer Service,IN,APAC,Women,30-39,Individual contributor,< 1 year,Onsite,1,1,2026-05-22,8,5,5,5,2,1,1,4,5,5,5,4,5,3,4,4,5,4,4
R01495,T059,Customer Service,IN,APAC,Men,18-29,Individual contributor,1-2 years,Hybrid,0,1,2026-05-16,10,3,4,4,3,3,4,3,2,5,2,3,2,5,5,4,5,4,4
R01496,T059,Customer Service,IN,APAC,Men,50-59,Individual contributor,1-2 years,Onsite,1,0,,,,,,,,,,,,,,,,,,,,
R01497,T060,Customer Service,IN,APAC,Women,40-49,Team lead,3-5 years,Remote,0,1,2026-05-05,6,2,3,4,4,4,5,3,3,1,3,3,3,3,2,3,3,3,2
R01498,T060,Customer Service,IN,APAC,Women,18-29,Individual contributor,6-10 years,Onsite,1,0,,,,,,,,,,,,,,,,,,,,
R01499,T060,Customer Service,IN,APAC,Women,30-39,Individual contributor,6-10 years,Hybrid,0,1,2026-05-22,9,5,4,5,4,4,2,2,2,3,3,2,3,3,3,4,5,3,3
R01500,T060,Customer Service,IN,APAC,Women,18-29,Individual contributor,< 1 year,Onsite,1,0,,,,,,,,,,,,,,,,,,,,
R01501,T060,Customer Service,IN,APAC,Men,40-49,Individual contributor,1-2 years,Onsite,1,1,2026-05-13,1,2,2,3,3,4,4,3,3,4,2,5,3,3,3,3,2,2,2
R01502,T060,Customer Service,IN,APAC,Men,50-59,Team lead,1-2 years,Onsite,1,0,,,,,,,,,,,,,,,,,,,,
R01503,T060,Customer Service,IN,APAC,Women,40-49,Individual contributor,< 1 year,Onsite,1,0,,,,,,,,,,,,,,,,,,,,
R01504,T060,Customer Service,IN,APAC,Women,60+,Team lead,1-2 years,Onsite,0,1,2026-05-13,6,3,3,3,2,1,1,3,5,5,3,3,3,3,4,2,4,4,4
R01505,T060,Customer Service,IN,APAC,Women,40-49,Individual contributor,1-2 years,Hybrid,0,1,2026-05-13,7,5,5,4,4,4,4,2,2,2,3,2,2,3,3,3,2,4,4
R01506,T060,Customer Service,IN,APAC,Men,40-49,Individual contributor,< 1 year,Onsite,1,0,,,,,,,,,,,,,,,,,,,,
R01507,T060,Customer Service,IN,APAC,Non-binary / self-described,18-29,Individual contributor,6-10 years,Onsite,0,0,,,,,,,,,,,,,,,,,,,,
R01508,T060,Customer Service,IN,APAC,Women,30-39,Individual contributor,1-2 years,Onsite,1,1,2026-05-15,7,3,2,1,3,4,2,2,2,1,2,1,2,3,2,3,2,3,3
R01509,T060,Customer Service,IN,APAC,Women,18-29,Individual contributor,6-10 years,Onsite,1,0,,,,,,,,,,,,,,,,,,,,
R01510,T060,Customer Service,IN,APAC,Women,50-59,Individual contributor,10 years +,Onsite,1,0,,,,,,,,,,,,,,,,,,,,
R01511,T060,Customer Service,IN,APAC,Men,30-39,Manager,1-2 years,Onsite,1,1,2026-05-15,6,3,4,4,3,3,2,1,2,2,3,3,2,3,3,3,3,3,4
R01512,T060,Customer Service,IN,APAC,Women,40-49,Individual contributor,< 1 year,Onsite,0,0,,,,,,,,,,,,,,,,,,,,
R01513,T060,Customer Service,IN,APAC,Men,18-29,Individual contributor,1-2 years,Onsite,0,1,2026-05-15,6,4,3,3,3,3,1,3,3,4,3,3,2,3,4,2,3,3,3
R01514,T061,Customer Service,US,North America,Women,60+,Individual contributor,1-2 years,Onsite,0,1,2026-05-22,8,3,3,3,4,5,3,4,3,4,3,3,4,5,5,5,4,2,4
R01515,T061,Customer Service,US,North America,Men,50-59,Individual contributor,3-5 years,Onsite,1,1,2026-05-15,9,2,4,4,3,3,2,3,3,3,4,2,4,5,5,5,3,3,4
R01516,T061,Customer Service,US,North America,Men,60+,Individual contributor,1-2 years,Onsite,1,1,2026-05-16,5,3,3,3,2,2,4,3,2,3,3,3,5,3,3,3,2,3,2
R01517,T061,Customer Service,US,North America,Men,18-29,Individual contributor,1-2 years,Onsite,0,0,,,,,,,,,,,,,,,,,,,,
R01518,T061,Customer Service,US,North America,Men,60+,Individual contributor,< 1 year,Onsite,1,0,,,,,,,,,,,,,,,,,,,,
R01519,T061,Customer Service,US,North America,Men,40-49,Team lead,1-2 years,Onsite,0,1,2026-05-21,9,4,5,5,4,3,3,4,5,5,4,1,4,3,4,2,4,4,5
R01520,T061,Customer Service,US,North America,Women,30-39,Individual contributor,10 years +,Onsite,0,0,,,,,,,,,,,,,,,,,,,,
R01521,T061,Customer Service,US,North America,Men,18-29,Individual contributor,1-2 years,Onsite,1,0,,,,,,,,,,,,,,,,,,,,
R01522,T061,Customer Service,US,North America,Men,40-49,Individual contributor,3-5 years,Remote,0,1,2026-05-16,6,4,4,3,3,3,2,2,3,3,3,4,4,4,3,5,5,3,2
R01523,T061,Customer Service,US,North America,Men,40-49,Team lead,6-10 years,Onsite,0,1,2026-05-07,8,5,4,5,3,2,3,2,2,3,4,3,5,5,5,5,4,4,4
R01524,T061,Customer Service,US,North America,Women,18-29,Individual contributor,< 1 year,Onsite,0,1,2026-05-08,7,4,5,5,3,3,3,4,3,4,4,3,3,5,3,4,4,3,3
R01525,T061,Customer Service,US,North America,Women,40-49,Team lead,1-2 years,Onsite,1,1,2026-05-21,8,4,4,5,4,4,4,4,4,4,3,3,3,4,5,5,4,3,4
R01526,T061,Customer Service,US,North America,Women,18-29,Individual contributor,6-10 years,Onsite,0,1,2026-05-17,7,4,4,5,4,2,3,4,4,4,2,2,4,5,4,4,3,4,3
R01527,T061,Customer Service,US,North America,Men,40-49,Individual contributor,1-2 years,Onsite,1,0,,,,,,,,,,,,,,,,,,,,
R01528,T061,Customer Service,US,North America,Men,30-39,Individual contributor,1-2 years,Onsite,0,0,,,,,,,,,,,,,,,,,,,,
R01529,T062,Customer Service,SG,APAC,Men,40-49,Individual contributor,< 1 year,Hybrid,0,1,2026-05-10,8,4,5,5,5,5,4,3,3,4,4,4,3,4,5,4,5,4,4
R01530,T062,Customer Service,SG,APAC,Men,30-39,Individual contributor,3-5 years,Onsite,1,1,2026-05-11,7,3,5,4,2,2,2,1,3,1,4,4,4,3,4,3,3,3,2
R01531,T062,Customer Service,SG,APAC,Non-binary / self-described,40-49,Individual contributor,3-5 years,Onsite,0,0,,,,,,,,,,,,,,,,,,,,
R01532,T062,Customer Service,SG,APAC,Men,30-39,Team lead,< 1 year,Onsite,1,0,,,,,,,,,,,,,,,,,,,,
R01533,T062,Customer Service,SG,APAC,Men,60+,Individual contributor,1-2 years,Onsite,0,0,,,,,,,,,,,,,,,,,,,,
R01534,T062,Customer Service,SG,APAC,Men,18-29,Individual contributor,3-5 years,Onsite,0,1,2026-05-05,5,2,3,2,3,4,4,4,4,4,1,3,3,4,5,3,4,3,3
R01535,T062,Customer Service,SG,APAC,Men,18-29,Individual contributor,1-2 years,Onsite,1,1,2026-05-15,10,5,5,5,2,3,3,3,3,4,2,1,1,4,5,4,4,4,4
R01536,T062,Customer Service,SG,APAC,Men,30-39,Individual contributor,6-10 years,Onsite,1,1,2026-05-14,6,5,5,4,2,4,3,4,1,3,4,4,4,4,5,4,4,4,5
R01537,T062,Customer Service,SG,APAC,Men,30-39,Individual contributor,3-5 years,Hybrid,0,1,2026-05-15,8,5,5,5,4,5,4,3,4,4,4,2,2,5,5,5,5,3,5
R01538,T062,Customer Service,SG,APAC,Men,18-29,Individual contributor,3-5 years,Hybrid,0,1,2026-05-05,8,5,5,5,3,4,4,4,3,4,2,3,3,4,4,3,3,4,3
R01539,T062,Customer Service,SG,APAC,Women,40-49,Individual contributor,10 years +,Onsite,1,1,2026-05-05,6,4,4,4,3,2,2,4,4,5,3,4,3,4,5,4,3,2,3
R01540,T062,Customer Service,SG,APAC,Men,30-39,Individual contributor,1-2 years,Hybrid,0,1,2026-05-21,10,4,5,5,4,3,4,5,5,4,3,3,3,5,5,4,4,4,4
R01541,T062,Customer Service,SG,APAC,Women,40-49,Team lead,< 1 year,Onsite,1,1,2026-05-15,2,4,5,4,4,4,4,3,3,2,2,1,2,3,5,3,2,2,1
R01542,T062,Customer Service,SG,APAC,Women,40-49,Team lead,1-2 years,Onsite,1,0,,,,,,,,,,,,,,,,,,,,
R01543,T062,Customer Service,SG,APAC,Men,30-39,Individual contributor,1-2 years,Onsite,0,1,2026-05-06,6,4,3,3,3,3,2,4,5,4,4,4,5,4,4,4,4,3,2
R01544,T062,Customer Service,SG,APAC,Women,30-39,Individual contributor,< 1 year,Remote,0,1,2026-05-07,5,4,5,4,4,5,5,3,4,4,3,2,4,4,4,4,2,3,3
R01545,T062,Customer Service,SG,APAC,Women,40-49,Senior leader,1-2 years,Onsite,1,1,2026-05-22,10,4,5,4,3,4,5,3,3,4,5,3,5,5,5,4,5,4,5
R01546,T062,Customer Service,SG,APAC,Men,40-49,Individual contributor,1-2 years,Onsite,1,1,2026-05-19,8,5,5,5,3,4,4,4,3,3,3,4,4,5,5,4,5,5,4
R01547,T062,Customer Service,SG,APAC,Women,50-59,Individual contributor,< 1 year,Hybrid,0,1,2026-05-18,9,4,3,3,4,3,4,5,5,5,3,2,3,4,5,4,4,4,4
R01548,T062,Customer Service,SG,APAC,Women,30-39,Individual contributor,1-2 years,Onsite,1,0,,,,,,,,,,,,,,,,,,,,
R01549,T062,Customer Service,SG,APAC,Women,50-59,Team lead,< 1 year,Onsite,0,0,,,,,,,,,,,,,,,,,,,,
R01550,T062,Customer Service,SG,APAC,Women,50-59,Individual contributor,3-5 years,Onsite,0,1,2026-05-11,7,4,4,4,3,4,3,3,3,3,4,4,4,4,4,3,4,5,4
R01551,T062,Customer Service,SG,APAC,Non-binary / self-described,50-59,Individual contributor,< 1 year,Onsite,1,0,,,,,,,,,,,,,,,,,,,,
R01552,T062,Customer Service,SG,APAC,Men,18-29,Team lead,10 years +,Hybrid,0,1,2026-05-08,10,5,5,5,5,5,5,2,3,3,3,3,3,5,5,5,5,4,5
R01553,T062,Customer Service,SG,APAC,Men,40-49,Manager,1-2 years,Onsite,1,1,2026-05-16,8,5,5,5,4,4,4,5,5,5,4,4,2,5,3,4,4,5,3
R01554,T062,Customer Service,SG,APAC,Men,30-39,Individual contributor,3-5 years,Onsite,0,0,,,,,,,,,,,,,,,,,,,,
R01555,T062,Customer Service,SG,APAC,Men,40-49,Individual contributor,3-5 years,Onsite,1,0,,,,,,,,,,,,,,,,,,,,
R01556,T062,Customer Service,SG,APAC,Men,30-39,Team lead,1-2 years,Onsite,1,0,,,,,,,,,,,,,,,,,,,,
R01557,T062,Customer Service,SG,APAC,Women,30-39,Team lead,3-5 years,Onsite,0,1,2026-05-20,6,4,5,5,3,5,5,3,3,4,1,2,1,5,4,4,5,4,4
R01558,T062,Customer Service,SG,APAC,Men,18-29,Individual contributor,3-5 years,Onsite,0,1,2026-05-04,5,3,5,3,3,3,3,5,4,5,5,5,4,5,5,5,4,4,4
R01559,T062,Customer Service,SG,APAC,Women,50-59,Manager,1-2 years,Onsite,1,1,2026-05-20,10,5,5,5,5,3,4,4,4,4,4,3,4,2,4,4,3,5,4
R01560,T062,Customer Service,SG,APAC,Women,30-39,Individual contributor,3-5 years,Onsite,1,0,,,,,,,,,,,,,,,,,,,,
R01561,T062,Customer Service,SG,APAC,Women,30-39,Team lead,6-10 years,Onsite,1,0,,,,,,,,,,,,,,,,,,,,
R01562,T062,Customer Service,SG,APAC,Men,30-39,Individual contributor,3-5 years,Onsite,0,1,2026-05-06,8,5,5,5,5,3,4,3,4,3,3,3,1,5,5,5,5,4,3
R01563,T062,Customer Service,SG,APAC,Men,18-29,Individual contributor,6-10 years,Onsite,0,1,2026-05-16,5,2,4,4,3,3,1,3,3,3,3,4,4,3,2,4,3,2,2
R01564,T062,Customer Service,SG,APAC,Men,50-59,Senior leader,3-5 years,Onsite,0,1,2026-05-15,10,5,5,5,4,4,3,3,3,4,5,5,5,5,4,5,5,5,5
R01565,T062,Customer Service,SG,APAC,Women,30-39,Individual contributor,< 1 year,Onsite,1,1,2026-05-22,7,5,5,4,3,3,5,4,3,4,4,4,4,5,5,4,4,4,3
R01566,T062,Customer Service,SG,APAC,Men,18-29,Individual contributor,3-5 years,Onsite,1,0,,,,,,,,,,,,,,,,,,,,
R01567,T062,Customer Service,SG,APAC,Women,18-29,Individual contributor,< 1 year,Onsite,0,0,,,,,,,,,,,,,,,,,,,,
R01568,T062,Customer Service,SG,APAC,Men,50-59,Individual contributor,6-10 years,Onsite,1,1,2026-05-22,5,4,5,3,5,4,5,2,1,3,2,2,2,5,5,4,3,2,1
R01569,T062,Customer Service,SG,APAC,Men,18-29,Individual contributor,6-10 years,Onsite,1,0,,,,,,,,,,,,,,,,,,,,
R01570,T062,Customer Service,SG,APAC,Men,30-39,Individual contributor,6-10 years,Hybrid,0,0,,,,,,,,,,,,,,,,,,,,
R01571,T062,Customer Service,SG,APAC,Men,30-39,Individual contributor,< 1 year,Remote,0,1,2026-05-04,10,3,3,3,4,4,4,4,4,5,4,2,3,5,5,5,4,4,5
R01572,T062,Customer Service,SG,APAC,Men,30-39,Manager,6-10 years,Onsite,1,1,2026-05-17,7,5,5,4,4,5,4,4,4,4,4,4,5,5,5,5,5,4,4
R01573,T062,Customer Service,SG,APAC,Women,30-39,Manager,10 years +,Onsite,0,1,2026-05-05,9,5,5,5,2,5,3,4,4,3,5,5,5,5,5,4,5,5,5
R01574,T062,Customer Service,SG,APAC,Women,18-29,Team lead,< 1 year,Onsite,1,1,2026-05-21,8,3,5,4,5,5,5,4,4,4,2,2,4,4,4,3,3,5,5
R01575,T062,Customer Service,SG,APAC,Men,50-59,Team lead,3-5 years,Onsite,0,1,2026-05-06,7,5,5,5,2,3,3,4,3,3,3,3,4,5,5,5,4,4,3
R01576,T062,Customer Service,SG,APAC,Women,30-39,Individual contributor,1-2 years,Onsite,1,1,2026-05-14,7,4,4,3,4,5,4,4,4,3,4,3,4,5,4,3,5,3,3
R01577,T062,Customer Service,SG,APAC,Women,50-59,Individual contributor,1-2 years,Onsite,1,1,2026-05-05,7,4,5,5,2,1,3,2,2,2,5,5,5,4,5,2,3,4,3
R01578,T062,Customer Service,SG,APAC,Men,50-59,Team lead,< 1 year,Onsite,1,1,2026-05-07,5,4,4,4,5,3,4,4,4,4,4,3,4,5,4,4,4,4,2
R01579,T062,Customer Service,SG,APAC,Men,50-59,Individual contributor,< 1 year,Onsite,1,1,2026-05-14,8,4,2,4,4,5,5,3,3,4,3,3,4,5,4,3,5,4,5
R01580,T063,Customer Service,US,North America,Women,18-29,Individual contributor,10 years +,Onsite,1,0,,,,,,,,,,,,,,,,,,,,
R01581,T063,Customer Service,US,North America,Men,60+,Individual contributor,6-10 years,Hybrid,0,1,2026-05-22,6,4,4,3,4,2,3,3,2,2,4,2,2,4,4,5,4,4,3
R01582,T063,Customer Service,US,North America,Women,50-59,Team lead,< 1 year,Onsite,1,0,,,,,,,,,,,,,,,,,,,,
R01583,T063,Customer Service,US,North America,Women,18-29,Individual contributor,< 1 year,Onsite,0,1,2026-05-05,10,5,5,5,5,5,5,5,4,5,4,4,5,5,4,5,5,5,4
R01584,T063,Customer Service,US,North America,Men,40-49,Manager,10 years +,Onsite,1,1,2026-05-04,10,5,5,5,5,4,4,4,5,5,3,3,4,4,5,5,5,5,4
R01585,T063,Customer Service,US,North America,Men,30-39,Team lead,< 1 year,Hybrid,0,1,2026-05-04,9,4,5,5,5,5,5,5,5,5,5,4,5,3,5,5,5,5,5
R01586,T063,Customer Service,US,North America,Men,40-49,Individual contributor,10 years +,Hybrid,0,0,,,,,,,,,,,,,,,,,,,,
R01587,T063,Customer Service,US,North America,Women,18-29,Team lead,< 1 year,Onsite,0,1,2026-05-07,10,5,5,5,3,5,4,4,4,3,3,5,5,5,5,3,5,5,5
R01588,T063,Customer Service,US,North America,Men,50-59,Individual contributor,1-2 years,Remote,0,1,2026-05-15,8,5,5,4,3,4,4,5,5,5,4,3,4,5,5,4,4,4,4
R01589,T063,Customer Service,US,North America,Women,18-29,Individual contributor,1-2 years,Onsite,0,0,,,,,,,,,,,,,,,,,,,,
R01590,T063,Customer Service,US,North America,Men,30-39,Individual contributor,< 1 year,Onsite,0,1,2026-05-11,10,5,5,5,3,4,4,4,3,5,2,2,3,5,5,3,5,5,4
R01591,T063,Customer Service,US,North America,Women,40-49,Individual contributor,1-2 years,Onsite,0,1,2026-05-17,10,5,5,5,4,5,3,5,4,5,3,3,4,5,5,5,5,4,5
R01592,T063,Customer Service,US,North America,Women,30-39,Team lead,10 years +,Remote,0,0,,,,,,,,,,,,,,,,,,,,
R01593,T063,Customer Service,US,North America,Women,60+,Individual contributor,3-5 years,Hybrid,0,0,,,,,,,,,,,,,,,,,,,,
R01594,T063,Customer Service,US,North America,Women,18-29,Individual contributor,1-2 years,Onsite,1,1,2026-05-04,8,4,5,4,2,3,5,3,3,3,4,2,3,4,5,3,4,4,4
R01595,T063,Customer Service,US,North America,Women,60+,Individual contributor,1-2 years,Hybrid,0,1,2026-05-14,9,4,4,5,5,4,5,3,4,5,5,5,5,3,4,3,4,4,4
R01596,T063,Customer Service,US,North America,Men,30-39,Individual contributor,3-5 years,Onsite,1,0,,,,,,,,,,,,,,,,,,,,
R01597,T063,Customer Service,US,North America,Women,50-59,Individual contributor,10 years +,Onsite,1,1,2026-05-13,7,5,4,4,3,3,2,4,4,4,3,2,4,4,5,5,4,4,3
R01598,T063,Customer Service,US,North America,Women,18-29,Manager,10 years +,Hybrid,0,1,2026-05-14,10,5,5,5,4,4,3,4,4,4,4,4,4,5,5,3,5,5,4
R01599,T063,Customer Service,US,North America,Men,18-29,Individual contributor,< 1 year,Onsite,1,1,2026-05-15,9,4,4,4,3,4,3,3,4,3,3,4,4,5,4,5,5,5,4
R01600,T063,Customer Service,US,North America,Women,60+,Individual contributor,< 1 year,Onsite,1,1,2026-05-13,6,5,3,5,4,3,5,3,4,4,3,3,4,3,5,4,3,4,3
R01601,T063,Customer Service,US,North America,Men,40-49,Team lead,1-2 years,Onsite,1,1,2026-05-15,10,5,5,4,5,4,5,4,3,4,4,3,3,5,5,5,5,4,4
R01602,T063,Customer Service,US,North America,Men,50-59,Individual contributor,6-10 years,Onsite,1,1,2026-05-08,10,4,5,4,4,3,4,3,3,5,4,4,5,5,5,5,4,2,3
R01603,T063,Customer Service,US,North America,Men,40-49,Team lead,6-10 years,Remote,0,1,2026-05-09,8,5,5,5,3,3,4,3,4,4,5,4,4,5,5,5,3,3,4
R01604,T063,Customer Service,US,North America,Women,18-29,Individual contributor,1-2 years,Onsite,1,1,2026-05-15,7,5,5,5,4,4,4,4,4,5,2,4,3,5,5,5,5,5,5
R01605,T063,Customer Service,US,North America,Women,18-29,Individual contributor,< 1 year,Onsite,0,0,,,,,,,,,,,,,,,,,,,,
R01606,T063,Customer Service,US,North America,Men,30-39,Individual contributor,6-10 years,Onsite,1,1,2026-05-07,6,3,3,3,3,4,4,3,3,3,3,2,3,5,5,5,3,5,3
R01607,T063,Customer Service,US,North America,Men,50-59,Team lead,< 1 year,Onsite,0,0,,,,,,,,,,,,,,,,,,,,
R01608,T063,Customer Service,US,North America,Men,30-39,Manager,< 1 year,Hybrid,0,1,2026-05-20,9,5,5,5,5,4,5,5,5,5,3,4,3,5,5,5,5,5,5
R01609,T063,Customer Service,US,North America,Women,18-29,Individual contributor,3-5 years,Hybrid,0,1,2026-05-06,6,5,5,5,3,4,2,4,5,4,3,3,3,4,4,2,2,3,2
R01610,T063,Customer Service,US,North America,Men,18-29,Individual contributor,1-2 years,Hybrid,0,1,2026-05-11,9,5,5,5,3,3,5,4,4,5,4,4,3,3,5,4,4,3,4
R01611,T063,Customer Service,US,North America,Women,40-49,Individual contributor,10 years +,Onsite,1,1,2026-05-05,9,5,4,4,5,4,3,4,4,4,5,4,5,5,4,5,4,5,5
R01612,T063,Customer Service,US,North America,Men,18-29,Team lead,3-5 years,Onsite,1,1,2026-05-13,7,5,5,5,3,3,3,5,4,4,4,3,5,3,3,4,4,3,4
R01613,T063,Customer Service,US,North America,Men,30-39,Individual contributor,1-2 years,Onsite,1,1,2026-05-16,8,5,5,5,2,4,3,4,4,5,4,5,3,5,5,4,4,4,4
R01614,T063,Customer Service,US,North America,Men,30-39,Individual contributor,1-2 years,Onsite,1,1,2026-05-21,7,3,4,4,5,4,4,5,5,5,3,2,2,4,5,5,4,3,3
R01615,T063,Customer Service,US,North America,Men,18-29,Individual contributor,1-2 years,Onsite,1,1,2026-05-13,8,4,3,4,3,4,3,5,5,5,3,4,4,4,4,3,5,4,4
R01616,T063,Customer Service,US,North America,Women,50-59,Individual contributor,3-5 years,Onsite,0,1,2026-05-07,8,5,4,4,3,3,4,4,5,4,4,4,4,4,3,3,5,4,2
R01617,T063,Customer Service,US,North America,Women,30-39,Individual contributor,6-10 years,Onsite,1,1,2026-05-16,8,5,5,4,5,4,5,4,4,4,4,1,3,4,5,4,5,5,4
R01618,T063,Customer Service,US,North America,Men,18-29,Individual contributor,3-5 years,Onsite,1,1,2026-05-12,10,5,5,4,4,3,5,4,3,4,5,5,5,5,5,4,5,5,5
R01619,T063,Customer Service,US,North America,Men,50-59,Team lead,3-5 years,Onsite,1,1,2026-05-05,10,4,3,4,4,3,4,5,4,5,2,3,2,5,5,5,5,5,5
R01620,T063,Customer Service,US,North America,Women,40-49,Manager,3-5 years,Onsite,1,1,2026-05-15,7,4,5,4,5,4,4,5,4,5,4,4,4,5,5,5,4,4,4
R01621,T063,Customer Service,US,North America,Men,30-39,Individual contributor,1-2 years,Onsite,0,1,2026-05-16,5,5,4,4,2,1,2,2,3,2,3,4,4,4,5,3,3,3,4
R01622,T063,Customer Service,US,North America,Women,40-49,Individual contributor,1-2 years,Onsite,1,1,2026-05-15,9,4,4,3,2,3,2,5,4,3,3,4,4,4,4,4,4,5,5
R01623,T063,Customer Service,US,North America,Non-binary / self-described,18-29,Individual contributor,6-10 years,Hybrid,0,0,,,,,,,,,,,,,,,,,,,,
R01624,T063,Customer Service,US,North America,Men,30-39,Senior leader,6-10 years,Hybrid,0,1,2026-05-04,10,5,5,5,5,4,5,4,4,5,5,4,5,5,5,4,5,4,5
R01625,T063,Customer Service,US,North America,Non-binary / self-described,18-29,Individual contributor,10 years +,Onsite,1,1,2026-05-18,5,3,3,3,4,3,4,3,3,3,4,2,4,5,3,3,4,3,2
R01626,T063,Customer Service,US,North America,Men,40-49,Individual contributor,1-2 years,Onsite,0,1,2026-05-06,8,4,5,4,5,5,5,4,3,4,4,5,4,5,5,5,3,4,3
R01627,T063,Customer Service,US,North America,Women,60+,Individual contributor,6-10 years,Onsite,1,1,2026-05-16,9,5,5,5,4,3,3,2,3,2,3,5,4,4,2,4,5,5,4
R01628,T063,Customer Service,US,North America,Women,40-49,Individual contributor,< 1 year,Onsite,1,1,2026-05-06,7,5,5,4,3,3,2,5,5,5,5,4,3,3,5,4,4,5,4
R01629,T063,Customer Service,US,North America,Men,18-29,Individual contributor,1-2 years,Hybrid,0,1,2026-05-22,7,4,5,4,4,2,3,4,3,5,4,4,4,5,4,3,4,4,4
R01630,T063,Customer Service,US,North America,Women,50-59,Individual contributor,3-5 years,Onsite,1,1,2026-05-21,5,5,4,5,5,5,5,2,2,3,2,3,2,4,4,5,3,2,3
R01631,T063,Customer Service,US,North America,Women,18-29,Senior leader,3-5 years,Onsite,1,1,2026-05-15,10,5,5,5,5,5,4,3,4,4,4,3,4,4,4,4,5,5,4
R01632,T063,Customer Service,US,North America,Women,50-59,Individual contributor,1-2 years,Onsite,0,1,2026-05-06,7,5,5,5,5,4,4,4,2,4,5,4,4,4,5,5,3,2,5
R01633,T063,Customer Service,US,North America,Women,40-49,Individual contributor,6-10 years,Hybrid,0,1,2026-05-08,10,4,5,5,4,4,4,5,5,5,3,3,3,3,5,4,4,4,4
R01634,T063,Customer Service,US,North America,Men,30-39,Individual contributor,3-5 years,Onsite,1,1,2026-05-15,7,4,3,4,3,4,4,5,4,4,4,4,4,4,5,5,4,3,2
R01635,T064,Customer Service,SG,APAC,Men,40-49,Team lead,3-5 years,Onsite,1,1,2026-05-05,10,4,4,4,4,5,4,3,3,3,3,4,4,5,5,4,5,4,5
R01636,T064,Customer Service,SG,APAC,Women,40-49,Senior leader,3-5 years,Onsite,1,1,2026-05-05,10,5,5,5,5,5,4,3,3,3,4,3,4,5,5,5,5,5,5
R01637,T064,Customer Service,SG,APAC,Men,40-49,Individual contributor,< 1 year,Hybrid,0,1,2026-05-04,9,4,4,4,5,4,4,3,5,2,4,4,3,3,3,4,4,4,4
R01638,T064,Customer Service,SG,APAC,Men,30-39,Individual contributor,1-2 years,Onsite,1,1,2026-05-22,9,5,4,4,4,3,2,5,4,5,3,4,5,5,5,5,5,5,5
R01639,T064,Customer Service,SG,APAC,Women,18-29,Individual contributor,3-5 years,Onsite,0,1,2026-05-21,4,3,3,4,3,4,2,5,3,4,2,3,3,3,2,2,2,3,3
R01640,T064,Customer Service,SG,APAC,Women,18-29,Team lead,1-2 years,Onsite,0,1,2026-05-22,10,5,5,4,4,4,4,3,3,2,4,4,4,4,4,4,5,4,5
R01641,T064,Customer Service,SG,APAC,Women,50-59,Individual contributor,6-10 years,Hybrid,0,1,2026-05-20,8,4,2,3,4,3,3,2,4,3,4,4,3,4,4,4,3,4,2
R01642,T064,Customer Service,SG,APAC,Men,60+,Individual contributor,10 years +,Onsite,0,1,2026-05-13,6,2,4,4,4,4,3,5,5,5,5,4,5,5,5,4,4,4,4
R01643,T064,Customer Service,SG,APAC,Men,18-29,Individual contributor,10 years +,Onsite,0,1,2026-05-09,9,5,5,4,3,5,4,4,4,4,3,3,4,4,5,4,4,5,3
R01644,T064,Customer Service,SG,APAC,Women,40-49,Individual contributor,3-5 years,Onsite,1,1,2026-05-04,6,4,4,2,3,4,4,3,4,5,5,5,5,3,2,2,5,4,3
R01645,T064,Customer Service,SG,APAC,Women,40-49,Team lead,6-10 years,Onsite,1,0,,,,,,,,,,,,,,,,,,,,
R01646,T064,Customer Service,SG,APAC,Women,50-59,Individual contributor,1-2 years,Onsite,1,1,2026-05-15,4,4,4,4,4,3,3,3,4,3,3,3,4,3,4,4,4,2,3
R01647,T064,Customer Service,SG,APAC,Women,30-39,Individual contributor,3-5 years,Onsite,1,1,2026-05-22,6,5,5,4,4,3,2,4,4,5,4,3,4,3,2,2,5,3,4
R01648,T064,Customer Service,SG,APAC,Women,50-59,Individual contributor,1-2 years,Onsite,1,1,2026-05-22,8,4,3,2,3,3,3,4,4,3,4,2,2,5,4,3,4,3,3
R01649,T064,Customer Service,SG,APAC,Women,30-39,Individual contributor,1-2 years,Onsite,1,1,2026-05-04,8,5,3,3,3,4,4,5,5,5,3,4,4,5,4,4,4,5,5
R01650,T064,Customer Service,SG,APAC,Men,40-49,Team lead,3-5 years,Onsite,0,1,2026-05-15,8,5,5,5,5,4,5,4,3,4,4,5,5,4,5,5,5,5,3
R01651,T064,Customer Service,SG,APAC,Women,18-29,Team lead,1-2 years,Hybrid,0,1,2026-05-10,7,2,2,3,3,3,4,5,5,5,3,3,3,4,4,4,4,3,4
R01652,T064,Customer Service,SG,APAC,Men,18-29,Team lead,< 1 year,Onsite,1,0,,,,,,,,,,,,,,,,,,,,
R01653,T064,Customer Service,SG,APAC,Men,30-39,Individual contributor,3-5 years,Onsite,0,0,,,,,,,,,,,,,,,,,,,,
R01654,T064,Customer Service,SG,APAC,Women,18-29,Individual contributor,10 years +,Onsite,0,1,2026-05-06,7,4,4,4,5,5,4,4,5,5,3,3,4,4,4,4,3,3,3
R01655,T065,Customer Service,PL,EMEA,Men,30-39,Individual contributor,< 1 year,Hybrid,0,0,,,,,,,,,,,,,,,,,,,,
R01656,T065,Customer Service,PL,EMEA,Women,18-29,Team lead,10 years +,Remote,0,1,2026-05-16,9,4,5,3,3,4,3,4,3,4,3,2,5,4,4,4,4,3,4
R01657,T065,Customer Service,PL,EMEA,Men,30-39,Individual contributor,1-2 years,Onsite,0,0,,,,,,,,,,,,,,,,,,,,
R01658,T065,Customer Service,PL,EMEA,Women,40-49,Individual contributor,< 1 year,Onsite,1,1,2026-05-21,9,5,4,4,5,5,5,3,3,5,1,1,3,4,4,4,5,5,4
R01659,T065,Customer Service,PL,EMEA,Women,18-29,Senior leader,< 1 year,Remote,0,1,2026-05-17,9,5,5,5,4,5,4,4,5,4,4,4,5,5,4,4,5,5,5
R01660,T065,Customer Service,PL,EMEA,Men,40-49,Individual contributor,< 1 year,Onsite,0,1,2026-05-04,9,5,5,3,5,5,5,4,4,3,5,4,4,3,5,4,5,3,4
R01661,T065,Customer Service,PL,EMEA,Women,30-39,Individual contributor,< 1 year,Onsite,1,1,2026-05-14,8,4,4,3,4,4,5,5,4,4,3,2,2,4,4,5,3,3,4
R01662,T065,Customer Service,PL,EMEA,Women,60+,Individual contributor,< 1 year,Onsite,0,1,2026-05-15,6,5,5,5,4,4,4,4,2,5,4,3,3,4,5,2,4,5,3
R01663,T065,Customer Service,PL,EMEA,Women,30-39,Team lead,< 1 year,Onsite,0,0,,,,,,,,,,,,,,,,,,,,
R01664,T065,Customer Service,PL,EMEA,Women,50-59,Individual contributor,3-5 years,Onsite,1,0,,,,,,,,,,,,,,,,,,,,
R01665,T065,Customer Service,PL,EMEA,Women,40-49,Individual contributor,1-2 years,Onsite,1,1,2026-05-12,8,5,5,5,2,3,2,3,3,4,2,1,3,5,5,4,5,4,4
R01666,T065,Customer Service,PL,EMEA,Men,18-29,Individual contributor,1-2 years,Onsite,0,1,2026-05-11,8,3,3,4,3,4,2,4,2,4,3,2,3,5,5,5,4,4,4
R01667,T065,Customer Service,PL,EMEA,Men,18-29,Team lead,6-10 years,Onsite,0,0,,,,,,,,,,,,,,,,,,,,
R01668,T065,Customer Service,PL,EMEA,Men,30-39,Individual contributor,1-2 years,Onsite,0,1,2026-05-10,10,4,5,4,4,4,3,5,3,5,3,4,3,5,5,5,5,4,4
R01669,T065,Customer Service,PL,EMEA,Women,40-49,Individual contributor,1-2 years,Hybrid,0,1,2026-05-04,9,5,4,4,3,5,4,2,2,3,5,3,3,5,5,4,4,4,4
R01670,T065,Customer Service,PL,EMEA,Women,60+,Individual contributor,1-2 years,Onsite,0,1,2026-05-09,8,4,4,3,4,5,4,3,4,5,4,4,3,4,3,4,4,5,5
R01671,T065,Customer Service,PL,EMEA,Men,50-59,Individual contributor,3-5 years,Remote,0,0,,,,,,,,,,,,,,,,,,,,
R01672,T065,Customer Service,PL,EMEA,Women,30-39,Individual contributor,< 1 year,Onsite,0,1,2026-05-09,8,4,4,4,4,3,3,5,5,4,4,4,2,4,5,4,5,4,5
R01673,T065,Customer Service,PL,EMEA,Women,50-59,Individual contributor,3-5 years,Onsite,1,0,,,,,,,,,,,,,,,,,,,,
R01674,T065,Customer Service,PL,EMEA,Men,30-39,Individual contributor,1-2 years,Onsite,1,0,,,,,,,,,,,,,,,,,,,,
R01675,T065,Customer Service,PL,EMEA,Women,30-39,Individual contributor,6-10 years,Onsite,0,1,2026-05-05,7,4,5,4,4,5,5,5,5,5,4,3,4,4,2,2,5,4,4
R01676,T065,Customer Service,PL,EMEA,Men,30-39,Team lead,10 years +,Hybrid,0,1,2026-05-04,8,5,5,5,4,4,4,2,1,4,3,2,3,4,4,4,4,4,5
R01677,T065,Customer Service,PL,EMEA,Women,30-39,Individual contributor,3-5 years,Onsite,1,1,2026-05-11,5,5,4,4,2,3,3,5,2,4,3,2,4,5,4,1,4,4,3
R01678,T065,Customer Service,PL,EMEA,Women,30-39,Individual contributor,6-10 years,Onsite,0,1,2026-05-04,7,4,4,5,3,4,2,5,4,5,3,2,4,4,4,3,4,4,4
R01679,T065,Customer Service,PL,EMEA,Women,18-29,Individual contributor,< 1 year,Onsite,1,1,2026-05-08,10,4,5,4,4,5,4,3,4,3,3,3,4,5,4,3,4,4,4
R01680,T065,Customer Service,PL,EMEA,Men,30-39,Individual contributor,3-5 years,Onsite,1,0,,,,,,,,,,,,,,,,,,,,
R01681,T065,Customer Service,PL,EMEA,Women,30-39,Individual contributor,10 years +,Onsite,1,0,,,,,,,,,,,,,,,,,,,,
R01682,T066,Customer Service,IN,APAC,Women,30-39,Individual contributor,1-2 years,Hybrid,0,1,2026-05-22,6,5,5,5,3,4,4,4,3,3,1,3,3,5,5,4,4,3,4
R01683,T066,Customer Service,IN,APAC,Women,50-59,Individual contributor,3-5 years,Onsite,1,1,2026-05-15,7,4,4,4,3,5,4,4,4,5,3,3,2,3,5,3,4,4,4
R01684,T066,Customer Service,IN,APAC,Non-binary / self-described,40-49,Individual contributor,< 1 year,Onsite,0,0,,,,,,,,,,,,,,,,,,,,
R01685,T066,Customer Service,IN,APAC,Non-binary / self-described,40-49,Individual contributor,3-5 years,Hybrid,0,0,,,,,,,,,,,,,,,,,,,,
R01686,T066,Customer Service,IN,APAC,Men,30-39,Individual contributor,3-5 years,Onsite,1,0,,,,,,,,,,,,,,,,,,,,
R01687,T066,Customer Service,IN,APAC,Women,18-29,Team lead,6-10 years,Hybrid,0,1,2026-05-14,6,5,5,5,4,4,4,3,2,2,2,3,4,5,5,5,5,5,5
R01688,T066,Customer Service,IN,APAC,Women,50-59,Individual contributor,< 1 year,Onsite,1,1,2026-05-18,7,3,4,3,3,4,2,3,2,5,3,3,2,5,5,5,4,3,4
R01689,T066,Customer Service,IN,APAC,Men,30-39,Individual contributor,1-2 years,Remote,0,1,2026-05-04,7,5,5,5,3,2,4,2,2,2,4,3,5,4,5,4,4,5,4
R01690,T066,Customer Service,IN,APAC,Men,30-39,Individual contributor,1-2 years,Onsite,0,1,2026-05-05,6,5,5,4,4,3,1,4,4,3,2,3,3,2,4,4,4,4,4
R01691,T066,Customer Service,IN,APAC,Men,30-39,Individual contributor,3-5 years,Onsite,0,0,,,,,,,,,,,,,,,,,,,,
R01692,T066,Customer Service,IN,APAC,Women,30-39,Individual contributor,1-2 years,Onsite,1,1,2026-05-21,8,5,4,5,2,2,1,4,3,3,4,3,4,5,4,5,4,4,4
R01693,T066,Customer Service,IN,APAC,Women,40-49,Individual contributor,6-10 years,Onsite,1,1,2026-05-11,6,4,3,3,3,3,3,4,4,5,3,2,2,5,4,4,4,2,3
R01694,T066,Customer Service,IN,APAC,Men,18-29,Individual contributor,3-5 years,Onsite,0,1,2026-05-08,8,4,5,4,3,2,2,4,3,3,2,3,4,5,5,5,4,5,3
R01695,T066,Customer Service,IN,APAC,Men,50-59,Individual contributor,3-5 years,Onsite,1,0,,,,,,,,,,,,,,,,,,,,
R01696,T066,Customer Service,IN,APAC,Women,40-49,Team lead,3-5 years,Onsite,0,1,2026-05-16,8,2,5,3,4,5,4,3,2,4,2,3,3,5,5,5,4,3,3
R01697,T066,Customer Service,IN,APAC,Men,18-29,Individual contributor,< 1 year,Remote,0,1,2026-05-05,10,5,5,3,4,3,4,5,4,4,3,3,3,5,5,5,4,4,4
R01698,T066,Customer Service,IN,APAC,Men,60+,Individual contributor,6-10 years,Remote,0,1,2026-05-05,7,4,4,3,4,3,2,4,5,5,3,2,1,5,5,5,4,5,4
R01699,T066,Customer Service,IN,APAC,Men,30-39,Individual contributor,1-2 years,Onsite,1,0,,,,,,,,,,,,,,,,,,,,
R01700,T066,Customer Service,IN,APAC,Women,40-49,Individual contributor,3-5 years,Onsite,1,1,2026-05-22,8,5,5,5,4,3,4,4,4,5,4,4,2,5,5,5,4,4,5
R01701,T066,Customer Service,IN,APAC,Men,50-59,Individual contributor,10 years +,Onsite,0,0,,,,,,,,,,,,,,,,,,,,
R01702,T066,Customer Service,IN,APAC,Men,40-49,Manager,6-10 years,Onsite,1,1,2026-05-07,7,4,4,3,3,3,4,4,3,5,4,4,5,5,5,5,5,4,3
R01703,T066,Customer Service,IN,APAC,Women,30-39,Manager,1-2 years,Onsite,0,1,2026-05-21,8,4,4,4,3,3,4,5,4,5,3,3,2,5,5,5,3,3,4
R01704,T066,Customer Service,IN,APAC,Men,30-39,Individual contributor,3-5 years,Onsite,1,1,2026-05-05,10,5,5,5,5,5,4,2,3,3,4,3,4,5,5,5,5,5,5
R01705,T066,Customer Service,IN,APAC,Women,18-29,Team lead,1-2 years,Onsite,1,1,2026-05-05,9,4,4,4,4,4,4,3,4,4,3,3,3,3,4,4,5,4,3
R01706,T066,Customer Service,IN,APAC,Non-binary / self-described,30-39,Individual contributor,< 1 year,Onsite,1,0,,,,,,,,,,,,,,,,,,,,
R01707,T066,Customer Service,IN,APAC,Women,30-39,Individual contributor,3-5 years,Onsite,0,1,2026-05-16,7,3,4,5,3,3,4,5,4,5,3,3,4,5,5,5,3,5,4
R01708,T067,Customer Service,DE,EMEA,Women,30-39,Individual contributor,3-5 years,Onsite,0,1,2026-05-15,8,5,3,4,5,5,5,2,3,3,3,3,5,5,5,5,5,5,5
R01709,T067,Customer Service,DE,EMEA,Men,50-59,Individual contributor,3-5 years,Onsite,1,1,2026-05-07,7,5,5,4,2,2,4,4,4,4,4,3,4,5,5,5,5,4,5
R01710,T067,Customer Service,DE,EMEA,Women,18-29,Individual contributor,1-2 years,Onsite,0,0,,,,,,,,,,,,,,,,,,,,
R01711,T067,Customer Service,DE,EMEA,Women,40-49,Individual contributor,1-2 years,Onsite,1,1,2026-05-06,7,4,5,5,2,2,3,4,3,3,4,3,4,5,5,5,4,5,5
R01712,T067,Customer Service,DE,EMEA,Men,30-39,Individual contributor,6-10 years,Onsite,0,1,2026-05-08,7,4,4,4,5,4,4,4,4,4,3,3,3,4,4,4,5,5,5
R01713,T067,Customer Service,DE,EMEA,Women,40-49,Individual contributor,6-10 years,Onsite,1,1,2026-05-16,7,4,4,3,4,4,4,4,4,5,2,2,2,5,5,5,4,3,3
R01714,T067,Customer Service,DE,EMEA,Men,18-29,Individual contributor,6-10 years,Onsite,0,0,,,,,,,,,,,,,,,,,,,,
R01715,T067,Customer Service,DE,EMEA,Men,18-29,Team lead,6-10 years,Onsite,0,1,2026-05-06,7,5,4,4,4,5,4,3,3,4,2,3,2,5,5,5,4,5,4
R01716,T067,Customer Service,DE,EMEA,Women,30-39,Team lead,3-5 years,Onsite,0,1,2026-05-05,5,4,4,4,3,4,5,4,4,4,4,4,3,5,5,5,5,3,4
R01717,T067,Customer Service,DE,EMEA,Women,50-59,Team lead,3-5 years,Onsite,0,1,2026-05-17,9,5,5,5,5,5,5,5,4,4,5,5,5,5,5,5,5,4,4
R01718,T067,Customer Service,DE,EMEA,Men,18-29,Individual contributor,10 years +,Onsite,1,1,2026-05-16,8,4,5,4,4,4,4,5,5,5,5,4,4,5,5,5,5,5,4
R01719,T067,Customer Service,DE,EMEA,Men,18-29,Manager,6-10 years,Onsite,1,1,2026-05-22,8,3,3,2,5,5,4,4,3,4,4,5,4,5,5,5,5,4,4
R01720,T067,Customer Service,DE,EMEA,Non-binary / self-described,50-59,Individual contributor,< 1 year,Onsite,0,0,,,,,,,,,,,,,,,,,,,,
R01721,T068,Customer Service,PL,EMEA,Women,40-49,Individual contributor,< 1 year,Onsite,0,1,2026-05-15,7,3,5,4,4,4,4,5,4,5,4,3,4,5,5,5,5,4,4
R01722,T068,Customer Service,PL,EMEA,Women,50-59,Individual contributor,10 years +,Remote,0,1,2026-05-07,6,4,5,4,1,3,2,3,3,2,4,3,5,4,5,4,5,3,4
R01723,T068,Customer Service,PL,EMEA,Women,50-59,Team lead,1-2 years,Onsite,0,1,2026-05-20,10,5,5,5,2,4,3,4,4,5,4,4,5,5,5,4,4,5,4
R01724,T068,Customer Service,PL,EMEA,Women,18-29,Team lead,6-10 years,Onsite,1,0,,,,,,,,,,,,,,,,,,,,
R01725,T068,Customer Service,PL,EMEA,Men,30-39,Individual contributor,1-2 years,Hybrid,0,1,2026-05-09,6,2,4,3,4,4,4,3,4,3,3,3,3,3,4,4,4,4,4
R01726,T068,Customer Service,PL,EMEA,Women,30-39,Senior leader,6-10 years,Onsite,0,1,2026-05-17,7,5,4,4,5,5,5,3,4,3,3,1,3,5,5,5,5,4,3
R01727,T068,Customer Service,PL,EMEA,Non-binary / self-described,18-29,Individual contributor,3-5 years,Onsite,1,1,2026-05-19,9,4,4,4,4,3,3,3,3,3,4,4,3,5,5,5,3,4,3
R01728,T068,Customer Service,PL,EMEA,Women,40-49,Individual contributor,6-10 years,Hybrid,0,1,2026-05-16,7,4,4,5,5,5,5,3,4,4,3,3,2,5,5,4,4,4,3
R01729,T068,Customer Service,PL,EMEA,Women,60+,Individual contributor,6-10 years,Remote,0,1,2026-05-13,8,3,4,2,2,2,3,5,4,5,2,2,4,5,5,5,4,4,4
R01730,T068,Customer Service,PL,EMEA,Men,30-39,Individual contributor,6-10 years,Onsite,0,1,2026-05-13,5,3,5,4,5,3,4,3,2,4,3,4,4,3,4,3,4,3,4
R01731,T068,Customer Service,PL,EMEA,Men,50-59,Team lead,1-2 years,Hybrid,0,1,2026-05-15,10,3,5,3,4,4,3,3,3,4,3,4,4,4,5,4,5,4,4
R01732,T068,Customer Service,PL,EMEA,Women,18-29,Individual contributor,10 years +,Onsite,1,0,,,,,,,,,,,,,,,,,,,,
R01733,T068,Customer Service,PL,EMEA,Women,40-49,Individual contributor,3-5 years,Onsite,0,1,2026-05-14,9,5,5,4,3,3,3,4,4,5,4,4,4,5,5,5,5,5,4
R01734,T068,Customer Service,PL,EMEA,Women,30-39,Individual contributor,10 years +,Onsite,0,1,2026-05-20,5,4,4,4,3,3,2,3,2,3,2,3,4,4,5,4,3,1,1
R01735,T069,Customer Service,CA,North America,Men,30-39,Individual contributor,6-10 years,Onsite,0,0,,,,,,,,,,,,,,,,,,,,
R01736,T069,Customer Service,CA,North America,Women,30-39,Manager,6-10 years,Onsite,1,0,,,,,,,,,,,,,,,,,,,,
R01737,T069,Customer Service,CA,North America,Women,30-39,Team lead,6-10 years,Hybrid,0,1,2026-05-22,8,5,3,3,3,3,2,4,3,4,3,2,2,3,2,2,3,3,4
R01738,T069,Customer Service,CA,North America,Men,60+,Team lead,6-10 years,Onsite,0,1,2026-05-17,6,2,2,2,3,5,4,4,3,4,3,2,3,4,3,4,3,3,2
R01739,T069,Customer Service,CA,North America,Women,18-29,Individual contributor,10 years +,Onsite,0,1,2026-05-16,9,3,2,4,2,2,1,2,3,3,5,5,3,4,4,5,4,3,4
R01740,T069,Customer Service,CA,North America,Women,50-59,Individual contributor,10 years +,Onsite,0,1,2026-05-10,8,4,3,3,4,4,5,4,4,5,2,2,3,3,3,3,4,3,2
R01741,T069,Customer Service,CA,North America,Men,40-49,Individual contributor,3-5 years,Onsite,0,1,2026-05-04,7,3,4,5,5,4,3,3,1,1,3,2,5,3,3,3,4,3,3
R01742,T069,Customer Service,CA,North America,Men,50-59,Team lead,1-2 years,Remote,0,1,2026-05-04,7,4,3,2,2,3,3,5,4,5,3,2,4,4,4,3,5,4,2
R01743,T069,Customer Service,CA,North America,Women,30-39,Individual contributor,1-2 years,Onsite,0,0,,,,,,,,,,,,,,,,,,,,
R01744,T069,Customer Service,CA,North America,Men,40-49,Team lead,3-5 years,Hybrid,0,1,2026-05-16,7,2,3,3,4,4,4,2,4,4,4,4,4,3,3,3,5,3,4
R01745,T069,Customer Service,CA,North America,Non-binary / self-described,30-39,Manager,6-10 years,Onsite,1,0,,,,,,,,,,,,,,,,,,,,
R01746,T069,Customer Service,CA,North America,Women,40-49,Manager,< 1 year,Onsite,0,1,2026-05-17,7,5,3,4,4,4,4,5,2,4,4,5,5,3,4,2,3,2,3
R01747,T069,Customer Service,CA,North America,Men,50-59,Individual contributor,10 years +,Hybrid,0,1,2026-05-18,9,2,4,2,4,4,4,4,4,4,4,3,4,4,3,3,3,3,3
R01748,T069,Customer Service,CA,North America,Women,30-39,Individual contributor,6-10 years,Remote,0,1,2026-05-20,5,5,2,3,1,3,3,2,3,4,5,4,4,3,3,3,3,5,4
R01749,T070,Customer Service,US,North America,Women,40-49,Individual contributor,3-5 years,Onsite,0,1,2026-05-15,5,4,5,4,4,3,5,3,3,3,3,2,2,3,2,3,2,2,2
R01750,T070,Customer Service,US,North America,Men,40-49,Senior leader,3-5 years,Onsite,1,0,,,,,,,,,,,,,,,,,,,,
R01751,T070,Customer Service,US,North America,Women,30-39,Individual contributor,< 1 year,Onsite,1,0,,,,,,,,,,,,,,,,,,,,
R01752,T070,Customer Service,US,North America,Men,40-49,Individual contributor,6-10 years,Onsite,1,0,,,,,,,,,,,,,,,,,,,,
R01753,T070,Customer Service,US,North America,Women,40-49,Team lead,3-5 years,Onsite,1,0,,,,,,,,,,,,,,,,,,,,
R01754,T070,Customer Service,US,North America,Men,30-39,Team lead,3-5 years,Onsite,0,1,2026-05-14,8,5,5,4,4,3,4,5,4,5,2,1,3,4,5,4,4,4,2
R01755,T070,Customer Service,US,North America,Women,40-49,Individual contributor,1-2 years,Onsite,1,0,,,,,,,,,,,,,,,,,,,,
R01756,T070,Customer Service,US,North America,Men,50-59,Individual contributor,3-5 years,Onsite,1,1,2026-05-05,7,4,5,4,3,3,3,3,3,2,4,5,4,5,5,5,5,5,4
R01757,T070,Customer Service,US,North America,Women,30-39,Individual contributor,6-10 years,Remote,0,1,2026-05-12,4,4,4,4,5,4,4,2,3,2,2,2,4,5,5,5,2,2,2
R01758,T070,Customer Service,US,North America,Men,40-49,Individual contributor,< 1 year,Onsite,1,1,2026-05-15,7,5,5,5,3,4,4,2,3,3,4,4,3,5,3,3,4,4,4
R01759,T071,Customer Service,US,North America,Men,30-39,Manager,< 1 year,Onsite,1,1,2026-05-06,9,5,4,5,4,3,3,4,5,4,4,4,4,5,5,5,5,5,5
R01760,T071,Customer Service,US,North America,Women,30-39,Individual contributor,< 1 year,Hybrid,0,1,2026-05-04,9,5,5,5,5,5,4,5,4,5,4,4,5,5,5,5,5,5,5
R01761,T071,Customer Service,US,North America,Non-binary / self-described,30-39,Individual contributor,3-5 years,Onsite,1,1,2026-05-13,8,5,4,4,5,4,4,4,3,4,5,4,3,5,5,5,4,3,3
R01762,T071,Customer Service,US,North America,Women,30-39,Individual contributor,1-2 years,Onsite,0,0,,,,,,,,,,,,,,,,,,,,
R01763,T071,Customer Service,US,North America,Men,30-39,Individual contributor,< 1 year,Onsite,0,1,2026-05-15,9,5,5,5,4,5,4,3,3,4,4,3,4,5,5,5,4,4,5
R01764,T071,Customer Service,US,North America,Men,40-49,Individual contributor,< 1 year,Onsite,1,1,2026-05-22,6,5,5,5,5,4,4,3,3,3,3,4,4,5,5,5,5,3,4
R01765,T071,Customer Service,US,North America,Men,50-59,Individual contributor,< 1 year,Onsite,0,1,2026-05-05,9,5,5,4,5,5,4,5,4,5,4,3,4,5,5,5,5,5,5
R01766,T071,Customer Service,US,North America,Women,18-29,Individual contributor,10 years +,Onsite,0,1,2026-05-05,9,5,5,5,4,4,5,4,4,5,3,4,3,4,4,4,5,5,5
R01767,T071,Customer Service,US,North America,Women,18-29,Individual contributor,1-2 years,Onsite,0,1,2026-05-12,9,5,5,4,4,5,5,4,4,3,4,2,4,4,5,4,4,5,5
R01768,T071,Customer Service,US,North America,Women,40-49,Individual contributor,< 1 year,Onsite,1,0,,,,,,,,,,,,,,,,,,,,
R01769,T071,Customer Service,US,North America,Women,30-39,Individual contributor,3-5 years,Hybrid,0,1,2026-05-11,8,4,5,4,4,4,5,3,4,5,1,1,2,4,4,4,4,3,4
R01770,T071,Customer Service,US,North America,Women,30-39,Individual contributor,6-10 years,Onsite,1,1,2026-05-22,8,5,5,5,4,4,4,5,5,4,3,3,5,5,5,5,5,5,4
R01771,T071,Customer Service,US,North America,Women,18-29,Individual contributor,1-2 years,Onsite,0,1,2026-05-15,10,5,5,5,4,4,5,4,3,3,3,4,4,5,5,4,5,5,4
R01772,T071,Customer Service,US,North America,Men,30-39,Individual contributor,3-5 years,Onsite,1,1,2026-05-04,8,5,5,4,3,5,4,4,5,5,3,3,2,5,5,5,5,5,5
R01773,T071,Customer Service,US,North America,Women,40-49,Individual contributor,6-10 years,Onsite,1,1,2026-05-06,6,5,5,5,3,4,3,4,5,5,5,4,5,3,3,5,5,4,4
R01774,T071,Customer Service,US,North America,Women,18-29,Individual contributor,6-10 years,Onsite,0,1,2026-05-22,8,5,4,3,4,5,5,5,3,4,4,4,4,3,5,4,5,4,4
R01775,T071,Customer Service,US,North America,Men,30-39,Team lead,1-2 years,Onsite,1,1,2026-05-06,10,5,5,4,4,5,5,5,5,5,5,5,5,5,5,5,5,5,5
R01776,T071,Customer Service,US,North America,Women,30-39,Team lead,< 1 year,Remote,0,1,2026-05-17,10,5,5,5,3,3,3,3,3,5,4,5,5,5,5,5,5,5,4
R01777,T071,Customer Service,US,North America,Men,30-39,Individual contributor,10 years +,Onsite,1,1,2026-05-13,9,5,5,5,3,5,4,4,5,5,3,4,5,5,5,5,5,5,4
R01778,T071,Customer Service,US,North America,Women,40-49,Individual contributor,< 1 year,Onsite,1,1,2026-05-17,10,5,5,5,4,4,3,4,4,5,4,5,5,5,5,5,5,5,4
R01779,T071,Customer Service,US,North America,Women,30-39,Individual contributor,6-10 years,Onsite,1,1,2026-05-05,8,5,5,5,4,4,4,2,4,4,4,3,4,5,5,5,5,4,4
R01780,T071,Customer Service,US,North America,Women,30-39,Individual contributor,1-2 years,Remote,0,1,2026-05-06,8,4,4,3,5,5,5,4,4,5,4,4,4,5,5,4,4,5,4
R01781,T071,Customer Service,US,North America,Women,40-49,Manager,< 1 year,Onsite,1,1,2026-05-04,8,5,5,5,5,4,5,5,5,5,4,2,3,5,5,5,5,5,4
R01782,T071,Customer Service,US,North America,Women,40-49,Individual contributor,6-10 years,Onsite,0,1,2026-05-05,6,5,5,5,3,3,4,4,3,5,3,2,3,5,5,5,5,4,3
R01783,T071,Customer Service,US,North America,Men,40-49,Individual contributor,< 1 year,Onsite,1,1,2026-05-05,8,5,5,5,4,4,4,4,4,5,3,2,4,5,5,5,5,5,5
R01784,T071,Customer Service,US,North America,Women,30-39,Individual contributor,3-5 years,Onsite,1,1,2026-05-15,9,3,4,3,5,4,4,5,5,5,5,2,4,5,5,5,5,4,3
R01785,T071,Customer Service,US,North America,Non-binary / self-described,30-39,Individual contributor,< 1 year,Remote,0,0,,,,,,,,,,,,,,,,,,,,
R01786,T071,Customer Service,US,North America,Women,18-29,Manager,3-5 years,Onsite,1,1,2026-05-15,10,5,5,5,4,4,4,5,4,4,5,4,5,5,5,5,5,5,5
R01787,T071,Customer Service,US,North America,Women,30-39,Manager,< 1 year,Hybrid,0,1,2026-05-06,10,5,5,5,5,5,5,2,5,4,4,4,5,5,5,5,5,5,5
R01788,T071,Customer Service,US,North America,Women,30-39,Individual contributor,6-10 years,Onsite,0,1,2026-05-12,9,3,5,5,5,5,5,4,4,4,3,4,2,5,4,4,5,4,4
R01789,T072,Customer Service,PL,EMEA,Men,40-49,Individual contributor,6-10 years,Remote,0,1,2026-05-06,10,5,4,4,4,2,4,4,4,5,2,2,2,4,5,4,5,4,3
R01790,T072,Customer Service,PL,EMEA,Men,50-59,Individual contributor,6-10 years,Onsite,1,1,2026-05-12,5,3,3,2,1,4,4,4,5,5,3,3,3,3,4,3,4,4,3
R01791,T072,Customer Service,PL,EMEA,Men,30-39,Individual contributor,1-2 years,Onsite,1,1,2026-05-22,8,4,3,4,5,5,5,4,5,4,3,4,4,3,3,4,5,5,4
R01792,T072,Customer Service,PL,EMEA,Women,18-29,Individual contributor,1-2 years,Onsite,0,1,2026-05-16,8,3,2,3,4,4,2,4,4,4,3,4,5,4,5,4,3,3,3
R01793,T072,Customer Service,PL,EMEA,Women,30-39,Individual contributor,6-10 years,Onsite,1,1,2026-05-06,7,4,3,5,4,4,4,3,2,2,2,3,4,3,4,3,2,4,3
R01794,T072,Customer Service,PL,EMEA,Women,30-39,Individual contributor,6-10 years,Onsite,0,1,2026-05-18,6,5,5,4,5,3,4,4,3,4,2,2,2,2,4,3,4,3,2
R01795,T072,Customer Service,PL,EMEA,Women,30-39,Manager,3-5 years,Remote,0,1,2026-05-20,9,5,4,5,5,5,5,4,3,4,4,5,5,5,3,3,5,5,5
R01796,T072,Customer Service,PL,EMEA,Non-binary / self-described,60+,Individual contributor,3-5 years,Onsite,1,0,,,,,,,,,,,,,,,,,,,,
R01797,T072,Customer Service,PL,EMEA,Women,30-39,Team lead,6-10 years,Onsite,0,1,2026-05-11,9,3,4,3,5,5,5,5,4,5,3,2,2,4,5,3,5,4,5
R01798,T072,Customer Service,PL,EMEA,Men,18-29,Individual contributor,3-5 years,Onsite,0,0,,,,,,,,,,,,,,,,,,,,
R01799,T072,Customer Service,PL,EMEA,Women,18-29,Individual contributor,3-5 years,Onsite,0,1,2026-05-13,7,4,4,3,4,5,4,5,4,5,3,3,4,4,5,5,4,4,3
R01800,T072,Customer Service,PL,EMEA,Women,40-49,Individual contributor,10 years +,Onsite,1,0,,,,,,,,,,,,,,,,,,,,
R01801,T072,Customer Service,PL,EMEA,Women,18-29,Individual contributor,< 1 year,Hybrid,0,1,2026-05-12,7,5,5,4,4,5,4,3,2,2,5,5,5,2,4,2,4,4,3
R01802,T072,Customer Service,PL,EMEA,Non-binary / self-described,50-59,Individual contributor,10 years +,Hybrid,0,1,2026-05-13,9,3,3,2,4,4,5,3,2,4,4,3,4,3,4,3,4,3,2
R01803,T072,Customer Service,PL,EMEA,Men,30-39,Individual contributor,10 years +,Onsite,0,1,2026-05-08,6,5,5,5,3,4,4,3,3,4,4,4,4,4,5,4,3,4,3
R01804,T072,Customer Service,PL,EMEA,Men,30-39,Team lead,1-2 years,Hybrid,0,0,,,,,,,,,,,,,,,,,,,,
R01805,T072,Customer Service,PL,EMEA,Women,50-59,Individual contributor,3-5 years,Onsite,1,1,2026-05-20,9,3,5,5,3,5,3,3,2,2,5,3,4,5,5,5,5,5,3
R01806,T072,Customer Service,PL,EMEA,Women,30-39,Individual contributor,< 1 year,Remote,0,1,2026-05-12,8,5,5,5,3,4,3,3,4,3,4,4,3,5,5,5,4,4,4
R01807,T072,Customer Service,PL,EMEA,Women,18-29,Individual contributor,3-5 years,Onsite,0,0,,,,,,,,,,,,,,,,,,,,
R01808,T072,Customer Service,PL,EMEA,Women,18-29,Team lead,6-10 years,Onsite,0,0,,,,,,,,,,,,,,,,,,,,
R01809,T072,Customer Service,PL,EMEA,Women,50-59,Individual contributor,10 years +,Onsite,0,1,2026-05-09,8,4,5,3,4,5,5,4,4,5,2,3,4,3,3,2,3,2,3
R01810,T072,Customer Service,PL,EMEA,Men,40-49,Individual contributor,3-5 years,Onsite,1,0,,,,,,,,,,,,,,,,,,,,
R01811,T072,Customer Service,PL,EMEA,Women,18-29,Individual contributor,< 1 year,Onsite,1,1,2026-05-08,7,4,4,3,3,4,4,4,4,4,4,3,4,4,5,3,4,4,5
R01812,T072,Customer Service,PL,EMEA,Women,60+,Individual contributor,< 1 year,Onsite,1,1,2026-05-20,7,4,5,4,5,4,3,4,4,4,5,5,5,3,5,3,5,5,5
R01813,T072,Customer Service,PL,EMEA,Women,18-29,Individual contributor,3-5 years,Onsite,1,1,2026-05-21,7,4,5,4,3,4,3,5,4,4,4,4,3,3,5,3,5,3,4
R01814,T072,Customer Service,PL,EMEA,Women,30-39,Manager,3-5 years,Onsite,0,1,2026-05-21,10,5,4,4,5,5,4,2,3,4,3,3,5,3,3,4,5,4,4
R01815,T072,Customer Service,PL,EMEA,Men,30-39,Team lead,1-2 years,Onsite,1,1,2026-05-07,7,4,5,3,4,4,4,5,5,4,2,2,3,3,5,5,4,3,2
R01816,T072,Customer Service,PL,EMEA,Women,40-49,Individual contributor,< 1 year,Onsite,1,1,2026-05-12,10,5,5,4,5,5,5,5,4,5,4,4,5,5,5,5,5,4,5
R01817,T072,Customer Service,PL,EMEA,Women,30-39,Team lead,10 years +,Onsite,1,0,,,,,,,,,,,,,,,,,,,,
R01818,T072,Customer Service,PL,EMEA,Women,60+,Individual contributor,< 1 year,Remote,0,1,2026-05-15,8,5,4,5,3,5,4,2,3,3,4,4,5,5,4,4,3,4,3
R01819,T072,Customer Service,PL,EMEA,Women,30-39,Individual contributor,1-2 years,Onsite,1,1,2026-05-04,10,5,5,5,3,5,2,3,3,4,3,5,2,4,3,3,4,4,4
R01820,T072,Customer Service,PL,EMEA,Women,30-39,Individual contributor,< 1 year,Remote,0,1,2026-05-11,9,4,4,4,3,3,4,2,2,3,4,4,3,2,4,3,5,3,4
R01821,T072,Customer Service,PL,EMEA,Men,30-39,Team lead,< 1 year,Onsite,1,0,,,,,,,,,,,,,,,,,,,,
R01822,T072,Customer Service,PL,EMEA,Men,30-39,Individual contributor,< 1 year,Onsite,0,1,2026-05-21,8,5,5,4,3,4,2,3,2,2,5,4,4,3,4,3,5,4,4
R01823,T072,Customer Service,PL,EMEA,Men,30-39,Manager,1-2 years,Onsite,1,1,2026-05-17,9,4,5,4,3,5,4,5,3,5,4,4,3,5,5,5,4,3,2
R01824,T072,Customer Service,PL,EMEA,Men,30-39,Individual contributor,1-2 years,Onsite,1,1,2026-05-18,7,4,4,4,2,2,2,3,3,4,4,3,4,4,4,3,4,2,3
R01825,T072,Customer Service,PL,EMEA,Non-binary / self-described,18-29,Individual contributor,3-5 years,Hybrid,0,0,,,,,,,,,,,,,,,,,,,,
R01826,T072,Customer Service,PL,EMEA,Men,30-39,Manager,1-2 years,Hybrid,0,1,2026-05-06,8,2,3,2,4,4,4,4,4,4,4,5,4,5,5,4,5,5,4
R01827,T072,Customer Service,PL,EMEA,Men,18-29,Individual contributor,10 years +,Onsite,1,1,2026-05-04,10,4,4,4,5,5,4,2,3,3,4,4,4,5,5,5,4,4,4
R01828,T072,Customer Service,PL,EMEA,Men,18-29,Individual contributor,1-2 years,Onsite,1,1,2026-05-19,8,2,3,3,5,4,4,3,3,3,2,2,2,5,4,5,3,3,4
R01829,T072,Customer Service,PL,EMEA,Women,30-39,Individual contributor,< 1 year,Remote,0,1,2026-05-07,8,4,4,4,5,3,3,3,4,4,2,4,4,5,5,5,4,4,4
R01830,T072,Customer Service,PL,EMEA,Men,60+,Individual contributor,< 1 year,Onsite,1,1,2026-05-16,9,5,5,4,5,4,5,2,2,3,3,4,5,5,4,5,5,5,4
R01831,T073,Customer Service,IN,APAC,Women,30-39,Senior leader,< 1 year,Onsite,0,1,2026-05-04,6,4,5,5,3,4,4,5,4,4,3,4,5,4,4,4,4,2,3
R01832,T073,Customer Service,IN,APAC,Men,18-29,Individual contributor,1-2 years,Onsite,0,1,2026-05-22,9,4,4,5,5,4,3,3,4,4,4,4,5,5,5,5,4,4,4
R01833,T073,Customer Service,IN,APAC,Women,18-29,Individual contributor,6-10 years,Remote,0,1,2026-05-10,6,5,3,2,2,3,3,2,1,2,2,2,3,3,4,4,5,4,2
R01834,T073,Customer Service,IN,APAC,Women,50-59,Team lead,10 years +,Onsite,1,1,2026-05-06,6,3,4,5,3,3,3,3,4,4,3,4,3,4,2,3,4,3,4
R01835,T073,Customer Service,IN,APAC,Women,60+,Manager,10 years +,Onsite,0,1,2026-05-06,7,3,5,4,4,5,4,2,1,3,1,3,2,5,4,4,3,4,3
R01836,T073,Customer Service,IN,APAC,Men,18-29,Manager,10 years +,Onsite,1,1,2026-05-16,6,4,4,5,3,3,4,4,3,3,3,3,3,5,5,4,3,4,3
R01837,T073,Customer Service,IN,APAC,Men,30-39,Individual contributor,6-10 years,Hybrid,0,0,,,,,,,,,,,,,,,,,,,,
R01838,T073,Customer Service,IN,APAC,Women,50-59,Individual contributor,10 years +,Onsite,0,1,2026-05-14,6,3,2,4,3,3,2,2,2,2,4,5,5,4,3,3,3,3,3
R01839,T073,Customer Service,IN,APAC,Men,40-49,Individual contributor,3-5 years,Onsite,1,1,2026-05-11,7,3,5,3,1,2,1,2,3,3,3,3,2,5,4,5,3,2,2
R01840,T073,Customer Service,IN,APAC,Men,40-49,Individual contributor,3-5 years,Onsite,1,0,,,,,,,,,,,,,,,,,,,,
R01841,T073,Customer Service,IN,APAC,Men,30-39,Individual contributor,3-5 years,Hybrid,0,1,2026-05-04,2,5,5,4,3,2,4,4,4,4,2,1,1,4,4,2,2,1,1
R01842,T073,Customer Service,IN,APAC,Men,40-49,Individual contributor,3-5 years,Onsite,1,0,,,,,,,,,,,,,,,,,,,,
R01843,T073,Customer Service,IN,APAC,Women,40-49,Team lead,< 1 year,Onsite,0,1,2026-05-17,7,3,2,3,2,2,4,3,3,5,2,2,3,4,5,3,2,4,4
R01844,T073,Customer Service,IN,APAC,Men,40-49,Individual contributor,< 1 year,Onsite,0,1,2026-05-12,9,4,3,4,3,4,3,3,2,3,2,3,3,1,3,3,4,5,4
R01845,T073,Customer Service,IN,APAC,Men,30-39,Manager,6-10 years,Onsite,1,0,,,,,,,,,,,,,,,,,,,,
R01846,T073,Customer Service,IN,APAC,Women,60+,Manager,6-10 years,Onsite,0,1,2026-05-07,6,5,5,3,3,4,4,3,3,3,3,2,2,3,2,3,3,4,4
R01847,T073,Customer Service,IN,APAC,Women,30-39,Individual contributor,1-2 years,Onsite,0,1,2026-05-06,6,3,4,4,4,3,3,3,4,3,5,3,3,3,3,2,3,3,2
R01848,T073,Customer Service,IN,APAC,Women,30-39,Individual contributor,3-5 years,Hybrid,0,1,2026-05-20,5,5,3,5,3,4,4,4,4,4,3,1,2,3,4,4,4,3,3
R01849,T074,Customer Service,IN,APAC,Men,30-39,Individual contributor,10 years +,Remote,0,0,,,,,,,,,,,,,,,,,,,,
R01850,T074,Customer Service,IN,APAC,Men,50-59,Team lead,3-5 years,Onsite,1,1,2026-05-05,8,3,4,3,3,3,4,4,3,4,5,3,4,5,5,5,5,5,4
R01851,T074,Customer Service,IN,APAC,Women,30-39,Individual contributor,3-5 years,Onsite,1,1,2026-05-13,7,5,5,5,5,4,4,2,3,2,3,2,4,5,5,5,5,4,4
R01852,T074,Customer Service,IN,APAC,Women,30-39,Individual contributor,1-2 years,Onsite,0,1,2026-05-08,8,4,3,5,3,4,3,3,4,3,5,4,4,5,5,4,3,3,4
R01853,T074,Customer Service,IN,APAC,Men,30-39,Individual contributor,< 1 year,Hybrid,0,0,,,,,,,,,,,,,,,,,,,,
R01854,T074,Customer Service,IN,APAC,Men,30-39,Individual contributor,1-2 years,Onsite,0,1,2026-05-07,8,5,3,4,4,5,4,1,1,5,3,3,4,5,5,2,4,3,3
R01855,T074,Customer Service,IN,APAC,Women,30-39,Team lead,6-10 years,Onsite,1,0,,,,,,,,,,,,,,,,,,,,
R01856,T074,Customer Service,IN,APAC,Men,60+,Individual contributor,3-5 years,Hybrid,0,1,2026-05-06,10,4,5,4,4,4,4,4,4,5,3,3,3,4,5,5,5,5,4
R01857,T074,Customer Service,IN,APAC,Men,18-29,Individual contributor,< 1 year,Onsite,0,1,2026-05-08,6,5,5,4,2,4,3,3,2,4,3,4,4,5,4,5,4,4,2
R01858,T074,Customer Service,IN,APAC,Men,30-39,Individual contributor,< 1 year,Onsite,0,1,2026-05-10,9,5,5,5,4,4,4,2,2,4,4,4,4,2,2,2,5,5,4
R01859,T074,Customer Service,IN,APAC,Non-binary / self-described,50-59,Individual contributor,6-10 years,Onsite,1,0,,,,,,,,,,,,,,,,,,,,
R01860,T074,Customer Service,IN,APAC,Men,40-49,Individual contributor,3-5 years,Onsite,1,0,,,,,,,,,,,,,,,,,,,,
R01861,T074,Customer Service,IN,APAC,Women,18-29,Team lead,< 1 year,Onsite,1,0,,,,,,,,,,,,,,,,,,,,
R01862,T074,Customer Service,IN,APAC,Men,30-39,Individual contributor,1-2 years,Onsite,1,0,,,,,,,,,,,,,,,,,,,,
R01863,T074,Customer Service,IN,APAC,Men,18-29,Senior leader,6-10 years,Onsite,0,1,2026-05-11,6,4,5,3,4,5,4,5,5,5,4,2,3,5,5,5,4,5,3
R01864,T075,Customer Service,DE,EMEA,Women,60+,Team lead,< 1 year,Onsite,1,1,2026-05-06,7,2,3,3,4,5,5,4,2,4,4,4,3,3,4,2,4,4,4
R01865,T075,Customer Service,DE,EMEA,Non-binary / self-described,30-39,Individual contributor,6-10 years,Onsite,0,1,2026-05-22,8,5,4,5,3,3,2,4,1,4,4,4,4,3,3,3,3,2,3
R01866,T075,Customer Service,DE,EMEA,Women,18-29,Individual contributor,3-5 years,Hybrid,0,1,2026-05-06,6,5,5,5,2,3,3,3,2,3,3,3,4,4,4,3,4,3,3
R01867,T075,Customer Service,DE,EMEA,Women,30-39,Individual contributor,1-2 years,Onsite,1,0,,,,,,,,,,,,,,,,,,,,
R01868,T075,Customer Service,DE,EMEA,Men,40-49,Individual contributor,1-2 years,Onsite,0,1,2026-05-15,7,2,3,3,5,5,5,2,2,3,3,3,2,5,5,4,3,5,4
R01869,T075,Customer Service,DE,EMEA,Men,18-29,Individual contributor,6-10 years,Onsite,1,1,2026-05-10,7,4,3,3,4,4,4,2,2,3,4,2,4,3,4,3,3,4,4
R01870,T075,Customer Service,DE,EMEA,Women,30-39,Individual contributor,< 1 year,Hybrid,0,1,2026-05-15,6,5,4,4,4,5,4,3,3,4,3,3,3,3,5,4,3,3,3
R01871,T075,Customer Service,DE,EMEA,Men,40-49,Team lead,< 1 year,Onsite,0,1,2026-05-09,8,2,5,3,5,5,5,5,4,4,3,3,5,5,4,5,4,5,4
R01872,T075,Customer Service,DE,EMEA,Women,18-29,Team lead,3-5 years,Onsite,0,1,2026-05-21,6,5,5,3,4,3,4,5,5,5,3,2,3,2,2,1,5,4,3
R01873,T075,Customer Service,DE,EMEA,Women,50-59,Individual contributor,3-5 years,Onsite,0,1,2026-05-17,6,3,2,5,3,2,2,3,2,3,3,5,4,4,3,3,4,3,3
R01874,T075,Customer Service,DE,EMEA,Men,18-29,Individual contributor,6-10 years,Onsite,0,1,2026-05-07,6,4,4,3,4,4,4,4,3,2,4,2,3,4,5,3,4,3,4
R01875,T075,Customer Service,DE,EMEA,Women,30-39,Individual contributor,10 years +,Onsite,0,1,2026-05-22,9,4,4,4,4,4,4,2,4,5,2,3,3,3,3,2,4,4,3
R01876,T075,Customer Service,DE,EMEA,Men,18-29,Individual contributor,< 1 year,Onsite,1,1,2026-05-04,7,4,5,4,4,5,4,1,2,4,4,4,4,4,4,4,4,3,3
R01877,T075,Customer Service,DE,EMEA,Women,40-49,Team lead,< 1 year,Remote,0,0,,,,,,,,,,,,,,,,,,,,
R01878,T075,Customer Service,DE,EMEA,Men,30-39,Individual contributor,1-2 years,Onsite,1,0,,,,,,,,,,,,,,,,,,,,
R01879,T075,Customer Service,DE,EMEA,Men,18-29,Individual contributor,6-10 years,Hybrid,0,1,2026-05-06,7,3,3,3,3,5,5,5,4,5,4,3,4,4,5,5,4,4,3
R01880,T075,Customer Service,DE,EMEA,Men,30-39,Individual contributor,3-5 years,Onsite,1,1,2026-05-11,5,3,2,2,3,4,4,3,1,4,3,2,2,4,3,3,3,4,2
R01881,T075,Customer Service,DE,EMEA,Men,50-59,Individual contributor,1-2 years,Onsite,1,0,,,,,,,,,,,,,,,,,,,,
R01882,T075,Customer Service,DE,EMEA,Women,50-59,Team lead,10 years +,Hybrid,0,0,,,,,,,,,,,,,,,,,,,,
R01883,T075,Customer Service,DE,EMEA,Men,40-49,Individual contributor,3-5 years,Hybrid,0,1,2026-05-12,7,4,5,3,3,4,3,4,3,4,3,2,3,3,4,3,4,4,2
R01884,T075,Customer Service,DE,EMEA,Women,30-39,Individual contributor,1-2 years,Onsite,1,1,2026-05-20,7,4,4,4,3,3,3,5,4,5,5,4,4,4,5,4,5,4,4
R01885,T075,Customer Service,DE,EMEA,Men,50-59,Individual contributor,3-5 years,Hybrid,0,1,2026-05-22,6,3,3,2,4,5,4,3,4,2,2,4,4,3,2,1,4,4,2
R01886,T075,Customer Service,DE,EMEA,Men,60+,Manager,6-10 years,Onsite,1,1,2026-05-05,7,3,5,4,4,4,3,4,5,4,5,4,5,3,4,4,5,3,5
R01887,T075,Customer Service,DE,EMEA,Men,50-59,Individual contributor,1-2 years,Onsite,0,0,,,,,,,,,,,,,,,,,,,,
R01888,T075,Customer Service,DE,EMEA,Non-binary / self-described,18-29,Individual contributor,10 years +,Hybrid,0,1,2026-05-18,6,4,4,3,5,4,4,2,2,3,3,3,3,3,4,2,4,3,3
R01889,T075,Customer Service,DE,EMEA,Men,18-29,Individual contributor,6-10 years,Remote,0,1,2026-05-13,6,5,5,5,3,3,3,2,1,4,1,1,2,3,3,3,4,3,4
R01890,T075,Customer Service,DE,EMEA,Men,40-49,Individual contributor,10 years +,Onsite,1,1,2026-05-04,7,3,4,3,4,3,4,4,4,4,3,3,5,3,4,3,5,3,3
R01891,T075,Customer Service,DE,EMEA,Women,40-49,Individual contributor,1-2 years,Onsite,0,1,2026-05-04,8,4,5,4,4,3,2,4,3,5,4,3,4,4,5,4,4,3,3
R01892,T075,Customer Service,DE,EMEA,Men,40-49,Manager,< 1 year,Onsite,1,0,,,,,,,,,,,,,,,,,,,,
R01893,T075,Customer Service,DE,EMEA,Men,40-49,Individual contributor,3-5 years,Onsite,0,1,2026-05-05,9,4,4,5,4,4,4,5,5,5,4,2,4,4,4,4,5,5,5
R01894,T075,Customer Service,DE,EMEA,Women,60+,Team lead,6-10 years,Onsite,1,1,2026-05-04,7,5,3,3,3,4,3,3,2,3,2,3,3,4,4,3,4,4,2
R01895,T075,Customer Service,DE,EMEA,Women,30-39,Individual contributor,< 1 year,Onsite,1,1,2026-05-08,7,4,3,3,3,4,3,3,4,4,2,3,3,3,3,2,3,4,1
R01896,T075,Customer Service,DE,EMEA,Women,50-59,Individual contributor,3-5 years,Onsite,1,0,,,,,,,,,,,,,,,,,,,,
R01897,T075,Customer Service,DE,EMEA,Men,30-39,Individual contributor,3-5 years,Onsite,1,0,,,,,,,,,,,,,,,,,,,,
R01898,T075,Customer Service,DE,EMEA,Men,18-29,Individual contributor,1-2 years,Onsite,1,1,2026-05-05,7,3,4,4,3,3,4,4,3,4,2,4,4,3,3,3,4,2,2
R01899,T075,Customer Service,DE,EMEA,Women,40-49,Manager,6-10 years,Onsite,1,1,2026-05-06,6,4,4,4,4,4,4,2,2,3,4,3,5,4,4,3,2,3,2
R01900,T076,Customer Service,DE,EMEA,Women,18-29,Individual contributor,3-5 years,Onsite,0,1,2026-05-05,4,4,5,5,3,3,3,2,4,3,1,2,3,5,4,5,5,3,1
R01901,T076,Customer Service,DE,EMEA,Men,18-29,Individual contributor,< 1 year,Remote,0,0,,,,,,,,,,,,,,,,,,,,
R01902,T076,Customer Service,DE,EMEA,Men,50-59,Individual contributor,3-5 years,Onsite,1,1,2026-05-14,10,4,4,3,4,4,3,2,4,5,4,2,3,5,5,5,4,4,4
R01903,T076,Customer Service,DE,EMEA,Men,40-49,Individual contributor,< 1 year,Onsite,0,1,2026-05-21,10,5,4,4,3,5,4,3,3,4,3,4,5,5,5,5,4,4,4
R01904,T076,Customer Service,DE,EMEA,Women,30-39,Individual contributor,1-2 years,Onsite,1,1,2026-05-05,8,3,3,3,5,4,3,4,3,4,5,5,4,3,5,4,2,3,3
R01905,T076,Customer Service,DE,EMEA,Men,18-29,Individual contributor,< 1 year,Hybrid,0,1,2026-05-06,8,4,5,5,5,3,5,5,4,3,4,3,2,4,5,3,3,4,4
R01906,T076,Customer Service,DE,EMEA,Men,50-59,Individual contributor,1-2 years,Onsite,1,1,2026-05-21,8,5,4,5,3,3,3,4,4,5,4,2,5,5,5,5,5,4,5
R01907,T077,Customer Service,PL,EMEA,Women,50-59,Individual contributor,1-2 years,Onsite,1,1,2026-05-05,10,3,5,4,3,4,3,4,5,5,4,4,5,4,4,4,4,4,3
R01908,T077,Customer Service,PL,EMEA,Women,18-29,Team lead,3-5 years,Onsite,1,1,2026-05-22,8,5,4,5,3,5,2,1,1,3,4,3,3,4,4,4,3,3,2
R01909,T077,Customer Service,PL,EMEA,Non-binary / self-described,30-39,Individual contributor,6-10 years,Onsite,0,1,2026-05-04,10,4,4,4,4,5,3,5,4,5,3,3,3,5,5,5,5,5,4
R01910,T077,Customer Service,PL,EMEA,Women,30-39,Team lead,3-5 years,Hybrid,0,1,2026-05-21,9,5,4,5,4,4,3,3,3,5,2,2,4,5,5,5,5,4,4
R01911,T077,Customer Service,PL,EMEA,Women,30-39,Team lead,3-5 years,Onsite,0,1,2026-05-16,9,2,3,2,3,5,4,4,3,4,3,3,5,4,5,4,5,4,3
R01912,T077,Customer Service,PL,EMEA,Men,30-39,Manager,3-5 years,Onsite,1,1,2026-05-20,8,4,5,4,4,5,4,4,5,5,5,5,4,5,4,4,4,3,4
R01913,T077,Customer Service,PL,EMEA,Men,40-49,Individual contributor,6-10 years,Onsite,1,1,2026-05-04,9,4,5,5,4,3,3,2,2,1,3,3,5,5,5,5,4,4,4
R01914,T077,Customer Service,PL,EMEA,Men,50-59,Manager,6-10 years,Remote,0,1,2026-05-04,9,5,5,5,5,4,3,5,4,5,5,4,5,5,5,5,4,4,4
R01915,T077,Customer Service,PL,EMEA,Women,30-39,Individual contributor,< 1 year,Onsite,0,0,,,,,,,,,,,,,,,,,,,,
R01916,T077,Customer Service,PL,EMEA,Men,40-49,Individual contributor,< 1 year,Onsite,1,1,2026-05-05,10,4,4,3,5,5,5,5,4,4,4,4,4,5,5,5,4,4,4
R01917,T077,Customer Service,PL,EMEA,Women,18-29,Individual contributor,3-5 years,Onsite,0,1,2026-05-05,6,4,4,4,3,3,3,4,4,5,4,5,5,5,4,5,3,3,3
R01918,T077,Customer Service,PL,EMEA,Men,30-39,Individual contributor,6-10 years,Onsite,1,1,2026-05-08,7,4,4,3,2,2,3,3,3,3,3,3,4,4,4,3,4,4,4
R01919,T077,Customer Service,PL,EMEA,Men,18-29,Individual contributor,1-2 years,Onsite,1,0,,,,,,,,,,,,,,,,,,,,
R01920,T077,Customer Service,PL,EMEA,Men,18-29,Individual contributor,3-5 years,Onsite,1,1,2026-05-06,9,5,3,3,2,3,3,4,3,4,3,4,4,5,5,5,3,4,3
R01921,T077,Customer Service,PL,EMEA,Women,30-39,Individual contributor,1-2 years,Onsite,0,1,2026-05-04,7,2,3,2,4,5,3,4,3,4,3,5,4,4,5,4,3,5,5
R01922,T077,Customer Service,PL,EMEA,Men,18-29,Individual contributor,1-2 years,Onsite,0,1,2026-05-10,7,4,4,3,3,5,3,1,3,3,2,2,3,3,3,3,4,3,3
R01923,T078,Customer Service,PL,EMEA,Men,30-39,Individual contributor,1-2 years,Onsite,1,0,,,,,,,,,,,,,,,,,,,,
R01924,T078,Customer Service,PL,EMEA,Men,30-39,Individual contributor,3-5 years,Onsite,1,0,,,,,,,,,,,,,,,,,,,,
R01925,T078,Customer Service,PL,EMEA,Men,40-49,Individual contributor,3-5 years,Onsite,1,1,2026-05-09,6,4,3,3,3,5,4,2,3,5,5,4,4,5,4,4,4,3,3
R01926,T078,Customer Service,PL,EMEA,Women,30-39,Individual contributor,3-5 years,Onsite,1,1,2026-05-05,6,3,3,2,3,4,4,1,2,3,4,3,3,5,5,4,4,4,4
R01927,T078,Customer Service,PL,EMEA,Men,40-49,Individual contributor,< 1 year,Onsite,1,0,,,,,,,,,,,,,,,,,,,,
R01928,T078,Customer Service,PL,EMEA,Women,18-29,Individual contributor,6-10 years,Onsite,0,1,2026-05-21,6,3,4,4,3,4,3,3,3,5,2,3,3,5,4,4,5,4,3
R01929,T078,Customer Service,PL,EMEA,Men,30-39,Manager,< 1 year,Onsite,0,1,2026-05-18,10,5,5,5,4,5,4,3,4,4,5,2,4,3,5,4,5,4,5
R01930,T078,Customer Service,PL,EMEA,Men,50-59,Individual contributor,6-10 years,Onsite,1,1,2026-05-15,7,5,5,5,3,3,3,2,2,2,3,3,3,3,4,4,5,4,4
R01931,T078,Customer Service,PL,EMEA,Women,40-49,Manager,6-10 years,Onsite,1,1,2026-05-15,7,5,5,5,3,4,3,3,4,5,3,3,3,3,3,2,3,3,3
R01932,T078,Customer Service,PL,EMEA,Women,40-49,Individual contributor,1-2 years,Onsite,0,1,2026-05-05,10,5,5,4,2,4,3,5,5,5,2,3,2,2,5,3,5,5,4
R01933,T078,Customer Service,PL,EMEA,Men,40-49,Individual contributor,3-5 years,Onsite,1,0,,,,,,,,,,,,,,,,,,,,
R01934,T078,Customer Service,PL,EMEA,Men,40-49,Individual contributor,1-2 years,Onsite,0,1,2026-05-04,8,3,3,3,4,3,3,2,4,3,4,5,4,5,5,5,5,5,4
R01935,T078,Customer Service,PL,EMEA,Women,50-59,Team lead,10 years +,Onsite,0,1,2026-05-15,8,3,4,3,4,2,2,3,3,3,4,3,4,3,3,3,4,5,5
R01936,T078,Customer Service,PL,EMEA,Men,30-39,Individual contributor,10 years +,Hybrid,0,1,2026-05-19,8,4,4,3,2,4,5,5,2,5,3,3,4,4,3,4,4,3,4
R01937,T078,Customer Service,PL,EMEA,Men,40-49,Individual contributor,3-5 years,Onsite,0,1,2026-05-04,7,5,4,4,3,4,3,2,3,3,3,3,3,5,5,5,4,3,4
R01938,T078,Customer Service,PL,EMEA,Women,30-39,Team lead,1-2 years,Hybrid,0,0,,,,,,,,,,,,,,,,,,,,
R01939,T078,Customer Service,PL,EMEA,Women,30-39,Individual contributor,< 1 year,Onsite,1,0,,,,,,,,,,,,,,,,,,,,
R01940,T078,Customer Service,PL,EMEA,Men,40-49,Individual contributor,3-5 years,Onsite,1,0,,,,,,,,,,,,,,,,,,,,
R01941,T078,Customer Service,PL,EMEA,Men,30-39,Manager,1-2 years,Onsite,1,1,2026-05-13,7,2,3,2,1,2,2,3,3,4,2,2,3,4,3,2,3,2,2
R01942,T078,Customer Service,PL,EMEA,Women,50-59,Team lead,1-2 years,Remote,0,1,2026-05-05,5,3,3,4,4,2,3,3,2,4,5,3,4,4,4,3,4,3,2
R01943,T078,Customer Service,PL,EMEA,Non-binary / self-described,30-39,Individual contributor,6-10 years,Remote,0,1,2026-05-15,10,5,4,3,4,4,5,3,4,5,2,3,3,4,4,4,4,5,4
R01944,T078,Customer Service,PL,EMEA,Men,40-49,Team lead,6-10 years,Onsite,0,1,2026-05-10,9,4,4,5,5,5,3,3,3,2,3,3,2,3,3,2,3,3,2
R01945,T078,Customer Service,PL,EMEA,Women,40-49,Team lead,3-5 years,Onsite,0,0,,,,,,,,,,,,,,,,,,,,
R01946,T079,Customer Service,CA,North America,Women,60+,Individual contributor,3-5 years,Onsite,0,1,2026-05-09,9,4,3,3,4,5,5,4,4,4,4,3,4,5,4,5,5,5,4
R01947,T079,Customer Service,CA,North America,Women,40-49,Individual contributor,6-10 years,Onsite,0,1,2026-05-14,8,5,3,4,5,5,5,4,4,5,2,2,2,5,5,4,4,4,3
R01948,T079,Customer Service,CA,North America,Men,40-49,Individual contributor,10 years +,Hybrid,0,1,2026-05-16,7,5,4,3,5,5,5,3,4,4,4,2,5,3,3,3,3,3,1
R01949,T079,Customer Service,CA,North America,Men,18-29,Team lead,1-2 years,Onsite,1,1,2026-05-15,9,4,4,5,4,3,2,3,3,3,4,3,3,4,4,5,4,4,4
R01950,T079,Customer Service,CA,North America,Men,30-39,Individual contributor,6-10 years,Onsite,1,1,2026-05-05,8,4,4,3,4,5,4,3,4,3,3,3,3,3,3,3,4,4,5
R01951,T079,Customer Service,CA,North America,Women,50-59,Team lead,3-5 years,Onsite,1,0,,,,,,,,,,,,,,,,,,,,
R01952,T079,Customer Service,CA,North America,Women,60+,Individual contributor,3-5 years,Onsite,1,1,2026-05-15,9,5,4,4,3,4,2,3,4,3,4,5,3,3,4,3,4,4,3
R01953,T079,Customer Service,CA,North America,Women,30-39,Individual contributor,1-2 years,Onsite,0,1,2026-05-22,9,4,3,3,5,5,5,4,4,3,4,4,5,5,5,5,5,5,4
R01954,T079,Customer Service,CA,North America,Women,60+,Senior leader,3-5 years,Hybrid,0,1,2026-05-05,10,4,5,5,5,5,5,1,3,4,3,5,5,4,4,5,5,4,5
R01955,T079,Customer Service,CA,North America,Men,30-39,Individual contributor,10 years +,Onsite,1,0,,,,,,,,,,,,,,,,,,,,
R01956,T079,Customer Service,CA,North America,Men,50-59,Individual contributor,< 1 year,Onsite,1,1,2026-05-20,9,5,5,5,5,4,5,4,3,5,3,3,3,5,5,4,5,3,4
R01957,T079,Customer Service,CA,North America,Men,30-39,Individual contributor,6-10 years,Onsite,0,0,,,,,,,,,,,,,,,,,,,,
R01958,T079,Customer Service,CA,North America,Men,40-49,Manager,1-2 years,Onsite,0,1,2026-05-20,10,4,4,4,3,5,5,3,3,3,5,5,5,4,5,4,5,5,5
R01959,T079,Customer Service,CA,North America,Women,18-29,Individual contributor,3-5 years,Onsite,0,1,2026-05-19,9,4,5,4,3,3,5,4,4,4,5,5,5,3,5,3,4,4,4
R01960,T079,Customer Service,CA,North America,Women,40-49,Individual contributor,3-5 years,Onsite,1,1,2026-05-04,8,4,4,4,4,3,4,4,3,5,4,3,4,4,4,5,5,4,5
R01961,T079,Customer Service,CA,North America,Women,18-29,Team lead,6-10 years,Onsite,1,1,2026-05-04,9,5,5,4,5,5,4,3,3,3,3,4,5,3,5,5,3,4,4
R01962,T079,Customer Service,CA,North America,Women,40-49,Individual contributor,1-2 years,Onsite,0,1,2026-05-20,10,4,5,5,5,4,5,3,3,4,5,3,5,5,5,4,5,5,4
R01963,T079,Customer Service,CA,North America,Women,30-39,Individual contributor,1-2 years,Onsite,1,1,2026-05-15,8,2,4,3,4,5,5,3,4,4,5,5,5,3,4,2,4,5,5
R01964,T079,Customer Service,CA,North America,Men,50-59,Individual contributor,3-5 years,Onsite,1,0,,,,,,,,,,,,,,,,,,,,
R01965,T079,Customer Service,CA,North America,Women,30-39,Individual contributor,1-2 years,Onsite,1,1,2026-05-16,9,5,4,4,5,4,5,4,4,4,3,4,5,5,4,4,5,5,5
R01966,T079,Customer Service,CA,North America,Women,50-59,Senior leader,6-10 years,Onsite,1,1,2026-05-22,8,5,5,4,3,2,2,3,4,3,4,3,4,5,5,5,5,5,4
R01967,T079,Customer Service,CA,North America,Men,18-29,Individual contributor,3-5 years,Onsite,1,0,,,,,,,,,,,,,,,,,,,,
R01968,T079,Customer Service,CA,North America,Men,30-39,Individual contributor,6-10 years,Onsite,1,1,2026-05-14,8,3,5,5,3,3,3,3,4,5,5,5,5,4,4,4,4,4,4
R01969,T079,Customer Service,CA,North America,Men,40-49,Individual contributor,3-5 years,Remote,0,1,2026-05-22,9,3,4,2,3,4,4,4,4,4,3,4,4,5,4,5,5,5,5
R01970,T079,Customer Service,CA,North America,Women,30-39,Team lead,3-5 years,Onsite,0,1,2026-05-19,6,4,4,2,5,5,5,3,3,3,4,4,4,4,5,5,2,4,2
R01971,T079,Customer Service,CA,North America,Women,18-29,Individual contributor,< 1 year,Onsite,1,1,2026-05-15,9,4,4,4,5,5,5,3,2,3,5,5,5,5,5,5,5,4,4
R01972,T079,Customer Service,CA,North America,Women,30-39,Team lead,6-10 years,Onsite,0,1,2026-05-04,8,3,4,3,5,5,5,4,4,4,4,3,3,4,4,3,4,4,3
R01973,T079,Customer Service,CA,North America,Men,50-59,Individual contributor,1-2 years,Onsite,1,1,2026-05-21,9,4,4,4,4,3,4,2,3,4,3,2,3,5,4,4,5,4,5
R01974,T079,Customer Service,CA,North America,Women,18-29,Team lead,6-10 years,Onsite,1,1,2026-05-16,10,5,4,4,4,5,5,2,3,4,2,3,2,5,5,4,4,5,4
R01975,T079,Customer Service,CA,North America,Women,60+,Individual contributor,1-2 years,Hybrid,0,0,,,,,,,,,,,,,,,,,,,,
R01976,T079,Customer Service,CA,North America,Men,40-49,Individual contributor,3-5 years,Onsite,0,1,2026-05-06,9,5,4,5,2,3,4,2,3,3,4,4,5,4,4,3,4,4,4
R01977,T079,Customer Service,CA,North America,Women,30-39,Individual contributor,1-2 years,Onsite,1,1,2026-05-06,9,5,5,5,2,3,2,4,4,3,2,2,4,5,5,4,5,3,4
R01978,T080,Customer Service,PL,EMEA,Women,40-49,Individual contributor,3-5 years,Onsite,0,0,,,,,,,,,,,,,,,,,,,,
R01979,T080,Customer Service,PL,EMEA,Men,18-29,Individual contributor,< 1 year,Hybrid,0,1,2026-05-06,8,4,5,4,3,4,3,4,4,4,4,4,4,3,4,2,4,5,4
R01980,T080,Customer Service,PL,EMEA,Men,50-59,Individual contributor,< 1 year,Onsite,0,1,2026-05-16,8,5,5,4,4,5,4,4,5,5,4,5,5,5,5,5,3,5,3
R01981,T080,Customer Service,PL,EMEA,Women,30-39,Team lead,1-2 years,Hybrid,0,1,2026-05-04,5,5,5,5,3,2,2,4,4,4,3,3,5,3,4,2,4,4,2
R01982,T080,Customer Service,PL,EMEA,Women,40-49,Individual contributor,1-2 years,Onsite,1,1,2026-05-04,5,5,5,4,3,4,5,3,2,3,3,3,4,4,5,4,2,1,3
R01983,T080,Customer Service,PL,EMEA,Men,50-59,Individual contributor,3-5 years,Onsite,0,0,,,,,,,,,,,,,,,,,,,,
R01984,T080,Customer Service,PL,EMEA,Women,40-49,Manager,3-5 years,Hybrid,0,1,2026-05-15,7,5,4,5,3,4,4,4,4,3,5,4,4,4,4,4,4,4,4
R01985,T080,Customer Service,PL,EMEA,Men,40-49,Team lead,< 1 year,Onsite,0,1,2026-05-06,8,5,5,4,5,5,4,3,5,5,4,4,3,5,5,4,5,5,5
R01986,T080,Customer Service,PL,EMEA,Men,60+,Individual contributor,3-5 years,Onsite,0,1,2026-05-06,6,3,4,4,3,4,2,4,4,5,5,4,4,5,4,5,4,4,3
R01987,T080,Customer Service,PL,EMEA,Women,40-49,Team lead,< 1 year,Onsite,1,0,,,,,,,,,,,,,,,,,,,,
R01988,T080,Customer Service,PL,EMEA,Women,50-59,Individual contributor,1-2 years,Hybrid,0,1,2026-05-06,5,4,2,4,4,4,4,3,3,5,3,4,4,4,3,2,3,4,3
R01989,T080,Customer Service,PL,EMEA,Women,40-49,Individual contributor,6-10 years,Remote,0,1,2026-05-22,7,5,4,4,4,4,5,2,3,4,1,1,2,2,2,3,3,2,1
R01990,T080,Customer Service,PL,EMEA,Women,18-29,Individual contributor,1-2 years,Hybrid,0,0,,,,,,,,,,,,,,,,,,,,
R01991,T080,Customer Service,PL,EMEA,Men,40-49,Team lead,3-5 years,Onsite,0,1,2026-05-16,6,4,3,5,4,5,4,5,4,3,3,2,3,4,4,4,3,2,4
R01992,T080,Customer Service,PL,EMEA,Women,30-39,Individual contributor,3-5 years,Onsite,0,1,2026-05-04,8,5,5,4,3,3,4,3,2,4,5,5,5,3,3,1,4,4,3
R01993,T080,Customer Service,PL,EMEA,Men,30-39,Individual contributor,< 1 year,Onsite,1,1,2026-05-06,10,5,5,5,2,2,3,5,3,3,5,4,4,4,3,4,4,4,4
R01994,T080,Customer Service,PL,EMEA,Women,30-39,Individual contributor,3-5 years,Onsite,1,1,2026-05-20,6,4,5,4,2,3,2,3,2,3,5,4,4,3,4,2,4,2,2
R01995,T080,Customer Service,PL,EMEA,Men,18-29,Team lead,3-5 years,Onsite,0,1,2026-05-14,7,4,5,4,4,4,4,4,4,4,2,3,2,5,4,4,3,3,3
R01996,T080,Customer Service,PL,EMEA,Women,18-29,Individual contributor,10 years +,Onsite,1,1,2026-05-14,8,5,4,5,4,4,3,3,4,4,5,5,5,5,4,4,4,5,4
R01997,T080,Customer Service,PL,EMEA,Men,30-39,Individual contributor,6-10 years,Remote,0,1,2026-05-15,8,2,4,4,1,3,2,4,3,2,3,4,4,4,3,3,3,3,3
R01998,T080,Customer Service,PL,EMEA,Men,18-29,Individual contributor,< 1 year,Hybrid,0,1,2026-05-15,7,5,5,5,5,5,4,4,5,5,4,3,3,2,3,2,4,4,4
R01999,T080,Customer Service,PL,EMEA,Women,40-49,Individual contributor,< 1 year,Onsite,0,1,2026-05-09,7,4,5,4,5,5,5,3,3,3,5,5,5,5,5,4,4,4,3
R02000,T080,Customer Service,PL,EMEA,Men,30-39,Team lead,1-2 years,Onsite,1,1,2026-05-16,7,5,5,5,2,4,3,3,4,4,5,3,5,4,5,5,4,3,4
R02001,T080,Customer Service,PL,EMEA,Women,40-49,Individual contributor,1-2 years,Onsite,0,1,2026-05-18,7,5,3,5,4,5,5,4,4,4,1,2,3,5,4,3,3,4,4
R02002,T080,Customer Service,PL,EMEA,Men,30-39,Individual contributor,3-5 years,Onsite,1,1,2026-05-05,8,4,4,3,5,5,5,1,2,3,3,4,4,5,5,5,4,4,3
R02003,T080,Customer Service,PL,EMEA,Men,18-29,Individual contributor,1-2 years,Onsite,0,1,2026-05-11,10,4,5,4,4,4,3,4,5,4,4,4,4,5,5,5,5,4,4
R02004,T080,Customer Service,PL,EMEA,Women,40-49,Individual contributor,3-5 years,Onsite,0,1,2026-05-21,8,4,4,4,5,4,5,3,3,3,2,2,2,3,3,3,3,3,3
R02005,T080,Customer Service,PL,EMEA,Men,18-29,Individual contributor,< 1 year,Hybrid,0,0,,,,,,,,,,,,,,,,,,,,
R02006,T080,Customer Service,PL,EMEA,Non-binary / self-described,30-39,Individual contributor,3-5 years,Onsite,1,1,2026-05-15,6,3,4,4,3,4,4,4,3,5,3,4,5,4,4,3,4,4,3
R02007,T080,Customer Service,PL,EMEA,Women,40-49,Individual contributor,1-2 years,Onsite,0,1,2026-05-05,6,4,3,3,2,4,2,5,4,5,5,4,4,4,5,5,3,4,4
R02008,T081,Customer Service,US,North America,Women,18-29,Team lead,1-2 years,Onsite,1,0,,,,,,,,,,,,,,,,,,,,
R02009,T081,Customer Service,US,North America,Men,40-49,Team lead,1-2 years,Remote,0,1,2026-05-22,8,5,4,3,5,4,4,2,2,4,5,5,5,4,5,4,4,4,5
R02010,T081,Customer Service,US,North America,Women,40-49,Individual contributor,3-5 years,Onsite,0,1,2026-05-13,10,5,5,5,4,4,3,2,4,3,4,3,5,4,4,3,4,4,3
R02011,T081,Customer Service,US,North America,Women,40-49,Individual contributor,3-5 years,Onsite,0,1,2026-05-13,8,3,5,4,2,4,4,2,3,3,3,5,4,3,4,2,4,1,2
R02012,T081,Customer Service,US,North America,Women,50-59,Individual contributor,1-2 years,Onsite,1,1,2026-05-16,7,4,5,3,4,4,3,5,5,5,4,4,5,4,4,3,4,4,4
R02013,T081,Customer Service,US,North America,Men,40-49,Individual contributor,10 years +,Remote,0,0,,,,,,,,,,,,,,,,,,,,
R02014,T081,Customer Service,US,North America,Men,18-29,Individual contributor,3-5 years,Onsite,1,1,2026-05-05,10,3,3,3,4,4,4,3,3,4,3,1,2,4,4,3,5,3,3
R02015,T081,Customer Service,US,North America,Men,30-39,Individual contributor,3-5 years,Onsite,0,1,2026-05-16,10,4,4,5,5,5,5,4,5,5,3,2,2,4,3,4,5,5,4
R02016,T081,Customer Service,US,North America,Men,40-49,Manager,10 years +,Hybrid,0,1,2026-05-04,8,5,5,5,5,5,5,4,4,5,4,5,3,4,4,3,5,4,5
R02017,T081,Customer Service,US,North America,Women,40-49,Individual contributor,6-10 years,Onsite,0,1,2026-05-08,7,4,5,5,4,3,2,4,4,3,5,4,5,5,5,5,5,4,3
R02018,T081,Customer Service,US,North America,Men,40-49,Individual contributor,10 years +,Onsite,0,1,2026-05-05,6,4,3,5,3,3,3,5,4,4,4,5,4,5,5,5,3,4,4
R02019,T082,Customer Service,CA,North America,Women,30-39,Individual contributor,1-2 years,Remote,0,1,2026-05-04,6,5,5,5,4,3,3,3,3,3,3,4,4,3,4,2,3,5,4
R02020,T082,Customer Service,CA,North America,Men,40-49,Team lead,< 1 year,Onsite,1,1,2026-05-17,8,2,3,2,3,2,4,3,3,4,2,2,2,4,4,4,5,4,3
R02021,T082,Customer Service,CA,North America,Men,40-49,Individual contributor,3-5 years,Hybrid,0,1,2026-05-16,8,2,4,3,4,3,4,2,3,4,2,3,3,5,3,2,3,2,2
R02022,T082,Customer Service,CA,North America,Men,30-39,Team lead,1-2 years,Onsite,1,0,,,,,,,,,,,,,,,,,,,,
R02023,T082,Customer Service,CA,North America,Women,60+,Individual contributor,6-10 years,Onsite,0,1,2026-05-04,4,4,4,4,4,4,2,2,2,2,2,3,3,3,2,2,2,3,3
R02024,T082,Customer Service,CA,North America,Men,40-49,Individual contributor,< 1 year,Onsite,0,0,,,,,,,,,,,,,,,,,,,,
R02025,T082,Customer Service,CA,North America,Men,18-29,Individual contributor,1-2 years,Onsite,1,0,,,,,,,,,,,,,,,,,,,,
R02026,T082,Customer Service,CA,North America,Men,40-49,Team lead,3-5 years,Onsite,1,1,2026-05-07,9,4,5,5,2,4,4,3,4,4,4,4,3,5,5,5,5,5,5
R02027,T082,Customer Service,CA,North America,Women,40-49,Individual contributor,3-5 years,Onsite,0,1,2026-05-06,8,4,4,4,3,4,2,3,3,4,3,2,3,4,3,4,5,3,4
R02028,T082,Customer Service,CA,North America,Men,50-59,Individual contributor,< 1 year,Onsite,0,1,2026-05-18,9,4,2,4,4,4,4,2,4,3,4,4,4,4,4,4,3,5,4
R02029,T082,Customer Service,CA,North America,Men,30-39,Manager,< 1 year,Onsite,1,1,2026-05-08,8,5,4,5,4,5,4,3,3,2,2,4,4,5,5,5,5,4,3
R02030,T082,Customer Service,CA,North America,Women,30-39,Individual contributor,< 1 year,Onsite,1,1,2026-05-07,7,4,4,4,2,2,2,2,3,2,4,4,2,5,4,5,5,5,3
R02031,T082,Customer Service,CA,North America,Women,40-49,Individual contributor,1-2 years,Onsite,1,1,2026-05-04,6,5,4,4,5,4,4,2,4,3,1,1,2,5,5,5,5,3,3
R02032,T082,Customer Service,CA,North America,Women,50-59,Individual contributor,3-5 years,Hybrid,0,0,,,,,,,,,,,,,,,,,,,,
R02033,T082,Customer Service,CA,North America,Men,40-49,Individual contributor,3-5 years,Onsite,1,1,2026-05-17,9,3,3,3,3,4,4,4,5,5,3,3,3,3,4,3,5,5,4
R02034,T082,Customer Service,CA,North America,Men,40-49,Team lead,6-10 years,Onsite,1,1,2026-05-09,7,3,4,2,4,4,3,2,3,2,4,4,4,4,3,3,4,4,4
R02035,T082,Customer Service,CA,North America,Men,50-59,Individual contributor,10 years +,Onsite,1,1,2026-05-13,9,3,4,4,4,4,4,3,3,3,2,3,3,2,3,3,4,5,4
R02036,T082,Customer Service,CA,North America,Men,18-29,Individual contributor,3-5 years,Onsite,0,1,2026-05-22,7,3,4,4,4,4,3,2,2,3,4,4,3,3,3,4,4,4,3
R02037,T082,Customer Service,CA,North America,Men,50-59,Team lead,1-2 years,Hybrid,0,1,2026-05-09,9,4,3,4,4,3,4,3,4,5,2,3,4,4,4,3,5,4,4
R02038,T082,Customer Service,CA,North America,Women,30-39,Individual contributor,10 years +,Onsite,1,1,2026-05-13,8,3,4,3,5,4,5,4,2,4,4,3,2,3,4,3,4,4,3
R02039,T082,Customer Service,CA,North America,Men,60+,Individual contributor,3-5 years,Onsite,0,1,2026-05-08,8,5,4,3,4,4,2,3,3,3,3,3,3,4,2,3,4,4,3
R02040,T082,Customer Service,CA,North America,Men,30-39,Individual contributor,6-10 years,Onsite,1,0,,,,,,,,,,,,,,,,,,,,
R02041,T082,Customer Service,CA,North America,Women,40-49,Team lead,< 1 year,Onsite,0,1,2026-05-13,8,4,4,4,4,4,3,5,4,4,4,3,4,4,5,3,5,3,2
R02042,T082,Customer Service,CA,North America,Men,18-29,Manager,< 1 year,Onsite,0,1,2026-05-09,6,4,4,4,5,4,5,3,3,4,3,3,4,5,4,4,3,3,2
R02043,T082,Customer Service,CA,North America,Women,40-49,Individual contributor,1-2 years,Onsite,1,1,2026-05-15,7,5,3,4,4,4,3,3,3,2,5,4,4,3,4,2,4,3,2
R02044,T082,Customer Service,CA,North America,Women,40-49,Team lead,3-5 years,Onsite,1,1,2026-05-22,7,4,2,3,2,3,3,4,3,3,3,2,4,5,5,5,2,3,3
R02045,T082,Customer Service,CA,North America,Men,40-49,Individual contributor,3-5 years,Onsite,0,1,2026-05-17,8,4,4,2,2,5,5,3,2,3,4,4,4,5,4,4,3,2,4
R02046,T082,Customer Service,CA,North America,Men,40-49,Individual contributor,3-5 years,Onsite,1,1,2026-05-21,4,4,5,3,3,5,4,3,2,3,2,3,3,4,4,5,3,3,2
R02047,T082,Customer Service,CA,North America,Women,18-29,Individual contributor,6-10 years,Onsite,0,1,2026-05-05,8,3,3,4,4,4,4,1,2,2,2,1,2,3,3,3,4,3,4
R02048,T082,Customer Service,CA,North America,Men,18-29,Individual contributor,10 years +,Remote,0,1,2026-05-06,4,4,4,3,2,3,2,2,3,3,5,3,5,2,4,3,2,2,2
R02049,T082,Customer Service,CA,North America,Men,18-29,Individual contributor,6-10 years,Onsite,1,0,,,,,,,,,,,,,,,,,,,,
R02050,T082,Customer Service,CA,North America,Men,40-49,Individual contributor,3-5 years,Onsite,1,1,2026-05-18,7,3,4,4,3,4,3,4,3,3,2,2,2,2,3,3,4,1,3
R02051,T082,Customer Service,CA,North America,Men,18-29,Individual contributor,1-2 years,Onsite,1,0,,,,,,,,,,,,,,,,,,,,
R02052,T082,Customer Service,CA,North America,Women,40-49,Team lead,10 years +,Remote,0,0,,,,,,,,,,,,,,,,,,,,
R02053,T082,Customer Service,CA,North America,Women,30-39,Individual contributor,10 years +,Hybrid,0,1,2026-05-09,7,5,5,4,4,4,4,2,3,3,3,2,5,5,4,4,4,4,3
R02054,T082,Customer Service,CA,North America,Women,18-29,Individual contributor,1-2 years,Onsite,1,1,2026-05-21,7,3,4,4,3,3,2,3,4,4,3,3,3,5,4,5,5,4,3
R02055,T082,Customer Service,CA,North America,Women,30-39,Individual contributor,1-2 years,Onsite,0,1,2026-05-15,10,3,3,3,3,4,3,2,2,2,3,4,4,4,3,3,5,5,5
R02056,T082,Customer Service,CA,North America,Men,50-59,Individual contributor,6-10 years,Onsite,0,1,2026-05-17,4,4,4,4,4,4,5,2,2,3,3,5,3,2,5,3,1,3,2
R02057,T082,Customer Service,CA,North America,Men,30-39,Individual contributor,1-2 years,Onsite,1,0,,,,,,,,,,,,,,,,,,,,
R02058,T082,Customer Service,CA,North America,Women,30-39,Individual contributor,1-2 years,Onsite,0,1,2026-05-22,7,3,4,3,3,3,3,3,4,3,2,3,2,3,3,2,4,3,3
R02059,T083,Customer Service,PL,EMEA,Men,50-59,Individual contributor,< 1 year,Hybrid,0,1,2026-05-17,10,5,5,5,4,3,4,4,2,5,3,5,5,5,5,3,5,5,3
R02060,T083,Customer Service,PL,EMEA,Women,30-39,Individual contributor,< 1 year,Onsite,1,1,2026-05-21,10,3,4,3,5,4,4,4,4,3,4,4,4,4,5,5,4,5,4
R02061,T083,Customer Service,PL,EMEA,Women,40-49,Individual contributor,3-5 years,Onsite,1,0,,,,,,,,,,,,,,,,,,,,
R02062,T083,Customer Service,PL,EMEA,Men,18-29,Individual contributor,1-2 years,Hybrid,0,1,2026-05-17,8,3,3,3,3,5,4,4,4,4,3,2,4,4,3,3,3,3,4
R02063,T083,Customer Service,PL,EMEA,Men,60+,Individual contributor,3-5 years,Onsite,1,1,2026-05-15,8,4,4,4,3,5,3,4,3,4,3,4,3,4,4,4,5,4,3
R02064,T083,Customer Service,PL,EMEA,Women,50-59,Manager,1-2 years,Onsite,0,1,2026-05-04,10,5,4,4,5,4,5,4,4,4,5,5,5,5,3,5,5,4,4
R02065,T083,Customer Service,PL,EMEA,Men,30-39,Individual contributor,< 1 year,Hybrid,0,1,2026-05-08,6,2,4,3,4,4,3,3,4,4,4,5,5,5,4,5,4,3,3
R02066,T083,Customer Service,PL,EMEA,Men,50-59,Individual contributor,3-5 years,Onsite,1,1,2026-05-06,7,5,5,5,2,4,3,1,3,3,3,4,4,4,5,4,3,2,3
R02067,T083,Customer Service,PL,EMEA,Men,50-59,Individual contributor,< 1 year,Onsite,1,1,2026-05-15,6,4,4,3,2,4,3,4,3,4,3,4,4,5,4,4,4,3,4
R02068,T083,Customer Service,PL,EMEA,Women,18-29,Individual contributor,6-10 years,Onsite,1,1,2026-05-17,7,4,3,5,2,2,2,3,3,4,5,4,5,4,5,4,4,4,4
R02069,T083,Customer Service,PL,EMEA,Men,40-49,Individual contributor,6-10 years,Hybrid,0,1,2026-05-18,7,4,3,4,4,5,5,4,2,4,2,3,3,5,5,3,4,3,4
R02070,T083,Customer Service,PL,EMEA,Women,18-29,Individual contributor,3-5 years,Onsite,1,1,2026-05-06,9,4,4,4,4,4,4,3,4,4,4,3,5,4,4,4,5,4,5
R02071,T083,Customer Service,PL,EMEA,Women,40-49,Individual contributor,1-2 years,Onsite,0,1,2026-05-18,10,4,5,5,4,4,4,3,4,4,2,4,5,5,4,4,5,4,5
R02072,T083,Customer Service,PL,EMEA,Men,30-39,Individual contributor,< 1 year,Onsite,0,1,2026-05-04,8,5,5,3,3,4,3,4,3,3,3,4,4,5,4,4,5,5,4
R02073,T083,Customer Service,PL,EMEA,Men,40-49,Individual contributor,1-2 years,Onsite,0,1,2026-05-18,9,4,3,4,5,5,5,4,4,4,5,5,5,4,4,4,5,5,5
R02074,T083,Customer Service,PL,EMEA,Women,40-49,Individual contributor,< 1 year,Onsite,1,0,,,,,,,,,,,,,,,,,,,,
R02075,T083,Customer Service,PL,EMEA,Men,50-59,Individual contributor,6-10 years,Hybrid,0,1,2026-05-08,8,4,4,4,4,4,5,3,4,4,5,5,5,4,3,3,4,5,4
R02076,T083,Customer Service,PL,EMEA,Women,30-39,Individual contributor,3-5 years,Onsite,1,1,2026-05-09,5,5,5,5,3,4,4,2,1,2,1,1,2,5,4,5,5,5,3
R02077,T083,Customer Service,PL,EMEA,Men,30-39,Individual contributor,3-5 years,Onsite,0,1,2026-05-15,8,5,5,5,5,5,5,4,5,5,3,4,5,4,5,5,5,4,4
R02078,T084,Customer Service,CA,North America,Women,60+,Individual contributor,3-5 years,Remote,0,1,2026-05-16,3,5,5,5,4,4,4,4,4,5,4,4,4,3,3,4,3,3,2
R02079,T084,Customer Service,CA,North America,Men,40-49,Individual contributor,3-5 years,Onsite,0,0,,,,,,,,,,,,,,,,,,,,
R02080,T084,Customer Service,CA,North America,Women,30-39,Individual contributor,3-5 years,Onsite,1,0,,,,,,,,,,,,,,,,,,,,
R02081,T084,Customer Service,CA,North America,Men,40-49,Individual contributor,< 1 year,Onsite,0,1,2026-05-21,7,5,5,5,4,5,3,4,3,5,3,3,3,3,4,3,4,4,4
R02082,T084,Customer Service,CA,North America,Men,30-39,Team lead,< 1 year,Onsite,0,1,2026-05-22,8,5,5,5,5,5,5,2,2,2,3,3,4,3,3,2,2,4,2
R02083,T084,Customer Service,CA,North America,Men,30-39,Individual contributor,1-2 years,Onsite,0,1,2026-05-15,7,4,5,4,4,4,4,4,4,5,5,5,4,2,3,2,3,3,3
R02084,T084,Customer Service,CA,North America,Men,40-49,Individual contributor,3-5 years,Onsite,1,0,,,,,,,,,,,,,,,,,,,,
R02085,T084,Customer Service,CA,North America,Women,40-49,Team lead,10 years +,Onsite,0,1,2026-05-14,7,4,4,4,5,4,3,2,3,3,4,4,5,4,5,5,3,4,3
R02086,T084,Customer Service,CA,North America,Men,50-59,Individual contributor,< 1 year,Hybrid,0,1,2026-05-14,8,4,5,4,4,4,5,4,4,5,2,4,3,3,4,2,3,3,4
R02087,T084,Customer Service,CA,North America,Men,60+,Individual contributor,1-2 years,Onsite,1,1,2026-05-17,7,5,5,5,2,2,3,3,4,5,4,3,3,4,3,3,4,4,2
R02088,T084,Customer Service,CA,North America,Men,30-39,Individual contributor,< 1 year,Hybrid,0,1,2026-05-18,8,4,4,4,4,5,2,2,3,3,2,4,4,3,3,3,3,4,4
R02089,T084,Customer Service,CA,North America,Women,40-49,Individual contributor,< 1 year,Onsite,0,1,2026-05-05,7,4,4,3,3,5,3,3,4,4,3,3,2,5,5,5,5,4,3
R02090,T084,Customer Service,CA,North America,Men,18-29,Individual contributor,6-10 years,Hybrid,0,0,,,,,,,,,,,,,,,,,,,,
R02091,T085,Commercial,DE,EMEA,Men,40-49,Manager,1-2 years,Onsite,0,1,2026-05-20,5,4,4,4,4,4,4,4,5,5,3,3,3,5,5,4,4,3,3
R02092,T085,Commercial,DE,EMEA,Men,50-59,Individual contributor,1-2 years,Hybrid,0,1,2026-05-05,9,4,5,5,4,3,2,5,5,5,3,2,4,4,3,5,5,4,4
R02093,T085,Commercial,DE,EMEA,Men,30-39,Manager,10 years +,Onsite,0,1,2026-05-10,9,5,5,4,3,3,3,5,5,5,3,3,4,5,5,4,5,3,3
R02094,T085,Commercial,DE,EMEA,Non-binary / self-described,30-39,Individual contributor,3-5 years,Onsite,0,1,2026-05-06,5,4,4,3,4,4,5,3,2,2,2,1,2,4,3,4,4,4,2
R02095,T085,Commercial,DE,EMEA,Women,30-39,Individual contributor,1-2 years,Hybrid,0,0,,,,,,,,,,,,,,,,,,,,
R02096,T085,Commercial,DE,EMEA,Men,18-29,Individual contributor,10 years +,Hybrid,0,1,2026-05-05,10,5,5,5,5,3,5,5,5,5,3,3,4,5,4,3,5,5,5
R02097,T085,Commercial,DE,EMEA,Men,30-39,Individual contributor,10 years +,Hybrid,0,1,2026-05-04,9,3,3,4,3,3,3,4,3,4,3,3,4,5,5,5,5,4,4
R02098,T085,Commercial,DE,EMEA,Women,30-39,Individual contributor,1-2 years,Onsite,0,1,2026-05-06,7,5,5,5,4,4,4,4,4,4,2,3,4,5,5,5,5,5,5
R02099,T085,Commercial,DE,EMEA,Women,30-39,Individual contributor,6-10 years,Onsite,0,1,2026-05-08,10,5,5,4,2,3,3,4,3,4,2,4,3,5,5,5,5,5,4
R02100,T085,Commercial,DE,EMEA,Non-binary / self-described,60+,Individual contributor,< 1 year,Hybrid,0,1,2026-05-08,7,4,5,5,4,2,3,4,3,5,4,5,5,5,5,4,5,5,5
R02101,T085,Commercial,DE,EMEA,Men,40-49,Individual contributor,3-5 years,Hybrid,0,1,2026-05-20,8,4,5,5,2,4,4,4,4,4,3,2,4,4,4,4,5,5,3
R02102,T085,Commercial,DE,EMEA,Women,30-39,Individual contributor,1-2 years,Hybrid,0,1,2026-05-14,7,4,3,2,3,2,3,4,5,5,4,2,4,4,4,4,4,2,2
R02103,T085,Commercial,DE,EMEA,Men,50-59,Individual contributor,6-10 years,Hybrid,0,1,2026-05-12,10,4,4,4,3,4,2,4,5,5,4,4,4,5,4,5,5,5,5
R02104,T085,Commercial,DE,EMEA,Men,60+,Individual contributor,6-10 years,Onsite,0,1,2026-05-17,7,4,5,5,3,4,3,2,3,3,5,4,5,3,3,3,4,3,2
R02105,T085,Commercial,DE,EMEA,Women,30-39,Individual contributor,6-10 years,Onsite,0,1,2026-05-19,6,4,4,4,3,3,3,4,4,4,4,3,3,5,4,4,3,3,4
R02106,T085,Commercial,DE,EMEA,Women,30-39,Team lead,1-2 years,Onsite,0,1,2026-05-09,7,5,5,5,5,4,4,5,5,4,3,4,4,4,4,4,3,3,3
R02107,T085,Commercial,DE,EMEA,Women,30-39,Team lead,< 1 year,Hybrid,0,1,2026-05-09,8,4,5,3,3,4,3,5,4,4,3,4,5,4,4,4,5,3,5
R02108,T085,Commercial,DE,EMEA,Men,40-49,Individual contributor,6-10 years,Onsite,0,0,,,,,,,,,,,,,,,,,,,,
R02109,T085,Commercial,DE,EMEA,Non-binary / self-described,40-49,Manager,< 1 year,Hybrid,0,1,2026-05-18,10,5,5,5,5,5,5,5,5,5,3,4,5,5,4,5,5,5,5
R02110,T086,Commercial,SG,APAC,Men,60+,Individual contributor,6-10 years,Onsite,0,1,2026-05-20,9,4,2,2,3,3,4,3,4,3,2,3,4,5,3,5,4,4,5
R02111,T086,Commercial,SG,APAC,Men,18-29,Individual contributor,6-10 years,Hybrid,0,1,2026-05-04,6,3,3,2,2,2,2,3,3,4,3,3,3,2,3,3,3,3,3
R02112,T086,Commercial,SG,APAC,Men,18-29,Individual contributor,6-10 years,Onsite,0,1,2026-05-04,9,4,4,2,4,4,5,2,3,4,5,5,5,3,3,2,5,4,4
R02113,T086,Commercial,SG,APAC,Men,30-39,Team lead,3-5 years,Onsite,0,0,,,,,,,,,,,,,,,,,,,,
R02114,T086,Commercial,SG,APAC,Women,50-59,Manager,6-10 years,Hybrid,0,1,2026-05-15,7,5,5,5,3,3,4,2,3,2,4,5,4,4,5,3,4,4,4
R02115,T086,Commercial,SG,APAC,Women,50-59,Individual contributor,10 years +,Remote,0,1,2026-05-09,10,5,5,4,4,5,4,2,5,4,3,3,2,4,4,5,4,4,5
R02116,T086,Commercial,SG,APAC,Men,60+,Manager,3-5 years,Hybrid,0,1,2026-05-18,7,3,3,4,2,3,4,2,2,3,4,5,3,3,2,1,2,2,3
R02117,T086,Commercial,SG,APAC,Men,30-39,Individual contributor,1-2 years,Hybrid,0,1,2026-05-22,4,4,4,5,4,3,4,2,4,3,4,3,5,3,3,2,4,4,3
R02118,T086,Commercial,SG,APAC,Women,40-49,Team lead,1-2 years,Hybrid,0,1,2026-05-10,10,5,5,4,5,5,5,5,4,4,4,4,5,4,3,4,5,4,4
R02119,T086,Commercial,SG,APAC,Women,30-39,Team lead,6-10 years,Hybrid,0,0,,,,,,,,,,,,,,,,,,,,
R02120,T086,Commercial,SG,APAC,Men,50-59,Individual contributor,3-5 years,Hybrid,0,0,,,,,,,,,,,,,,,,,,,,
R02121,T086,Commercial,SG,APAC,Men,30-39,Individual contributor,6-10 years,Onsite,0,0,,,,,,,,,,,,,,,,,,,,
R02122,T086,Commercial,SG,APAC,Women,50-59,Individual contributor,6-10 years,Onsite,0,1,2026-05-04,8,4,5,3,3,2,3,3,3,4,3,3,4,4,4,4,3,3,4
R02123,T086,Commercial,SG,APAC,Women,18-29,Individual contributor,6-10 years,Hybrid,0,1,2026-05-22,8,2,3,2,3,2,4,5,4,4,4,4,4,5,5,4,2,4,3
R02124,T086,Commercial,SG,APAC,Men,30-39,Team lead,1-2 years,Onsite,0,1,2026-05-05,6,5,3,3,4,4,5,4,5,5,4,4,3,2,3,3,3,4,4
R02125,T086,Commercial,SG,APAC,Women,50-59,Individual contributor,6-10 years,Onsite,0,1,2026-05-22,5,2,4,4,4,5,5,2,2,2,3,4,5,4,3,4,3,2,2
R02126,T086,Commercial,SG,APAC,Women,50-59,Individual contributor,10 years +,Hybrid,0,1,2026-05-06,9,4,5,4,3,4,2,5,4,4,5,3,4,5,4,5,5,3,3
R02127,T086,Commercial,SG,APAC,Women,30-39,Individual contributor,10 years +,Hybrid,0,0,,,,,,,,,,,,,,,,,,,,
R02128,T086,Commercial,SG,APAC,Men,50-59,Individual contributor,3-5 years,Remote,0,1,2026-05-13,8,3,4,2,3,5,4,4,3,3,3,4,5,5,4,4,4,4,3
R02129,T086,Commercial,SG,APAC,Women,30-39,Individual contributor,3-5 years,Onsite,0,1,2026-05-05,7,5,5,4,2,3,4,2,3,3,2,3,3,3,2,3,4,4,2
R02130,T086,Commercial,SG,APAC,Men,60+,Individual contributor,6-10 years,Onsite,0,1,2026-05-08,2,2,3,2,4,4,4,3,5,5,3,2,3,3,4,3,3,1,2
R02131,T086,Commercial,SG,APAC,Women,40-49,Individual contributor,1-2 years,Remote,0,1,2026-05-12,6,3,4,4,2,3,3,2,2,3,3,4,3,4,4,4,5,3,3
R02132,T086,Commercial,SG,APAC,Men,18-29,Team lead,6-10 years,Onsite,0,1,2026-05-19,10,5,5,4,3,4,4,4,4,4,4,4,5,3,4,3,4,4,4
R02133,T086,Commercial,SG,APAC,Men,30-39,Team lead,3-5 years,Remote,0,1,2026-05-15,8,5,3,4,4,5,4,4,5,5,4,4,5,5,5,5,5,4,5
R02134,T086,Commercial,SG,APAC,Women,18-29,Team lead,1-2 years,Hybrid,0,1,2026-05-11,9,5,5,5,5,4,2,3,4,3,2,3,3,3,3,4,5,3,5
R02135,T087,Commercial,DE,EMEA,Men,50-59,Individual contributor,< 1 year,Hybrid,0,1,2026-05-12,9,4,4,4,4,4,4,4,5,4,4,5,4,2,2,3,5,5,4
R02136,T087,Commercial,DE,EMEA,Non-binary / self-described,30-39,Individual contributor,< 1 year,Onsite,0,1,2026-05-06,6,4,5,5,3,4,3,4,4,4,3,3,2,4,5,4,4,4,3
R02137,T087,Commercial,DE,EMEA,Men,18-29,Individual contributor,3-5 years,Remote,0,1,2026-05-22,7,5,4,4,3,4,4,3,4,4,2,3,4,5,4,3,4,5,3
R02138,T087,Commercial,DE,EMEA,Men,40-49,Individual contributor,3-5 years,Onsite,0,0,,,,,,,,,,,,,,,,,,,,
R02139,T087,Commercial,DE,EMEA,Men,18-29,Individual contributor,10 years +,Onsite,0,0,,,,,,,,,,,,,,,,,,,,
R02140,T087,Commercial,DE,EMEA,Women,60+,Manager,10 years +,Onsite,0,1,2026-05-07,7,3,4,2,5,5,4,3,3,3,3,2,3,4,4,4,3,2,4
R02141,T087,Commercial,DE,EMEA,Men,30-39,Individual contributor,1-2 years,Onsite,0,1,2026-05-20,7,3,4,4,2,3,3,4,4,5,4,3,3,4,3,4,3,3,3
R02142,T087,Commercial,DE,EMEA,Women,40-49,Team lead,3-5 years,Onsite,0,1,2026-05-05,7,3,5,3,3,3,4,4,4,5,2,2,4,5,5,4,5,4,4
R02143,T087,Commercial,DE,EMEA,Non-binary / self-described,40-49,Team lead,< 1 year,Onsite,0,1,2026-05-05,5,3,4,4,3,4,5,4,3,4,4,3,4,4,4,4,5,4,3
R02144,T087,Commercial,DE,EMEA,Men,50-59,Individual contributor,3-5 years,Onsite,0,1,2026-05-15,7,5,5,5,3,4,4,4,4,4,4,3,5,5,5,4,4,4,3
R02145,T087,Commercial,DE,EMEA,Men,18-29,Individual contributor,10 years +,Onsite,0,0,,,,,,,,,,,,,,,,,,,,
R02146,T087,Commercial,DE,EMEA,Men,18-29,Individual contributor,1-2 years,Hybrid,0,1,2026-05-06,8,4,4,4,5,5,3,5,3,5,2,2,3,4,5,4,5,4,3
R02147,T088,Commercial,PL,EMEA,Men,18-29,Individual contributor,< 1 year,Onsite,0,1,2026-05-06,9,2,3,3,3,3,4,3,3,3,3,3,5,4,5,5,5,5,4
R02148,T088,Commercial,PL,EMEA,Men,30-39,Individual contributor,6-10 years,Remote,0,1,2026-05-12,5,4,4,3,5,5,5,3,2,3,5,4,4,4,4,4,3,2,2
R02149,T088,Commercial,PL,EMEA,Non-binary / self-described,50-59,Team lead,6-10 years,Hybrid,0,0,,,,,,,,,,,,,,,,,,,,
R02150,T088,Commercial,PL,EMEA,Women,18-29,Team lead,< 1 year,Hybrid,0,1,2026-05-10,8,4,4,3,3,4,4,3,2,4,4,4,5,5,5,2,4,3,4
R02151,T088,Commercial,PL,EMEA,Women,50-59,Team lead,6-10 years,Remote,0,0,,,,,,,,,,,,,,,,,,,,
R02152,T088,Commercial,PL,EMEA,Men,50-59,Individual contributor,< 1 year,Hybrid,0,1,2026-05-07,9,5,4,3,4,4,5,3,4,4,3,4,4,1,3,3,5,3,4
R02153,T088,Commercial,PL,EMEA,Men,30-39,Team lead,10 years +,Onsite,1,1,2026-05-22,6,3,4,3,5,3,3,4,4,5,4,2,4,3,3,4,4,2,3
R02154,T088,Commercial,PL,EMEA,Men,40-49,Individual contributor,1-2 years,Remote,0,1,2026-05-07,9,4,4,4,4,3,3,3,4,4,4,4,5,4,5,5,5,5,5
R02155,T088,Commercial,PL,EMEA,Men,40-49,Team lead,3-5 years,Onsite,0,0,,,,,,,,,,,,,,,,,,,,
R02156,T088,Commercial,PL,EMEA,Women,30-39,Individual contributor,1-2 years,Onsite,0,1,2026-05-22,4,3,4,5,3,4,4,2,2,2,5,5,5,3,3,3,5,2,3
R02157,T088,Commercial,PL,EMEA,Women,30-39,Individual contributor,3-5 years,Remote,0,1,2026-05-15,7,2,2,2,4,2,4,2,2,2,3,3,3,3,3,2,5,3,3
R02158,T088,Commercial,PL,EMEA,Women,18-29,Individual contributor,10 years +,Hybrid,0,1,2026-05-05,6,3,2,3,5,5,4,4,4,4,3,2,2,2,2,2,4,3,4
R02159,T088,Commercial,PL,EMEA,Women,30-39,Manager,10 years +,Onsite,0,1,2026-05-11,10,3,4,3,2,3,5,3,2,2,4,4,3,5,4,4,4,5,4
R02160,T088,Commercial,PL,EMEA,Men,30-39,Individual contributor,6-10 years,Onsite,0,0,,,,,,,,,,,,,,,,,,,,
R02161,T088,Commercial,PL,EMEA,Men,30-39,Senior leader,1-2 years,Hybrid,0,1,2026-05-11,7,3,4,3,3,5,5,4,4,5,5,3,4,4,4,4,4,4,4
R02162,T088,Commercial,PL,EMEA,Men,30-39,Individual contributor,3-5 years,Onsite,0,1,2026-05-10,8,5,5,5,3,4,4,3,3,3,3,2,4,3,3,4,3,3,2
R02163,T088,Commercial,PL,EMEA,Men,30-39,Individual contributor,3-5 years,Onsite,1,0,,,,,,,,,,,,,,,,,,,,
R02164,T089,Commercial,CA,North America,Non-binary / self-described,30-39,Individual contributor,1-2 years,Onsite,0,1,2026-05-06,6,3,3,3,3,3,4,3,3,4,2,4,4,2,4,4,3,3,2
R02165,T089,Commercial,CA,North America,Men,30-39,Individual contributor,1-2 years,Remote,0,1,2026-05-22,8,4,5,3,4,5,5,3,4,4,4,2,4,4,4,3,4,4,4
R02166,T089,Commercial,CA,North America,Men,40-49,Individual contributor,10 years +,Onsite,0,1,2026-05-21,10,4,4,4,3,4,3,4,3,3,5,5,5,5,5,5,4,5,5
R02167,T089,Commercial,CA,North America,Men,30-39,Individual contributor,6-10 years,Onsite,0,1,2026-05-04,8,3,2,3,4,3,5,2,2,3,2,3,2,2,2,2,4,2,3
R02168,T089,Commercial,CA,North America,Women,30-39,Individual contributor,< 1 year,Onsite,0,1,2026-05-07,9,4,4,4,5,5,5,4,5,4,5,4,5,3,3,4,5,5,5
R02169,T089,Commercial,CA,North America,Men,30-39,Individual contributor,10 years +,Remote,0,1,2026-05-04,9,4,4,3,5,5,5,3,5,4,4,3,3,3,4,3,3,5,3
R02170,T089,Commercial,CA,North America,Women,30-39,Individual contributor,10 years +,Hybrid,0,1,2026-05-10,7,3,3,3,3,3,2,2,4,4,4,3,4,5,4,5,3,3,4
R02171,T089,Commercial,CA,North America,Men,30-39,Individual contributor,3-5 years,Remote,0,1,2026-05-18,10,5,5,4,4,3,3,5,4,5,3,2,2,2,4,2,5,3,5
R02172,T089,Commercial,CA,North America,Men,50-59,Individual contributor,< 1 year,Onsite,0,1,2026-05-19,6,4,4,4,2,3,2,4,2,4,2,2,2,4,3,2,3,4,3
R02173,T089,Commercial,CA,North America,Women,50-59,Manager,3-5 years,Remote,0,1,2026-05-18,6,5,5,3,3,4,2,4,4,5,4,3,4,4,3,3,4,4,4
R02174,T089,Commercial,CA,North America,Men,30-39,Individual contributor,3-5 years,Hybrid,0,1,2026-05-21,7,5,4,5,5,5,4,4,3,4,5,4,5,2,2,3,4,3,5
R02175,T089,Commercial,CA,North America,Non-binary / self-described,50-59,Individual contributor,3-5 years,Onsite,0,0,,,,,,,,,,,,,,,,,,,,
R02176,T089,Commercial,CA,North America,Women,30-39,Individual contributor,3-5 years,Onsite,0,0,,,,,,,,,,,,,,,,,,,,
R02177,T089,Commercial,CA,North America,Women,40-49,Individual contributor,3-5 years,Onsite,0,1,2026-05-05,8,4,4,3,5,4,5,4,3,5,3,3,3,4,5,4,4,3,4
R02178,T089,Commercial,CA,North America,Women,40-49,Individual contributor,10 years +,Onsite,0,0,,,,,,,,,,,,,,,,,,,,
R02179,T089,Commercial,CA,North America,Women,40-49,Individual contributor,3-5 years,Onsite,0,1,2026-05-14,6,3,5,4,1,3,2,4,3,4,3,5,4,5,5,5,3,3,4
R02180,T089,Commercial,CA,North America,Non-binary / self-described,30-39,Individual contributor,10 years +,Remote,0,0,,,,,,,,,,,,,,,,,,,,
R02181,T089,Commercial,CA,North America,Men,50-59,Individual contributor,10 years +,Hybrid,0,1,2026-05-21,8,5,5,5,4,4,5,5,3,3,5,5,5,4,3,4,5,3,5
R02182,T089,Commercial,CA,North America,Men,40-49,Individual contributor,10 years +,Hybrid,0,1,2026-05-06,6,4,3,4,5,5,2,4,3,4,4,5,3,4,3,4,5,5,4
R02183,T089,Commercial,CA,North America,Men,40-49,Individual contributor,1-2 years,Remote,0,0,,,,,,,,,,,,,,,,,,,,
R02184,T089,Commercial,CA,North America,Non-binary / self-described,18-29,Senior leader,< 1 year,Onsite,0,1,2026-05-05,8,5,5,4,5,3,4,4,5,5,4,5,5,2,3,3,5,5,5
R02185,T089,Commercial,CA,North America,Women,40-49,Individual contributor,3-5 years,Hybrid,0,0,,,,,,,,,,,,,,,,,,,,
R02186,T089,Commercial,CA,North America,Non-binary / self-described,40-49,Individual contributor,1-2 years,Hybrid,0,1,2026-05-06,6,5,4,4,4,5,4,3,4,5,3,3,3,3,4,3,4,4,3
R02187,T089,Commercial,CA,North America,Men,18-29,Manager,1-2 years,Hybrid,0,1,2026-05-15,9,5,5,5,5,5,5,4,4,3,3,3,4,4,4,2,4,3,4
R02188,T089,Commercial,CA,North America,Men,18-29,Team lead,3-5 years,Onsite,0,1,2026-05-11,8,5,4,5,2,4,2,5,4,5,5,3,5,4,4,4,4,3,4
R02189,T089,Commercial,CA,North America,Men,30-39,Individual contributor,10 years +,Hybrid,0,0,,,,,,,,,,,,,,,,,,,,
R02190,T089,Commercial,CA,North America,Men,60+,Individual contributor,< 1 year,Onsite,0,0,,,,,,,,,,,,,,,,,,,,
R02191,T089,Commercial,CA,North America,Women,60+,Team lead,6-10 years,Hybrid,0,1,2026-05-06,7,5,5,3,5,5,5,3,3,4,4,3,5,2,2,2,5,5,5
R02192,T089,Commercial,CA,North America,Women,50-59,Team lead,< 1 year,Remote,0,0,,,,,,,,,,,,,,,,,,,,
R02193,T089,Commercial,CA,North America,Men,30-39,Team lead,6-10 years,Onsite,0,1,2026-05-21,8,4,4,3,5,5,4,1,1,4,4,4,4,4,5,3,5,4,3
R02194,T089,Commercial,CA,North America,Women,40-49,Individual contributor,1-2 years,Onsite,0,1,2026-05-22,7,4,5,4,5,5,5,5,3,5,4,4,3,4,5,3,4,4,4
R02195,T089,Commercial,CA,North America,Women,50-59,Team lead,< 1 year,Onsite,1,1,2026-05-19,8,4,5,2,4,4,4,5,5,5,3,4,5,5,5,5,5,4,4
R02196,T089,Commercial,CA,North America,Men,40-49,Individual contributor,3-5 years,Hybrid,0,0,,,,,,,,,,,,,,,,,,,,
R02197,T089,Commercial,CA,North America,Men,40-49,Individual contributor,3-5 years,Onsite,0,1,2026-05-04,8,3,4,5,2,4,3,3,4,4,4,4,3,4,4,4,4,3,3
R02198,T090,Commercial,US,North America,Men,30-39,Individual contributor,6-10 years,Hybrid,0,1,2026-05-21,7,4,5,4,3,3,3,3,3,4,4,3,4,5,3,3,5,4,4
R02199,T090,Commercial,US,North America,Men,40-49,Individual contributor,< 1 year,Remote,0,1,2026-05-22,7,4,5,5,5,5,5,4,2,4,3,2,3,5,4,4,5,4,4
R02200,T090,Commercial,US,North America,Men,18-29,Individual contributor,10 years +,Hybrid,0,0,,,,,,,,,,,,,,,,,,,,
R02201,T090,Commercial,US,North America,Men,18-29,Manager,1-2 years,Hybrid,0,1,2026-05-17,9,4,4,3,4,3,2,3,3,4,5,5,5,4,5,5,3,2,3
R02202,T090,Commercial,US,North America,Women,30-39,Senior leader,< 1 year,Onsite,0,1,2026-05-22,8,4,3,5,4,4,3,5,5,5,4,4,5,5,5,5,5,5,4
R02203,T090,Commercial,US,North America,Women,40-49,Individual contributor,1-2 years,Onsite,0,1,2026-05-06,5,5,4,4,4,5,5,4,2,3,4,4,3,4,5,5,4,3,5
R02204,T090,Commercial,US,North America,Men,30-39,Manager,3-5 years,Hybrid,0,1,2026-05-08,7,4,4,4,5,5,5,3,3,3,3,4,5,5,5,3,4,4,3
R02205,T090,Commercial,US,North America,Men,50-59,Senior leader,3-5 years,Hybrid,0,1,2026-05-11,5,4,4,4,4,5,5,4,4,5,5,5,5,5,5,5,4,4,4
R02206,T090,Commercial,US,North America,Men,50-59,Individual contributor,3-5 years,Onsite,0,1,2026-05-16,7,5,5,5,3,3,4,2,4,2,4,3,5,4,4,4,5,3,3
R02207,T090,Commercial,US,North America,Women,30-39,Individual contributor,6-10 years,Onsite,0,1,2026-05-06,7,3,3,3,4,3,2,4,5,5,3,4,4,4,4,4,3,3,3
R02208,T090,Commercial,US,North America,Men,60+,Team lead,6-10 years,Onsite,0,1,2026-05-22,4,4,3,5,3,3,5,4,2,4,3,2,2,4,4,3,2,1,2
R02209,T090,Commercial,US,North America,Non-binary / self-described,40-49,Team lead,6-10 years,Remote,0,1,2026-05-14,7,5,5,5,2,2,2,3,3,5,3,2,3,4,4,4,3,3,3
R02210,T090,Commercial,US,North America,Men,18-29,Individual contributor,< 1 year,Onsite,0,1,2026-05-16,8,5,3,3,4,5,5,5,5,5,4,5,5,4,3,3,4,5,4
R02211,T090,Commercial,US,North America,Men,18-29,Senior leader,1-2 years,Hybrid,0,1,2026-05-15,10,5,5,5,3,4,4,5,3,5,4,4,4,5,5,5,3,4,4
R02212,T091,Commercial,US,North America,Men,50-59,Individual contributor,3-5 years,Hybrid,0,1,2026-05-17,7,4,3,2,3,3,4,3,3,3,3,2,3,4,5,3,3,4,3
R02213,T091,Commercial,US,North America,Women,18-29,Individual contributor,3-5 years,Onsite,0,1,2026-05-18,9,3,4,2,4,4,4,4,3,3,4,5,5,4,3,2,5,3,3
R02214,T091,Commercial,US,North America,Men,18-29,Team lead,6-10 years,Onsite,0,1,2026-05-20,4,4,4,3,2,2,3,4,3,4,3,2,2,4,3,4,4,3,4
R02215,T091,Commercial,US,North America,Men,30-39,Team lead,1-2 years,Hybrid,0,0,,,,,,,,,,,,,,,,,,,,
R02216,T091,Commercial,US,North America,Men,30-39,Individual contributor,< 1 year,Onsite,0,0,,,,,,,,,,,,,,,,,,,,
R02217,T091,Commercial,US,North America,Men,60+,Manager,6-10 years,Hybrid,0,0,,,,,,,,,,,,,,,,,,,,
R02218,T091,Commercial,US,North America,Men,50-59,Individual contributor,3-5 years,Remote,0,1,2026-05-21,7,4,5,5,3,4,3,2,1,2,2,2,2,4,1,2,3,3,4
R02219,T091,Commercial,US,North America,Women,18-29,Team lead,1-2 years,Remote,0,0,,,,,,,,,,,,,,,,,,,,
R02220,T091,Commercial,US,North America,Women,30-39,Individual contributor,1-2 years,Onsite,0,1,2026-05-06,8,3,2,4,2,3,3,3,3,2,3,2,2,5,4,5,3,3,4
R02221,T091,Commercial,US,North America,Men,50-59,Individual contributor,< 1 year,Remote,0,0,,,,,,,,,,,,,,,,,,,,
R02222,T091,Commercial,US,North America,Men,30-39,Individual contributor,3-5 years,Onsite,0,1,2026-05-17,6,4,3,3,3,3,3,4,3,4,2,3,5,4,4,4,3,3,4
R02223,T091,Commercial,US,North America,Men,30-39,Manager,10 years +,Onsite,0,1,2026-05-22,8,4,5,4,3,4,2,3,2,2,4,4,4,3,4,2,5,4,3
R02224,T091,Commercial,US,North America,Men,18-29,Individual contributor,3-5 years,Onsite,0,1,2026-05-21,7,1,2,3,4,3,3,3,3,5,3,3,4,3,3,2,3,1,3
R02225,T091,Commercial,US,North America,Women,18-29,Individual contributor,< 1 year,Onsite,0,0,,,,,,,,,,,,,,,,,,,,
R02226,T091,Commercial,US,North America,Women,30-39,Individual contributor,3-5 years,Remote,0,1,2026-05-12,6,5,5,3,3,4,5,2,2,3,3,4,3,2,2,2,3,2,3
R02227,T091,Commercial,US,North America,Men,30-39,Team lead,3-5 years,Onsite,0,0,,,,,,,,,,,,,,,,,,,,
R02228,T091,Commercial,US,North America,Women,40-49,Team lead,6-10 years,Onsite,1,0,,,,,,,,,,,,,,,,,,,,
R02229,T091,Commercial,US,North America,Women,40-49,Individual contributor,< 1 year,Onsite,0,1,2026-05-17,4,4,5,5,4,3,4,3,2,3,4,2,3,5,5,3,2,4,2
R02230,T091,Commercial,US,North America,Men,18-29,Individual contributor,10 years +,Hybrid,0,1,2026-05-09,6,4,1,2,4,4,4,2,3,3,1,2,2,4,4,3,3,2,3
R02231,T091,Commercial,US,North America,Women,40-49,Individual contributor,1-2 years,Hybrid,0,0,,,,,,,,,,,,,,,,,,,,
R02232,T091,Commercial,US,North America,Women,30-39,Individual contributor,1-2 years,Onsite,0,1,2026-05-14,9,5,4,2,4,4,3,4,4,5,2,2,4,3,3,5,4,4,3
R02233,T091,Commercial,US,North America,Women,40-49,Team lead,3-5 years,Hybrid,0,1,2026-05-16,7,4,4,4,2,4,4,3,4,2,3,4,3,1,2,1,4,4,3
R02234,T091,Commercial,US,North America,Non-binary / self-described,60+,Manager,6-10 years,Hybrid,0,1,2026-05-06,6,4,4,3,4,2,4,2,2,2,2,2,2,5,4,5,2,2,1
R02235,T091,Commercial,US,North America,Non-binary / self-described,50-59,Team lead,< 1 year,Hybrid,0,1,2026-05-06,7,5,4,3,3,3,4,5,4,4,3,5,5,5,4,4,4,4,5
R02236,T091,Commercial,US,North America,Women,60+,Individual contributor,6-10 years,Hybrid,0,1,2026-05-15,5,4,4,3,3,4,3,4,4,4,4,3,4,3,3,2,2,3,4
R02237,T091,Commercial,US,North America,Women,18-29,Manager,6-10 years,Hybrid,0,1,2026-05-06,8,4,4,4,2,2,4,3,4,5,2,3,2,5,5,5,3,4,4
R02238,T091,Commercial,US,North America,Women,50-59,Senior leader,1-2 years,Onsite,0,1,2026-05-16,10,4,5,5,4,3,4,3,2,4,4,3,3,4,3,4,4,5,4
R02239,T091,Commercial,US,North America,Men,40-49,Team lead,3-5 years,Hybrid,0,1,2026-05-22,7,2,4,3,4,4,3,5,5,5,3,4,5,4,3,3,4,3,3
R02240,T091,Commercial,US,North America,Men,30-39,Individual contributor,6-10 years,Remote,0,0,,,,,,,,,,,,,,,,,,,,
R02241,T091,Commercial,US,North America,Men,30-39,Individual contributor,6-10 years,Hybrid,0,1,2026-05-04,5,3,4,3,3,3,3,3,4,3,2,4,2,4,3,2,3,2,2
R02242,T091,Commercial,US,North America,Men,50-59,Individual contributor,1-2 years,Hybrid,0,0,,,,,,,,,,,,,,,,,,,,
R02243,T091,Commercial,US,North America,Women,18-29,Individual contributor,< 1 year,Onsite,0,0,,,,,,,,,,,,,,,,,,,,
R02244,T091,Commercial,US,North America,Non-binary / self-described,18-29,Individual contributor,6-10 years,Onsite,0,1,2026-05-15,6,2,2,3,3,4,3,2,3,3,2,1,3,2,2,2,3,3,3
R02245,T091,Commercial,US,North America,Women,30-39,Individual contributor,3-5 years,Hybrid,0,1,2026-05-22,7,4,5,4,2,3,2,4,3,4,4,2,3,2,2,2,1,2,3
R02246,T091,Commercial,US,North America,Women,50-59,Individual contributor,1-2 years,Hybrid,0,1,2026-05-21,8,5,5,4,3,4,2,2,3,3,4,4,3,5,4,4,5,5,4
R02247,T091,Commercial,US,North America,Men,30-39,Individual contributor,3-5 years,Onsite,0,1,2026-05-16,6,5,4,2,3,2,3,3,2,3,3,3,3,2,4,1,4,2,1
R02248,T091,Commercial,US,North America,Women,40-49,Individual contributor,< 1 year,Onsite,0,1,2026-05-14,8,5,3,4,3,2,3,2,2,4,4,4,4,2,4,3,3,3,4
R02249,T091,Commercial,US,North America,Non-binary / self-described,40-49,Individual contributor,1-2 years,Hybrid,0,1,2026-05-14,4,2,3,2,4,4,3,2,3,3,3,3,3,4,2,4,3,3,3
R02250,T091,Commercial,US,North America,Women,18-29,Individual contributor,1-2 years,Onsite,0,0,,,,,,,,,,,,,,,,,,,,
R02251,T091,Commercial,US,North America,Women,40-49,Manager,1-2 years,Hybrid,0,1,2026-05-22,7,3,3,3,3,4,4,2,3,3,4,4,5,3,4,3,3,3,4
R02252,T091,Commercial,US,North America,Men,30-39,Individual contributor,6-10 years,Onsite,0,1,2026-05-05,5,4,4,4,4,2,3,4,4,4,3,3,4,2,2,2,3,3,2
R02253,T091,Commercial,US,North America,Women,50-59,Manager,10 years +,Onsite,0,1,2026-05-15,9,5,4,5,4,5,4,3,4,4,3,3,4,4,4,4,4,3,3
R02254,T091,Commercial,US,North America,Men,50-59,Individual contributor,< 1 year,Onsite,0,1,2026-05-15,8,5,4,4,3,4,3,3,4,4,2,1,2,4,5,3,3,3,4
R02255,T091,Commercial,US,North America,Men,18-29,Team lead,6-10 years,Hybrid,0,1,2026-05-18,10,4,4,2,3,2,3,4,3,5,2,2,2,4,5,3,4,4,4
R02256,T092,Commercial,PL,EMEA,Men,30-39,Individual contributor,3-5 years,Onsite,0,1,2026-05-15,8,5,4,3,2,2,1,4,4,4,4,3,4,3,4,5,4,3,3
R02257,T092,Commercial,PL,EMEA,Women,30-39,Individual contributor,< 1 year,Onsite,0,1,2026-05-22,5,5,5,4,1,3,2,2,3,4,2,1,2,3,2,3,4,2,1
R02258,T092,Commercial,PL,EMEA,Men,50-59,Individual contributor,< 1 year,Onsite,0,1,2026-05-22,9,4,4,4,3,4,3,3,5,5,5,4,5,4,5,5,5,5,5
R02259,T092,Commercial,PL,EMEA,Men,40-49,Individual contributor,1-2 years,Onsite,0,1,2026-05-08,8,4,5,5,4,4,4,4,4,5,4,3,4,4,4,4,4,4,3
R02260,T092,Commercial,PL,EMEA,Non-binary / self-described,18-29,Individual contributor,3-5 years,Hybrid,0,1,2026-05-11,4,5,5,5,3,3,5,2,3,3,1,1,2,3,3,3,5,5,4
R02261,T092,Commercial,PL,EMEA,Men,30-39,Individual contributor,< 1 year,Onsite,0,1,2026-05-21,8,4,4,4,5,5,5,3,3,4,3,3,5,5,5,4,5,5,4
R02262,T092,Commercial,PL,EMEA,Non-binary / self-described,40-49,Team lead,< 1 year,Onsite,0,1,2026-05-15,6,5,5,4,3,4,3,2,4,4,4,4,5,5,5,4,4,3,3
R02263,T092,Commercial,PL,EMEA,Men,18-29,Individual contributor,1-2 years,Onsite,0,1,2026-05-07,8,4,4,3,4,3,1,4,4,4,3,4,4,4,3,3,4,3,4
R02264,T092,Commercial,PL,EMEA,Men,18-29,Manager,< 1 year,Hybrid,0,0,,,,,,,,,,,,,,,,,,,,
R02265,T092,Commercial,PL,EMEA,Men,60+,Individual contributor,6-10 years,Remote,0,1,2026-05-16,6,4,4,4,2,2,2,2,3,3,4,3,5,5,5,5,5,3,3
R02266,T092,Commercial,PL,EMEA,Men,30-39,Individual contributor,1-2 years,Hybrid,0,1,2026-05-15,8,3,3,3,4,3,3,2,2,2,3,3,3,5,5,5,5,4,5
R02267,T092,Commercial,PL,EMEA,Women,40-49,Individual contributor,3-5 years,Onsite,0,0,,,,,,,,,,,,,,,,,,,,
R02268,T092,Commercial,PL,EMEA,Women,50-59,Team lead,1-2 years,Onsite,0,1,2026-05-21,7,4,5,5,3,4,3,2,2,3,3,4,4,5,5,5,2,3,3
R02269,T092,Commercial,PL,EMEA,Men,40-49,Individual contributor,1-2 years,Onsite,0,0,,,,,,,,,,,,,,,,,,,,
R02270,T092,Commercial,PL,EMEA,Men,50-59,Team lead,3-5 years,Onsite,0,1,2026-05-20,7,4,3,4,5,4,5,3,4,3,4,4,5,5,5,5,3,4,3
R02271,T092,Commercial,PL,EMEA,Men,50-59,Individual contributor,1-2 years,Hybrid,0,1,2026-05-07,7,4,3,3,3,4,3,3,4,5,4,4,5,4,4,4,4,4,3
R02272,T092,Commercial,PL,EMEA,Women,40-49,Individual contributor,3-5 years,Hybrid,0,0,,,,,,,,,,,,,,,,,,,,
R02273,T092,Commercial,PL,EMEA,Women,50-59,Manager,3-5 years,Onsite,0,1,2026-05-09,7,3,5,5,5,5,4,3,4,4,5,4,4,5,4,3,5,5,5
R02274,T092,Commercial,PL,EMEA,Men,50-59,Individual contributor,10 years +,Hybrid,0,1,2026-05-16,9,5,5,5,4,4,4,5,4,4,3,2,4,4,4,5,5,5,5
R02275,T092,Commercial,PL,EMEA,Women,40-49,Team lead,1-2 years,Hybrid,0,0,,,,,,,,,,,,,,,,,,,,
R02276,T092,Commercial,PL,EMEA,Women,40-49,Individual contributor,6-10 years,Hybrid,0,1,2026-05-11,7,4,4,4,4,5,4,3,3,2,2,2,4,4,3,4,3,3,4
R02277,T092,Commercial,PL,EMEA,Women,40-49,Team lead,3-5 years,Hybrid,0,1,2026-05-18,9,4,5,4,3,3,1,2,4,5,3,4,5,2,3,2,3,5,4
R02278,T092,Commercial,PL,EMEA,Men,40-49,Individual contributor,6-10 years,Onsite,0,0,,,,,,,,,,,,,,,,,,,,
R02279,T092,Commercial,PL,EMEA,Men,30-39,Individual contributor,1-2 years,Hybrid,0,1,2026-05-19,9,5,5,4,4,4,3,1,3,4,2,1,2,4,4,2,4,5,4
R02280,T092,Commercial,PL,EMEA,Women,30-39,Individual contributor,6-10 years,Onsite,0,1,2026-05-10,5,3,3,3,3,3,2,4,2,3,2,2,2,4,4,5,3,2,4
R02281,T092,Commercial,PL,EMEA,Men,30-39,Individual contributor,1-2 years,Hybrid,0,1,2026-05-04,8,5,5,4,4,3,2,2,2,3,4,2,3,3,3,3,2,4,3
R02282,T093,Commercial,CA,North America,Men,50-59,Individual contributor,1-2 years,Onsite,0,0,,,,,,,,,,,,,,,,,,,,
R02283,T093,Commercial,CA,North America,Women,50-59,Individual contributor,1-2 years,Onsite,0,1,2026-05-06,5,3,4,3,4,3,4,3,3,3,2,2,2,4,3,3,3,3,3
R02284,T093,Commercial,CA,North America,Men,30-39,Individual contributor,3-5 years,Onsite,0,0,,,,,,,,,,,,,,,,,,,,
R02285,T093,Commercial,CA,North America,Women,18-29,Manager,1-2 years,Hybrid,0,1,2026-05-13,9,5,5,5,4,5,5,3,3,5,5,4,2,4,4,5,5,5,5
R02286,T093,Commercial,CA,North America,Men,60+,Individual contributor,3-5 years,Hybrid,0,0,,,,,,,,,,,,,,,,,,,,
R02287,T093,Commercial,CA,North America,Men,30-39,Individual contributor,6-10 years,Hybrid,0,0,,,,,,,,,,,,,,,,,,,,
R02288,T093,Commercial,CA,North America,Women,30-39,Senior leader,< 1 year,Hybrid,0,1,2026-05-04,8,3,4,3,2,5,4,4,4,2,4,5,4,4,3,3,5,3,4
R02289,T093,Commercial,CA,North America,Men,40-49,Individual contributor,6-10 years,Hybrid,0,1,2026-05-13,6,4,3,4,3,5,4,2,3,3,2,1,3,2,2,2,5,4,4
R02290,T093,Commercial,CA,North America,Non-binary / self-described,18-29,Individual contributor,10 years +,Onsite,0,1,2026-05-09,4,3,3,2,2,2,3,2,2,3,3,4,4,3,2,3,4,3,3
R02291,T093,Commercial,CA,North America,Women,60+,Individual contributor,1-2 years,Remote,0,0,,,,,,,,,,,,,,,,,,,,
R02292,T093,Commercial,CA,North America,Women,30-39,Individual contributor,6-10 years,Hybrid,0,1,2026-05-05,6,4,4,4,2,1,2,3,3,3,3,3,3,4,2,1,4,4,3
R02293,T093,Commercial,CA,North America,Men,18-29,Manager,< 1 year,Onsite,0,1,2026-05-15,9,4,5,3,2,4,3,3,3,4,3,4,4,3,5,4,4,4,4
R02294,T093,Commercial,CA,North America,Women,18-29,Individual contributor,6-10 years,Hybrid,0,1,2026-05-19,6,3,2,2,3,4,4,2,2,3,1,1,1,5,5,4,3,3,3
R02295,T093,Commercial,CA,North America,Men,18-29,Manager,1-2 years,Onsite,0,1,2026-05-05,9,3,2,3,4,4,4,3,4,3,1,3,2,5,5,5,3,4,4
R02296,T093,Commercial,CA,North America,Women,30-39,Individual contributor,6-10 years,Onsite,0,1,2026-05-05,9,4,3,3,3,5,3,3,4,5,3,4,4,2,1,1,4,3,4
R02297,T093,Commercial,CA,North America,Women,18-29,Individual contributor,1-2 years,Onsite,0,0,,,,,,,,,,,,,,,,,,,,
R02298,T093,Commercial,CA,North America,Women,40-49,Individual contributor,6-10 years,Hybrid,0,1,2026-05-12,6,4,3,3,3,2,2,2,2,3,2,2,3,3,3,2,3,3,3
R02299,T093,Commercial,CA,North America,Women,30-39,Individual contributor,1-2 years,Hybrid,0,1,2026-05-16,8,4,4,4,4,5,5,3,2,3,3,3,4,5,4,4,4,4,3
R02300,T093,Commercial,CA,North America,Women,30-39,Individual contributor,1-2 years,Onsite,0,0,,,,,,,,,,,,,,,,,,,,
R02301,T093,Commercial,CA,North America,Men,18-29,Individual contributor,3-5 years,Hybrid,0,1,2026-05-15,6,4,3,5,4,5,3,3,4,3,2,2,2,3,4,3,4,5,3
R02302,T093,Commercial,CA,North America,Women,30-39,Individual contributor,3-5 years,Onsite,0,1,2026-05-22,8,5,4,4,3,4,4,3,2,2,2,2,5,4,4,3,4,4,3
R02303,T093,Commercial,CA,North America,Men,50-59,Individual contributor,10 years +,Hybrid,0,1,2026-05-22,5,4,5,5,3,4,2,3,3,5,3,5,3,2,3,3,4,3,2
R02304,T093,Commercial,CA,North America,Men,30-39,Individual contributor,< 1 year,Onsite,0,1,2026-05-05,10,4,4,4,3,5,4,3,3,4,4,2,3,5,5,5,5,5,5
R02305,T093,Commercial,CA,North America,Men,40-49,Individual contributor,3-5 years,Onsite,0,1,2026-05-13,7,4,4,4,3,4,3,4,2,4,3,4,2,3,2,3,2,3,2
R02306,T093,Commercial,CA,North America,Men,60+,Individual contributor,< 1 year,Hybrid,0,1,2026-05-04,9,4,5,4,3,3,3,3,4,4,2,2,3,3,4,4,4,5,3
R02307,T093,Commercial,CA,North America,Women,40-49,Individual contributor,3-5 years,Remote,0,1,2026-05-06,7,4,4,2,2,4,3,2,2,1,4,4,4,4,3,3,3,4,3
R02308,T093,Commercial,CA,North America,Men,40-49,Individual contributor,3-5 years,Hybrid,0,1,2026-05-04,6,4,2,3,4,5,5,3,2,3,4,2,3,4,3,3,3,4,2
R02309,T093,Commercial,CA,North America,Men,18-29,Individual contributor,3-5 years,Onsite,0,1,2026-05-12,6,5,5,4,3,4,3,2,2,3,2,1,2,3,3,3,4,4,3
R02310,T094,Commercial,IN,APAC,Women,40-49,Individual contributor,1-2 years,Onsite,0,1,2026-05-21,9,4,5,3,4,3,2,5,4,4,4,4,2,4,5,4,4,4,4
R02311,T094,Commercial,IN,APAC,Women,50-59,Individual contributor,1-2 years,Hybrid,0,0,,,,,,,,,,,,,,,,,,,,
R02312,T094,Commercial,IN,APAC,Men,50-59,Individual contributor,< 1 year,Hybrid,0,0,,,,,,,,,,,,,,,,,,,,
R02313,T094,Commercial,IN,APAC,Men,30-39,Individual contributor,3-5 years,Hybrid,0,1,2026-05-16,6,4,5,4,4,2,3,2,4,4,3,4,3,4,3,2,3,4,3
R02314,T094,Commercial,IN,APAC,Men,50-59,Team lead,10 years +,Hybrid,0,1,2026-05-13,10,5,5,5,3,3,4,4,3,5,4,3,4,5,5,4,4,4,5
R02315,T094,Commercial,IN,APAC,Women,40-49,Individual contributor,6-10 years,Onsite,0,1,2026-05-18,8,4,4,3,3,4,3,5,4,5,2,2,3,4,5,4,4,3,3
R02316,T094,Commercial,IN,APAC,Men,40-49,Individual contributor,< 1 year,Onsite,0,0,,,,,,,,,,,,,,,,,,,,
R02317,T094,Commercial,IN,APAC,Non-binary / self-described,50-59,Individual contributor,1-2 years,Hybrid,0,1,2026-05-15,9,5,4,5,5,4,5,4,4,4,1,2,3,5,5,5,5,5,5
R02318,T095,Commercial,US,North America,Women,50-59,Manager,3-5 years,Onsite,0,1,2026-05-05,6,4,5,4,1,3,2,3,2,3,2,2,4,4,5,4,4,4,3
R02319,T095,Commercial,US,North America,Men,50-59,Individual contributor,3-5 years,Hybrid,0,1,2026-05-13,6,4,4,4,2,3,2,3,3,3,3,2,5,3,3,2,4,4,3
R02320,T095,Commercial,US,North America,Men,18-29,Manager,10 years +,Onsite,0,1,2026-05-04,9,3,4,2,4,5,5,4,2,4,3,4,4,4,3,4,5,4,4
R02321,T095,Commercial,US,North America,Women,50-59,Individual contributor,1-2 years,Hybrid,0,0,,,,,,,,,,,,,,,,,,,,
R02322,T095,Commercial,US,North America,Men,30-39,Individual contributor,6-10 years,Onsite,0,1,2026-05-17,4,3,3,3,2,2,3,5,4,3,3,4,4,3,2,1,2,3,2
R02323,T095,Commercial,US,North America,Non-binary / self-described,30-39,Individual contributor,3-5 years,Hybrid,0,1,2026-05-06,6,3,4,3,4,5,3,5,5,5,4,4,4,5,3,3,4,3,3
R02324,T095,Commercial,US,North America,Men,30-39,Manager,6-10 years,Hybrid,0,1,2026-05-21,9,2,2,1,4,4,3,5,3,5,2,2,3,5,5,3,5,4,4
R02325,T095,Commercial,US,North America,Men,40-49,Individual contributor,< 1 year,Onsite,0,1,2026-05-15,6,5,4,4,4,3,4,3,4,3,4,3,4,2,3,3,2,4,3
R02326,T095,Commercial,US,North America,Women,40-49,Manager,< 1 year,Hybrid,0,1,2026-05-16,7,3,3,4,4,4,4,5,4,5,5,5,5,4,4,3,5,4,3
R02327,T095,Commercial,US,North America,Women,18-29,Individual contributor,3-5 years,Onsite,0,1,2026-05-06,7,3,2,4,4,4,4,2,2,2,5,3,4,4,2,2,3,3,2
R02328,T095,Commercial,US,North America,Men,30-39,Individual contributor,< 1 year,Onsite,0,1,2026-05-04,9,5,5,5,5,3,4,4,3,4,3,4,4,4,3,3,4,4,4
R02329,T095,Commercial,US,North America,Women,60+,Individual contributor,1-2 years,Hybrid,0,1,2026-05-05,7,4,3,2,5,3,3,4,3,4,4,4,3,4,4,3,2,2,2
R02330,T095,Commercial,US,North America,Women,30-39,Individual contributor,10 years +,Onsite,1,1,2026-05-20,8,4,4,3,4,3,3,4,3,3,4,2,3,3,4,3,4,4,4
R02331,T095,Commercial,US,North America,Women,18-29,Individual contributor,10 years +,Hybrid,0,0,,,,,,,,,,,,,,,,,,,,
R02332,T095,Commercial,US,North America,Men,18-29,Individual contributor,6-10 years,Hybrid,0,0,,,,,,,,,,,,,,,,,,,,
R02333,T095,Commercial,US,North America,Women,50-59,Manager,1-2 years,Onsite,0,1,2026-05-05,9,4,5,4,3,3,1,5,4,5,4,5,4,5,5,4,5,5,5
R02334,T095,Commercial,US,North America,Men,40-49,Team lead,1-2 years,Hybrid,0,1,2026-05-18,6,4,5,4,3,3,3,3,2,4,3,4,4,3,3,3,3,3,3
R02335,T095,Commercial,US,North America,Men,50-59,Individual contributor,1-2 years,Onsite,0,1,2026-05-18,7,4,4,5,5,5,5,3,4,4,2,2,2,4,5,3,3,4,4
R02336,T095,Commercial,US,North America,Men,18-29,Team lead,3-5 years,Hybrid,0,0,,,,,,,,,,,,,,,,,,,,
R02337,T095,Commercial,US,North America,Women,50-59,Manager,3-5 years,Onsite,0,1,2026-05-08,8,5,4,4,2,3,4,2,2,2,3,3,3,1,2,3,4,4,3
R02338,T095,Commercial,US,North America,Men,40-49,Manager,6-10 years,Onsite,1,0,,,,,,,,,,,,,,,,,,,,
R02339,T095,Commercial,US,North America,Non-binary / self-described,18-29,Team lead,3-5 years,Hybrid,0,1,2026-05-14,7,4,3,4,2,2,2,2,2,3,2,4,3,3,4,2,4,2,4
R02340,T095,Commercial,US,North America,Women,30-39,Individual contributor,< 1 year,Onsite,1,1,2026-05-04,10,3,5,4,5,5,5,3,3,4,4,2,4,2,2,2,4,4,3
R02341,T095,Commercial,US,North America,Men,60+,Individual contributor,3-5 years,Remote,0,1,2026-05-05,8,3,3,4,4,4,4,5,5,5,3,4,5,4,2,2,4,4,3
R02342,T095,Commercial,US,North America,Non-binary / self-described,40-49,Individual contributor,6-10 years,Onsite,1,0,,,,,,,,,,,,,,,,,,,,
R02343,T095,Commercial,US,North America,Women,50-59,Team lead,6-10 years,Hybrid,0,1,2026-05-19,6,3,5,4,5,5,4,4,3,4,2,3,4,3,4,3,4,4,3
R02344,T095,Commercial,US,North America,Men,60+,Individual contributor,3-5 years,Hybrid,0,1,2026-05-05,7,3,3,2,4,3,4,4,4,4,4,4,3,4,3,3,3,4,4
R02345,T096,Commercial,US,North America,Men,30-39,Individual contributor,1-2 years,Onsite,1,1,2026-05-06,7,4,4,4,4,5,5,4,4,3,4,5,4,2,4,3,4,3,4
R02346,T096,Commercial,US,North America,Men,30-39,Senior leader,10 years +,Hybrid,0,1,2026-05-04,8,5,5,5,3,3,3,5,5,5,3,2,2,5,4,4,4,4,4
R02347,T096,Commercial,US,North America,Men,30-39,Individual contributor,6-10 years,Hybrid,0,0,,,,,,,,,,,,,,,,,,,,
R02348,T096,Commercial,US,North America,Women,40-49,Individual contributor,3-5 years,Onsite,0,0,,,,,,,,,,,,,,,,,,,,
R02349,T096,Commercial,US,North America,Women,18-29,Individual contributor,< 1 year,Onsite,0,1,2026-05-18,4,4,4,3,4,4,5,4,3,5,2,3,3,4,3,5,3,3,2
R02350,T097,Commercial,IN,APAC,Men,50-59,Team lead,10 years +,Onsite,0,1,2026-05-06,6,5,5,4,4,4,4,5,5,5,2,2,3,4,3,4,3,3,2
R02351,T097,Commercial,IN,APAC,Non-binary / self-described,30-39,Individual contributor,10 years +,Onsite,0,1,2026-05-22,10,3,5,4,3,3,4,3,2,3,4,3,4,2,3,2,5,3,4
R02352,T097,Commercial,IN,APAC,Non-binary / self-described,50-59,Individual contributor,6-10 years,Hybrid,0,0,,,,,,,,,,,,,,,,,,,,
R02353,T097,Commercial,IN,APAC,Men,40-49,Individual contributor,1-2 years,Onsite,0,1,2026-05-15,7,3,3,2,5,5,5,4,4,3,4,3,3,4,5,4,4,3,3
R02354,T097,Commercial,IN,APAC,Women,30-39,Individual contributor,6-10 years,Onsite,0,1,2026-05-04,9,5,5,4,5,4,3,4,2,3,2,2,3,2,3,2,4,4,3
R02355,T097,Commercial,IN,APAC,Men,40-49,Individual contributor,1-2 years,Hybrid,0,1,2026-05-06,9,4,5,4,3,5,3,4,3,4,4,4,5,5,5,3,5,4,4
R02356,T097,Commercial,IN,APAC,Men,30-39,Individual contributor,1-2 years,Onsite,0,1,2026-05-22,8,4,4,3,3,3,3,2,3,4,3,3,2,3,4,3,5,4,5
R02357,T097,Commercial,IN,APAC,Women,50-59,Individual contributor,3-5 years,Onsite,0,0,,,,,,,,,,,,,,,,,,,,
R02358,T097,Commercial,IN,APAC,Women,30-39,Individual contributor,3-5 years,Hybrid,0,1,2026-05-05,8,3,4,3,3,4,4,2,3,2,3,1,4,3,4,3,4,2,3
R02359,T097,Commercial,IN,APAC,Women,40-49,Team lead,3-5 years,Onsite,0,1,2026-05-05,6,4,4,2,3,4,2,2,2,2,3,4,2,4,4,4,4,3,3
R02360,T097,Commercial,IN,APAC,Men,40-49,Individual contributor,10 years +,Onsite,0,1,2026-05-15,8,3,2,3,5,4,5,3,3,4,3,3,5,3,3,1,3,2,4
R02361,T097,Commercial,IN,APAC,Women,40-49,Individual contributor,6-10 years,Onsite,0,0,,,,,,,,,,,,,,,,,,,,
R02362,T097,Commercial,IN,APAC,Women,30-39,Team lead,1-2 years,Remote,0,0,,,,,,,,,,,,,,,,,,,,
R02363,T097,Commercial,IN,APAC,Women,50-59,Individual contributor,3-5 years,Onsite,0,0,,,,,,,,,,,,,,,,,,,,
R02364,T097,Commercial,IN,APAC,Women,30-39,Individual contributor,6-10 years,Remote,0,1,2026-05-12,6,4,4,4,4,2,5,2,3,2,4,5,3,5,5,3,5,3,3
R02365,T097,Commercial,IN,APAC,Women,50-59,Individual contributor,3-5 years,Hybrid,0,1,2026-05-15,7,3,2,3,4,3,4,4,3,4,3,3,4,4,4,4,5,4,4
R02366,T097,Commercial,IN,APAC,Women,40-49,Individual contributor,3-5 years,Hybrid,0,0,,,,,,,,,,,,,,,,,,,,
R02367,T097,Commercial,IN,APAC,Men,40-49,Individual contributor,< 1 year,Onsite,0,1,2026-05-11,6,4,5,3,4,4,4,4,3,3,2,2,2,3,4,3,4,3,3
R02368,T097,Commercial,IN,APAC,Men,18-29,Individual contributor,1-2 years,Onsite,0,1,2026-05-15,7,5,4,5,4,4,3,3,3,4,4,2,2,3,3,3,3,3,4
R02369,T097,Commercial,IN,APAC,Men,18-29,Team lead,< 1 year,Onsite,0,1,2026-05-15,6,5,5,4,1,3,3,4,4,3,3,3,3,3,3,2,4,3,4
R02370,T097,Commercial,IN,APAC,Men,30-39,Team lead,< 1 year,Onsite,0,1,2026-05-04,7,5,4,5,3,3,3,3,4,3,2,1,2,2,4,3,3,4,3
R02371,T097,Commercial,IN,APAC,Men,30-39,Individual contributor,3-5 years,Remote,0,1,2026-05-05,6,4,4,5,3,4,3,4,3,4,1,2,3,2,2,3,4,3,3
R02372,T097,Commercial,IN,APAC,Men,50-59,Individual contributor,1-2 years,Hybrid,0,1,2026-05-22,8,4,4,4,3,4,3,4,3,4,3,4,2,2,4,3,3,4,3
R02373,T097,Commercial,IN,APAC,Women,18-29,Individual contributor,< 1 year,Remote,0,1,2026-05-06,6,3,4,3,4,4,4,2,4,4,2,2,3,3,4,3,3,3,2
R02374,T097,Commercial,IN,APAC,Women,30-39,Manager,3-5 years,Hybrid,0,1,2026-05-05,10,5,5,5,3,4,5,3,4,3,4,4,4,5,5,4,5,5,5
R02375,T097,Commercial,IN,APAC,Women,40-49,Individual contributor,6-10 years,Onsite,0,1,2026-05-22,8,2,2,2,4,4,4,3,4,3,4,4,4,3,4,4,4,3,3
R02376,T097,Commercial,IN,APAC,Women,40-49,Individual contributor,< 1 year,Remote,0,1,2026-05-22,6,4,5,4,3,4,3,4,4,4,2,2,2,4,5,4,3,3,2
R02377,T097,Commercial,IN,APAC,Men,40-49,Individual contributor,1-2 years,Hybrid,0,1,2026-05-08,6,4,4,5,5,4,5,3,4,3,2,3,3,3,3,3,3,3,3
R02378,T097,Commercial,IN,APAC,Non-binary / self-described,30-39,Individual contributor,3-5 years,Remote,0,1,2026-05-16,6,2,2,3,4,4,2,3,2,4,2,2,3,2,4,4,3,3,2
R02379,T097,Commercial,IN,APAC,Women,40-49,Individual contributor,3-5 years,Onsite,0,1,2026-05-15,7,3,4,4,3,2,2,4,3,4,4,2,3,4,4,4,3,3,3
R02380,T097,Commercial,IN,APAC,Men,18-29,Team lead,< 1 year,Onsite,0,0,,,,,,,,,,,,,,,,,,,,
R02381,T098,Commercial,US,North America,Women,40-49,Individual contributor,1-2 years,Onsite,0,1,2026-05-19,10,5,5,5,4,5,5,5,5,5,5,4,5,5,5,5,5,4,5
R02382,T098,Commercial,US,North America,Women,40-49,Individual contributor,1-2 years,Onsite,0,1,2026-05-18,9,5,5,5,5,5,5,4,4,4,5,5,5,5,5,5,5,5,5
R02383,T098,Commercial,US,North America,Women,30-39,Team lead,6-10 years,Hybrid,0,0,,,,,,,,,,,,,,,,,,,,
R02384,T098,Commercial,US,North America,Men,50-59,Individual contributor,1-2 years,Hybrid,0,1,2026-05-16,10,4,5,5,3,5,5,3,4,4,2,2,4,5,5,5,5,5,5
R02385,T098,Commercial,US,North America,Women,30-39,Team lead,3-5 years,Hybrid,0,1,2026-05-21,10,4,5,5,3,3,3,3,4,5,4,4,4,4,5,5,5,4,5
R02386,T098,Commercial,US,North America,Men,30-39,Individual contributor,1-2 years,Onsite,0,1,2026-05-19,10,5,5,5,3,4,4,5,4,4,5,5,5,4,4,4,5,5,4
R02387,T098,Commercial,US,North America,Men,18-29,Individual contributor,< 1 year,Remote,0,1,2026-05-18,10,4,4,4,4,4,4,4,4,4,3,3,4,5,5,4,4,4,3
R02388,T098,Commercial,US,North America,Women,30-39,Manager,1-2 years,Hybrid,0,1,2026-05-07,10,5,5,5,4,5,5,5,5,5,5,5,5,5,5,5,5,5,5
R02389,T098,Commercial,US,North America,Men,30-39,Individual contributor,< 1 year,Remote,0,1,2026-05-13,8,5,5,5,5,5,4,5,4,5,4,3,3,4,4,3,4,5,4
R02390,T098,Commercial,US,North America,Women,30-39,Individual contributor,6-10 years,Hybrid,0,1,2026-05-06,9,4,3,4,2,4,3,3,4,4,3,4,4,5,5,4,4,4,5
R02391,T098,Commercial,US,North America,Women,30-39,Team lead,3-5 years,Onsite,0,1,2026-05-13,10,5,5,5,2,4,4,5,4,5,5,5,5,5,5,4,5,5,5
R02392,T098,Commercial,US,North America,Women,40-49,Individual contributor,6-10 years,Hybrid,0,1,2026-05-22,8,5,5,4,5,4,5,5,5,5,3,4,5,4,4,2,5,4,5
R02393,T098,Commercial,US,North America,Men,30-39,Individual contributor,< 1 year,Onsite,0,1,2026-05-06,9,5,5,4,4,4,4,5,5,5,2,3,3,5,5,5,5,4,5
R02394,T098,Commercial,US,North America,Men,30-39,Individual contributor,3-5 years,Hybrid,0,1,2026-05-12,6,5,5,4,5,4,4,5,4,5,3,5,5,5,5,5,4,3,3
R02395,T098,Commercial,US,North America,Men,30-39,Individual contributor,1-2 years,Hybrid,0,1,2026-05-08,9,4,5,4,4,5,3,5,5,4,5,5,5,5,5,5,5,5,4
R02396,T098,Commercial,US,North America,Men,30-39,Individual contributor,1-2 years,Hybrid,0,1,2026-05-15,10,5,5,5,4,4,5,4,4,5,4,2,3,4,5,4,4,4,3
R02397,T098,Commercial,US,North America,Women,40-49,Individual contributor,10 years +,Onsite,0,0,,,,,,,,,,,,,,,,,,,,
R02398,T098,Commercial,US,North America,Women,30-39,Individual contributor,3-5 years,Hybrid,0,0,,,,,,,,,,,,,,,,,,,,
R02399,T099,Commercial,DE,EMEA,Men,40-49,Individual contributor,< 1 year,Onsite,0,1,2026-05-11,7,4,4,4,3,5,3,4,4,4,5,5,5,4,5,4,3,3,4
R02400,T099,Commercial,DE,EMEA,Men,18-29,Team lead,6-10 years,Hybrid,0,0,,,,,,,,,,,,,,,,,,,,
R02401,T099,Commercial,DE,EMEA,Men,18-29,Individual contributor,< 1 year,Hybrid,0,0,,,,,,,,,,,,,,,,,,,,
R02402,T099,Commercial,DE,EMEA,Men,30-39,Individual contributor,1-2 years,Onsite,0,0,,,,,,,,,,,,,,,,,,,,
R02403,T099,Commercial,DE,EMEA,Men,40-49,Individual contributor,3-5 years,Onsite,0,1,2026-05-21,6,4,4,4,4,4,4,4,4,4,5,5,4,2,2,3,4,4,3
R02404,T099,Commercial,DE,EMEA,Women,30-39,Team lead,1-2 years,Onsite,0,1,2026-05-08,8,4,4,5,3,4,2,2,3,3,4,4,3,4,4,3,4,5,4
R02405,T099,Commercial,DE,EMEA,Women,30-39,Manager,1-2 years,Onsite,0,1,2026-05-17,6,4,4,3,2,2,3,4,3,4,4,3,4,4,4,4,3,4,3
R02406,T099,Commercial,DE,EMEA,Women,18-29,Individual contributor,1-2 years,Hybrid,0,0,,,,,,,,,,,,,,,,,,,,
R02407,T099,Commercial,DE,EMEA,Non-binary / self-described,18-29,Individual contributor,3-5 years,Hybrid,0,1,2026-05-05,5,3,4,4,4,4,4,4,3,4,3,4,4,3,2,3,4,3,3
R02408,T099,Commercial,DE,EMEA,Men,40-49,Individual contributor,3-5 years,Remote,0,1,2026-05-21,9,3,5,4,3,3,5,4,2,4,3,4,4,4,3,3,5,4,3
R02409,T099,Commercial,DE,EMEA,Women,30-39,Team lead,1-2 years,Remote,0,1,2026-05-06,10,4,5,5,5,5,5,4,5,4,2,2,3,4,4,4,5,4,5
R02410,T099,Commercial,DE,EMEA,Non-binary / self-described,60+,Team lead,1-2 years,Hybrid,0,1,2026-05-06,9,4,4,2,5,5,5,4,3,3,2,4,2,3,3,4,4,4,4
R02411,T099,Commercial,DE,EMEA,Women,18-29,Individual contributor,6-10 years,Onsite,0,1,2026-05-16,7,3,4,4,4,3,4,3,2,3,4,2,3,3,4,5,3,2,4
R02412,T099,Commercial,DE,EMEA,Women,40-49,Team lead,6-10 years,Remote,0,1,2026-05-19,8,3,4,2,5,3,5,4,3,4,2,3,4,3,4,4,3,3,4
R02413,T099,Commercial,DE,EMEA,Men,18-29,Individual contributor,10 years +,Hybrid,0,1,2026-05-04,6,3,4,4,2,2,3,1,1,1,3,2,4,3,3,2,4,3,2
R02414,T099,Commercial,DE,EMEA,Women,60+,Individual contributor,3-5 years,Hybrid,0,1,2026-05-04,5,4,3,4,5,3,4,4,3,4,2,2,2,4,4,3,2,2,2
R02415,T099,Commercial,DE,EMEA,Men,30-39,Individual contributor,< 1 year,Hybrid,0,1,2026-05-06,10,4,3,3,5,5,5,3,4,2,3,3,4,5,4,3,5,4,5
R02416,T099,Commercial,DE,EMEA,Women,18-29,Individual contributor,1-2 years,Onsite,0,0,,,,,,,,,,,,,,,,,,,,
R02417,T099,Commercial,DE,EMEA,Women,30-39,Individual contributor,3-5 years,Onsite,0,1,2026-05-05,5,4,4,3,4,4,5,3,2,3,3,5,4,4,4,3,2,2,1
R02418,T099,Commercial,DE,EMEA,Women,30-39,Manager,3-5 years,Onsite,0,1,2026-05-09,7,4,4,5,5,4,5,3,4,4,3,3,3,4,4,4,5,5,5
R02419,T099,Commercial,DE,EMEA,Women,30-39,Manager,1-2 years,Hybrid,0,1,2026-05-11,8,5,4,3,4,5,3,4,4,4,4,3,3,3,3,5,4,4,4
R02420,T099,Commercial,DE,EMEA,Women,40-49,Individual contributor,1-2 years,Onsite,0,0,,,,,,,,,,,,,,,,,,,,
R02421,T099,Commercial,DE,EMEA,Women,30-39,Individual contributor,1-2 years,Onsite,0,0,,,,,,,,,,,,,,,,,,,,
R02422,T099,Commercial,DE,EMEA,Women,30-39,Individual contributor,3-5 years,Hybrid,0,1,2026-05-04,9,3,4,3,4,5,5,4,5,5,4,4,4,3,4,2,4,3,4
R02423,T099,Commercial,DE,EMEA,Women,40-49,Individual contributor,3-5 years,Remote,0,1,2026-05-06,8,5,5,5,5,5,4,4,4,4,4,3,3,3,3,3,5,4,4
R02424,T100,Commercial,US,North America,Men,18-29,Individual contributor,1-2 years,Hybrid,0,0,,,,,,,,,,,,,,,,,,,,
R02425,T100,Commercial,US,North America,Women,60+,Individual contributor,3-5 years,Onsite,0,1,2026-05-21,8,3,4,4,4,4,5,5,5,5,5,5,5,3,5,3,4,4,4
R02426,T100,Commercial,US,North America,Men,50-59,Team lead,1-2 years,Hybrid,0,0,,,,,,,,,,,,,,,,,,,,
R02427,T100,Commercial,US,North America,Women,40-49,Individual contributor,1-2 years,Remote,0,1,2026-05-21,8,4,4,4,3,4,3,3,4,5,4,4,4,5,5,4,4,4,3
R02428,T100,Commercial,US,North America,Women,30-39,Individual contributor,< 1 year,Onsite,0,1,2026-05-06,10,3,3,3,5,5,5,4,4,5,3,4,4,5,5,5,5,5,5
R02429,T100,Commercial,US,North America,Men,30-39,Individual contributor,1-2 years,Onsite,0,1,2026-05-22,7,4,5,5,3,4,3,4,4,3,3,1,3,4,5,3,4,3,4
R02430,T100,Commercial,US,North America,Non-binary / self-described,40-49,Individual contributor,1-2 years,Onsite,0,0,,,,,,,,,,,,,,,,,,,,
R02431,T100,Commercial,US,North America,Women,18-29,Team lead,10 years +,Onsite,0,1,2026-05-12,9,5,5,5,4,5,4,3,4,4,4,3,4,4,3,3,5,4,2
R02432,T100,Commercial,US,North America,Men,40-49,Individual contributor,3-5 years,Hybrid,0,1,2026-05-05,9,5,5,5,4,4,4,2,4,3,4,5,4,5,5,4,5,5,3
R02433,T100,Commercial,US,North America,Men,40-49,Senior leader,3-5 years,Onsite,0,1,2026-05-14,8,4,5,5,4,5,5,5,5,5,4,4,5,5,5,4,5,4,4
R02434,T100,Commercial,US,North America,Non-binary / self-described,18-29,Individual contributor,< 1 year,Onsite,0,1,2026-05-17,9,4,4,4,4,3,4,2,4,2,3,2,3,4,5,4,4,3,4
R02435,T100,Commercial,US,North America,Women,50-59,Individual contributor,3-5 years,Onsite,0,1,2026-05-17,8,3,4,3,3,3,4,4,4,5,4,5,5,4,5,4,2,2,2
R02436,T100,Commercial,US,North America,Women,18-29,Individual contributor,6-10 years,Onsite,0,0,,,,,,,,,,,,,,,,,,,,
R02437,T100,Commercial,US,North America,Women,18-29,Individual contributor,6-10 years,Onsite,0,1,2026-05-21,7,4,5,4,4,5,5,4,4,5,3,3,4,5,5,4,3,4,2
R02438,T100,Commercial,US,North America,Women,18-29,Individual contributor,< 1 year,Onsite,0,0,,,,,,,,,,,,,,,,,,,,
R02439,T100,Commercial,US,North America,Women,40-49,Individual contributor,< 1 year,Hybrid,0,1,2026-05-05,9,5,5,4,5,5,4,4,2,4,5,5,5,5,5,5,5,5,5
R02440,T100,Commercial,US,North America,Men,50-59,Individual contributor,10 years +,Onsite,0,1,2026-05-15,8,3,4,4,5,4,4,5,4,5,3,3,4,4,5,4,5,5,4
R02441,T100,Commercial,US,North America,Women,40-49,Team lead,3-5 years,Hybrid,0,1,2026-05-11,7,4,5,4,3,3,4,3,3,4,1,2,2,5,4,5,4,4,3
R02442,T100,Commercial,US,North America,Men,18-29,Individual contributor,6-10 years,Hybrid,0,1,2026-05-16,9,5,4,5,3,4,4,4,3,4,4,3,4,5,4,5,5,5,4
R02443,T100,Commercial,US,North America,Men,30-39,Individual contributor,< 1 year,Onsite,0,1,2026-05-17,5,5,5,5,3,2,3,4,4,5,3,4,5,3,4,4,3,3,4
R02444,T100,Commercial,US,North America,Men,30-39,Individual contributor,3-5 years,Onsite,0,1,2026-05-09,6,4,4,5,5,5,5,3,3,4,3,2,3,4,3,4,2,4,2
R02445,T100,Commercial,US,North America,Non-binary / self-described,50-59,Team lead,3-5 years,Hybrid,0,1,2026-05-05,9,4,4,5,4,4,4,4,5,5,4,3,4,2,5,4,5,3,4
R02446,T100,Commercial,US,North America,Women,50-59,Individual contributor,10 years +,Onsite,0,1,2026-05-15,10,5,5,5,3,4,4,4,4,5,3,4,4,4,5,4,4,5,5
R02447,T100,Commercial,US,North America,Men,30-39,Individual contributor,1-2 years,Hybrid,0,1,2026-05-10,6,5,5,5,4,4,5,5,5,5,2,2,4,5,4,5,4,4,5
R02448,T100,Commercial,US,North America,Women,50-59,Individual contributor,3-5 years,Onsite,0,1,2026-05-17,8,4,4,4,3,3,3,4,4,5,3,2,3,5,5,4,5,4,4
R02449,T100,Commercial,US,North America,Women,18-29,Individual contributor,3-5 years,Onsite,0,1,2026-05-21,10,5,5,4,3,3,3,4,4,5,3,4,3,5,5,5,4,4,4
R02450,T100,Commercial,US,North America,Men,30-39,Team lead,1-2 years,Hybrid,0,1,2026-05-16,7,5,5,4,2,4,5,3,3,4,4,4,3,5,5,5,5,3,3
R02451,T100,Commercial,US,North America,Men,30-39,Team lead,6-10 years,Onsite,0,1,2026-05-06,8,5,5,5,3,5,3,4,4,4,4,3,5,5,4,5,4,4,4
R02452,T100,Commercial,US,North America,Men,30-39,Individual contributor,< 1 year,Onsite,0,1,2026-05-12,7,4,5,4,5,5,5,4,5,5,5,4,5,5,5,5,5,3,4
R02453,T101,Commercial,DE,EMEA,Men,18-29,Individual contributor,6-10 years,Onsite,0,0,,,,,,,,,,,,,,,,,,,,
R02454,T101,Commercial,DE,EMEA,Men,30-39,Team lead,3-5 years,Remote,0,1,2026-05-15,6,4,4,4,5,5,5,3,1,3,2,3,5,3,4,4,5,3,3
R02455,T101,Commercial,DE,EMEA,Non-binary / self-described,30-39,Individual contributor,6-10 years,Hybrid,0,1,2026-05-16,8,4,4,4,4,4,3,3,4,5,2,4,4,3,3,3,5,5,4
R02456,T101,Commercial,DE,EMEA,Women,50-59,Individual contributor,1-2 years,Onsite,0,1,2026-05-17,7,3,4,5,3,3,4,3,3,4,3,2,3,3,3,2,3,2,3
R02457,T101,Commercial,DE,EMEA,Women,30-39,Individual contributor,6-10 years,Onsite,0,1,2026-05-04,6,4,5,4,3,4,4,2,3,4,3,2,4,5,3,4,2,4,4
R02458,T101,Commercial,DE,EMEA,Women,30-39,Individual contributor,3-5 years,Onsite,0,1,2026-05-16,9,4,5,4,4,5,3,3,2,4,2,4,2,4,5,4,4,4,3
R02459,T101,Commercial,DE,EMEA,Women,30-39,Individual contributor,6-10 years,Onsite,0,0,,,,,,,,,,,,,,,,,,,,
R02460,T101,Commercial,DE,EMEA,Men,30-39,Individual contributor,6-10 years,Onsite,0,1,2026-05-17,9,3,3,3,4,3,3,4,3,4,5,4,4,4,4,3,4,5,4
R02461,T101,Commercial,DE,EMEA,Women,18-29,Manager,3-5 years,Onsite,0,1,2026-05-04,9,4,5,4,3,5,4,3,4,4,4,3,4,5,4,4,5,5,4
R02462,T101,Commercial,DE,EMEA,Women,40-49,Individual contributor,10 years +,Hybrid,0,0,,,,,,,,,,,,,,,,,,,,
R02463,T101,Commercial,DE,EMEA,Women,50-59,Individual contributor,1-2 years,Onsite,0,1,2026-05-05,8,4,5,5,3,2,2,5,4,5,2,3,3,4,4,4,5,5,5
R02464,T101,Commercial,DE,EMEA,Men,18-29,Individual contributor,10 years +,Hybrid,0,0,,,,,,,,,,,,,,,,,,,,
R02465,T101,Commercial,DE,EMEA,Men,18-29,Senior leader,6-10 years,Onsite,0,1,2026-05-08,10,4,5,4,5,4,3,4,5,5,4,5,5,3,4,3,5,5,4
R02466,T101,Commercial,DE,EMEA,Women,40-49,Individual contributor,3-5 years,Onsite,0,1,2026-05-05,6,2,5,3,4,4,3,4,3,4,2,3,3,4,4,4,4,3,1
R02467,T101,Commercial,DE,EMEA,Women,30-39,Individual contributor,1-2 years,Hybrid,0,1,2026-05-04,6,5,4,3,2,4,4,4,3,5,4,3,3,5,4,4,3,3,3
R02468,T101,Commercial,DE,EMEA,Women,18-29,Individual contributor,6-10 years,Remote,0,1,2026-05-09,6,4,5,4,3,3,2,3,3,2,3,4,3,3,3,3,3,2,3
R02469,T101,Commercial,DE,EMEA,Women,50-59,Individual contributor,1-2 years,Onsite,0,1,2026-05-22,10,5,5,4,4,3,4,3,3,4,4,3,2,4,5,5,5,5,4
R02470,T101,Commercial,DE,EMEA,Women,18-29,Team lead,3-5 years,Onsite,0,1,2026-05-19,9,5,5,5,5,5,5,2,2,2,2,3,3,2,1,4,4,4,4
R02471,T101,Commercial,DE,EMEA,Men,30-39,Individual contributor,< 1 year,Remote,0,1,2026-05-05,6,5,5,4,3,3,4,4,3,4,3,4,4,4,3,4,3,2,3
R02472,T101,Commercial,DE,EMEA,Men,40-49,Individual contributor,1-2 years,Hybrid,0,1,2026-05-15,10,5,5,4,4,4,4,5,3,4,5,3,5,5,5,4,5,5,3
R02473,T101,Commercial,DE,EMEA,Women,40-49,Manager,3-5 years,Onsite,0,1,2026-05-04,10,4,4,4,3,5,3,4,3,4,3,4,3,4,4,3,3,4,4
R02474,T101,Commercial,DE,EMEA,Men,18-29,Team lead,< 1 year,Onsite,0,1,2026-05-05,6,5,4,5,4,4,3,5,5,5,2,2,2,4,4,4,3,3,3
R02475,T101,Commercial,DE,EMEA,Men,30-39,Manager,1-2 years,Onsite,0,1,2026-05-04,7,4,3,5,5,5,5,4,4,4,5,4,4,3,4,4,5,4,4
R02476,T101,Commercial,DE,EMEA,Women,30-39,Individual contributor,1-2 years,Onsite,0,1,2026-05-21,8,5,4,5,3,4,4,3,3,5,4,4,5,4,4,3,3,4,3
R02477,T101,Commercial,DE,EMEA,Women,40-49,Individual contributor,1-2 years,Onsite,0,1,2026-05-06,7,4,3,4,4,4,4,2,4,5,4,3,4,4,4,3,4,4,4
R02478,T101,Commercial,DE,EMEA,Women,30-39,Individual contributor,1-2 years,Onsite,0,1,2026-05-04,9,3,4,5,3,3,2,3,3,4,3,3,3,4,3,4,4,3,3
R02479,T101,Commercial,DE,EMEA,Women,50-59,Individual contributor,10 years +,Remote,0,1,2026-05-17,9,5,5,5,4,5,4,3,3,4,3,3,5,5,5,3,5,3,4
R02480,T101,Commercial,DE,EMEA,Women,50-59,Individual contributor,1-2 years,Onsite,0,0,,,,,,,,,,,,,,,,,,,,
R02481,T101,Commercial,DE,EMEA,Women,50-59,Individual contributor,< 1 year,Hybrid,0,1,2026-05-22,10,5,5,4,5,4,4,4,4,5,3,4,4,4,5,4,5,5,4
R02482,T101,Commercial,DE,EMEA,Women,40-49,Individual contributor,6-10 years,Onsite,0,1,2026-05-15,7,2,3,1,4,4,5,2,1,3,3,3,3,4,3,3,3,5,4
R02483,T101,Commercial,DE,EMEA,Men,30-39,Individual contributor,1-2 years,Hybrid,0,1,2026-05-19,7,3,3,4,4,4,3,2,2,3,2,2,2,4,3,3,4,5,4
R02484,T101,Commercial,DE,EMEA,Men,40-49,Team lead,10 years +,Hybrid,0,1,2026-05-20,8,3,3,4,2,2,3,3,3,4,5,4,4,3,2,2,3,3,3
R02485,T101,Commercial,DE,EMEA,Women,60+,Individual contributor,1-2 years,Hybrid,0,0,,,,,,,,,,,,,,,,,,,,
R02486,T101,Commercial,DE,EMEA,Women,30-39,Individual contributor,1-2 years,Hybrid,0,1,2026-05-15,7,4,5,4,3,2,4,5,5,4,2,4,2,4,3,2,4,3,3
R02487,T101,Commercial,DE,EMEA,Non-binary / self-described,30-39,Individual contributor,< 1 year,Hybrid,0,1,2026-05-20,8,4,3,3,2,2,2,3,4,3,3,4,4,4,5,3,4,3,4
R02488,T102,Commercial,US,North America,Women,18-29,Manager,< 1 year,Onsite,0,1,2026-05-16,8,4,3,3,3,4,4,4,3,5,2,3,4,5,5,4,5,3,4
R02489,T102,Commercial,US,North America,Men,50-59,Team lead,1-2 years,Hybrid,0,1,2026-05-19,8,4,4,4,5,5,4,3,2,3,3,4,2,3,4,4,4,4,4
R02490,T102,Commercial,US,North America,Men,30-39,Individual contributor,3-5 years,Hybrid,0,1,2026-05-22,6,4,5,4,4,4,2,3,3,3,2,4,3,3,5,5,4,3,4
R02491,T102,Commercial,US,North America,Women,30-39,Individual contributor,3-5 years,Hybrid,0,1,2026-05-17,9,3,4,3,1,1,1,3,2,4,2,1,3,4,3,2,5,4,4
R02492,T102,Commercial,US,North America,Non-binary / self-described,40-49,Individual contributor,1-2 years,Hybrid,0,1,2026-05-15,8,3,4,4,2,2,3,3,4,5,4,3,4,4,5,3,4,3,3
R02493,T102,Commercial,US,North America,Women,40-49,Individual contributor,10 years +,Hybrid,0,1,2026-05-17,5,4,4,4,2,2,3,4,4,5,3,2,3,2,4,2,2,2,3
R02494,T102,Commercial,US,North America,Men,50-59,Individual contributor,6-10 years,Hybrid,0,0,,,,,,,,,,,,,,,,,,,,
R02495,T102,Commercial,US,North America,Women,40-49,Individual contributor,10 years +,Onsite,0,1,2026-05-06,6,2,4,2,3,4,3,3,3,4,2,2,3,4,3,4,2,4,1
R02496,T102,Commercial,US,North America,Men,30-39,Team lead,6-10 years,Hybrid,0,0,,,,,,,,,,,,,,,,,,,,
R02497,T102,Commercial,US,North America,Men,30-39,Individual contributor,1-2 years,Onsite,0,1,2026-05-04,6,4,3,3,5,5,5,4,4,5,3,3,3,2,4,2,4,5,3
R02498,T102,Commercial,US,North America,Men,30-39,Individual contributor,3-5 years,Hybrid,0,1,2026-05-17,6,3,3,2,5,5,3,3,2,3,4,4,4,3,3,2,4,5,3
R02499,T102,Commercial,US,North America,Women,40-49,Individual contributor,10 years +,Onsite,0,1,2026-05-15,6,5,5,5,4,3,3,2,3,3,3,4,4,3,3,3,4,4,3
R02500,T102,Commercial,US,North America,Men,30-39,Individual contributor,6-10 years,Onsite,0,1,2026-05-04,6,4,4,5,3,3,3,2,2,4,3,2,2,3,4,4,4,4,5
R02501,T102,Commercial,US,North America,Men,18-29,Individual contributor,< 1 year,Hybrid,0,1,2026-05-20,7,3,3,2,4,4,4,3,4,5,4,2,3,3,2,4,3,3,3
R02502,T102,Commercial,US,North America,Men,50-59,Team lead,1-2 years,Onsite,0,0,,,,,,,,,,,,,,,,,,,,
R02503,T102,Commercial,US,North America,Women,40-49,Team lead,3-5 years,Onsite,0,1,2026-05-15,4,4,5,4,2,3,3,3,3,4,3,2,2,5,5,4,2,2,2
R02504,T102,Commercial,US,North America,Women,18-29,Individual contributor,6-10 years,Onsite,0,1,2026-05-04,7,4,4,3,3,4,3,3,3,3,2,2,2,3,3,1,3,3,3
R02505,T102,Commercial,US,North America,Men,18-29,Individual contributor,6-10 years,Remote,0,1,2026-05-16,6,2,3,4,4,3,3,1,2,2,3,4,4,2,3,2,3,4,4
R02506,T103,Commercial,PL,EMEA,Men,30-39,Individual contributor,6-10 years,Hybrid,0,0,,,,,,,,,,,,,,,,,,,,
R02507,T103,Commercial,PL,EMEA,Men,40-49,Individual contributor,10 years +,Hybrid,0,1,2026-05-05,7,5,5,5,2,3,2,2,3,3,5,4,5,4,5,3,5,4,3
R02508,T103,Commercial,PL,EMEA,Men,18-29,Individual contributor,3-5 years,Onsite,0,1,2026-05-07,9,5,5,5,3,3,4,4,3,3,3,4,4,3,4,4,4,4,4
R02509,T103,Commercial,PL,EMEA,Men,50-59,Team lead,< 1 year,Hybrid,0,1,2026-05-15,9,5,4,4,5,4,5,4,4,3,3,3,2,3,5,4,3,4,3
R02510,T103,Commercial,PL,EMEA,Men,50-59,Individual contributor,< 1 year,Onsite,0,1,2026-05-05,8,4,4,4,4,5,5,3,3,3,3,3,5,4,4,4,3,4,3
R02511,T103,Commercial,PL,EMEA,Men,30-39,Individual contributor,3-5 years,Onsite,0,1,2026-05-08,6,5,5,4,3,4,2,4,4,4,5,4,4,5,5,5,4,5,4
R02512,T103,Commercial,PL,EMEA,Women,18-29,Individual contributor,6-10 years,Onsite,0,1,2026-05-13,4,4,4,3,3,2,2,1,3,2,3,2,2,3,3,3,3,2,2
R02513,T103,Commercial,PL,EMEA,Women,40-49,Individual contributor,< 1 year,Hybrid,0,1,2026-05-21,9,5,5,5,3,5,4,3,4,3,4,2,4,3,4,3,4,3,5
R02514,T103,Commercial,PL,EMEA,Men,18-29,Individual contributor,3-5 years,Onsite,0,0,,,,,,,,,,,,,,,,,,,,
R02515,T103,Commercial,PL,EMEA,Men,40-49,Individual contributor,1-2 years,Remote,0,1,2026-05-15,8,5,4,5,4,5,4,4,5,4,3,3,2,3,3,4,5,5,5
R02516,T103,Commercial,PL,EMEA,Women,30-39,Team lead,3-5 years,Onsite,0,1,2026-05-07,8,4,2,4,4,5,5,4,4,4,4,4,3,1,4,4,5,4,5
R02517,T103,Commercial,PL,EMEA,Women,30-39,Individual contributor,< 1 year,Hybrid,0,1,2026-05-15,9,4,4,5,4,4,4,3,5,4,4,3,4,4,3,3,5,5,3
R02518,T103,Commercial,PL,EMEA,Men,40-49,Team lead,6-10 years,Onsite,0,1,2026-05-21,7,5,5,5,2,4,3,4,4,4,3,4,5,4,4,4,3,4,4
R02519,T103,Commercial,PL,EMEA,Men,40-49,Individual contributor,< 1 year,Onsite,0,1,2026-05-04,8,5,5,5,4,4,5,3,4,5,4,5,3,3,4,2,3,4,3
R02520,T103,Commercial,PL,EMEA,Men,30-39,Individual contributor,1-2 years,Hybrid,0,1,2026-05-21,8,4,5,5,5,5,4,5,4,4,2,3,4,4,3,5,5,4,4
R02521,T103,Commercial,PL,EMEA,Men,40-49,Team lead,3-5 years,Onsite,0,1,2026-05-18,7,5,5,4,5,5,4,3,4,4,2,3,3,5,5,5,4,5,4
R02522,T103,Commercial,PL,EMEA,Women,40-49,Individual contributor,10 years +,Hybrid,0,1,2026-05-04,7,3,3,2,2,4,4,3,3,3,3,4,4,3,4,2,3,1,3
R02523,T103,Commercial,PL,EMEA,Men,18-29,Individual contributor,3-5 years,Onsite,0,1,2026-05-09,8,5,4,5,2,5,4,4,3,4,3,4,4,3,4,3,4,3,5
R02524,T103,Commercial,PL,EMEA,Men,60+,Individual contributor,< 1 year,Onsite,0,1,2026-05-11,8,5,5,5,5,5,4,2,3,2,3,3,4,4,4,4,3,4,4
R02525,T103,Commercial,PL,EMEA,Men,18-29,Individual contributor,< 1 year,Hybrid,0,0,,,,,,,,,,,,,,,,,,,,
R02526,T103,Commercial,PL,EMEA,Women,40-49,Individual contributor,6-10 years,Remote,0,1,2026-05-09,7,4,5,4,3,5,5,2,2,3,4,5,5,4,3,3,3,3,3
R02527,T103,Commercial,PL,EMEA,Men,18-29,Individual contributor,6-10 years,Hybrid,0,1,2026-05-05,9,4,5,4,2,5,3,2,1,2,2,3,3,3,4,4,5,3,3
R02528,T103,Commercial,PL,EMEA,Men,50-59,Individual contributor,10 years +,Onsite,0,1,2026-05-16,10,5,5,5,4,3,4,5,5,5,3,4,3,5,4,4,4,4,4
R02529,T103,Commercial,PL,EMEA,Women,40-49,Individual contributor,3-5 years,Remote,0,1,2026-05-16,9,3,2,2,4,5,5,3,2,3,3,2,3,4,4,3,4,4,2
R02530,T103,Commercial,PL,EMEA,Men,40-49,Individual contributor,< 1 year,Hybrid,0,1,2026-05-05,6,4,4,5,3,4,3,4,3,3,5,4,4,3,4,2,4,3,4
R02531,T103,Commercial,PL,EMEA,Women,50-59,Individual contributor,3-5 years,Remote,0,1,2026-05-15,6,4,4,3,4,4,4,4,4,4,2,2,3,4,4,4,3,2,3
R02532,T104,Commercial,CA,North America,Men,50-59,Individual contributor,6-10 years,Hybrid,0,1,2026-05-04,7,4,4,4,2,2,3,5,3,5,4,5,5,5,4,4,4,4,4
R02533,T104,Commercial,CA,North America,Men,40-49,Individual contributor,10 years +,Hybrid,0,1,2026-05-05,6,5,5,5,4,4,3,3,2,3,4,3,4,5,4,4,3,3,4
R02534,T104,Commercial,CA,North America,Women,30-39,Team lead,10 years +,Onsite,0,1,2026-05-06,7,5,5,5,5,4,4,4,3,4,3,2,4,4,5,3,4,3,3
R02535,T104,Commercial,CA,North America,Women,30-39,Manager,< 1 year,Hybrid,0,1,2026-05-10,10,4,4,3,5,4,4,5,5,5,2,3,4,5,5,5,5,5,5
R02536,T104,Commercial,CA,North America,Women,30-39,Individual contributor,< 1 year,Hybrid,0,1,2026-05-22,6,5,5,4,3,4,4,4,3,4,4,5,4,4,4,4,5,4,3
R02537,T104,Commercial,CA,North America,Women,30-39,Team lead,1-2 years,Remote,0,1,2026-05-22,9,4,3,3,4,5,4,4,4,5,5,4,4,5,4,4,4,4,2
R02538,T104,Commercial,CA,North America,Women,30-39,Team lead,3-5 years,Onsite,0,1,2026-05-04,6,2,2,2,5,5,3,4,3,3,5,3,4,4,4,5,3,4,3
R02539,T104,Commercial,CA,North America,Women,18-29,Individual contributor,< 1 year,Onsite,0,1,2026-05-04,9,5,5,5,4,5,4,4,4,4,3,2,3,3,5,3,4,4,3
R02540,T104,Commercial,CA,North America,Non-binary / self-described,40-49,Individual contributor,6-10 years,Hybrid,0,1,2026-05-20,9,3,4,2,3,3,3,3,4,3,3,3,2,3,3,3,4,4,3
R02541,T104,Commercial,CA,North America,Men,30-39,Manager,< 1 year,Remote,0,1,2026-05-15,8,5,5,5,4,3,5,4,3,4,2,3,4,5,5,5,4,4,3
R02542,T104,Commercial,CA,North America,Women,40-49,Individual contributor,1-2 years,Onsite,0,1,2026-05-21,5,4,5,5,3,2,3,3,4,4,4,4,4,4,4,4,4,3,3
R02543,T104,Commercial,CA,North America,Men,30-39,Individual contributor,1-2 years,Hybrid,0,1,2026-05-06,7,3,4,5,2,3,4,5,5,5,3,4,3,3,3,3,3,4,3
R02544,T104,Commercial,CA,North America,Women,30-39,Individual contributor,6-10 years,Hybrid,0,1,2026-05-22,6,4,3,5,5,5,4,2,4,4,3,3,2,4,3,2,3,4,3
R02545,T104,Commercial,CA,North America,Women,30-39,Team lead,6-10 years,Hybrid,0,1,2026-05-09,9,5,4,4,3,3,3,4,4,4,2,4,4,3,4,3,4,4,4
R02546,T104,Commercial,CA,North America,Women,30-39,Team lead,3-5 years,Remote,0,1,2026-05-15,7,4,4,4,3,4,4,3,2,3,2,2,4,4,5,3,4,4,4
R02547,T104,Commercial,CA,North America,Women,50-59,Team lead,6-10 years,Onsite,0,1,2026-05-20,7,4,4,4,3,4,4,3,4,3,4,3,4,2,4,3,4,2,4
R02548,T105,Commercial,CA,North America,Men,30-39,Individual contributor,1-2 years,Hybrid,0,1,2026-05-04,9,4,5,5,5,5,5,3,4,4,4,4,5,5,4,5,4,4,4
R02549,T105,Commercial,CA,North America,Men,18-29,Team lead,1-2 years,Onsite,0,0,,,,,,,,,,,,,,,,,,,,
R02550,T105,Commercial,CA,North America,Women,30-39,Individual contributor,1-2 years,Hybrid,0,1,2026-05-22,10,4,4,5,5,5,5,5,5,5,3,3,4,4,4,2,5,4,4
R02551,T105,Commercial,CA,North America,Men,40-49,Individual contributor,< 1 year,Onsite,0,1,2026-05-06,10,4,4,4,3,4,3,4,3,4,4,4,5,5,4,3,4,5,3
R02552,T105,Commercial,CA,North America,Women,18-29,Individual contributor,1-2 years,Remote,0,0,,,,,,,,,,,,,,,,,,,,
R02553,T105,Commercial,CA,North America,Women,30-39,Manager,10 years +,Hybrid,0,1,2026-05-17,8,5,5,5,3,5,5,2,2,3,5,5,5,5,5,5,4,4,4
R02554,T105,Commercial,CA,North America,Men,18-29,Manager,6-10 years,Hybrid,0,1,2026-05-04,7,5,4,3,2,3,3,4,4,5,2,2,2,4,3,3,3,4,3
R02555,T105,Commercial,CA,North America,Women,30-39,Individual contributor,10 years +,Onsite,0,1,2026-05-08,5,3,4,5,4,4,4,4,4,4,3,4,5,3,1,2,3,1,2
R02556,T105,Commercial,CA,North America,Women,50-59,Individual contributor,6-10 years,Hybrid,0,1,2026-05-06,7,4,4,3,3,4,3,4,4,5,5,3,5,2,4,3,3,2,2
R02557,T105,Commercial,CA,North America,Women,30-39,Individual contributor,1-2 years,Onsite,0,1,2026-05-07,5,2,3,3,3,4,4,2,4,4,2,2,2,4,4,3,4,3,2
R02558,T105,Commercial,CA,North America,Men,18-29,Individual contributor,< 1 year,Hybrid,0,1,2026-05-20,6,4,4,5,4,4,4,2,3,3,5,4,5,4,4,4,3,4,3
R02559,T105,Commercial,CA,North America,Men,50-59,Senior leader,1-2 years,Onsite,0,1,2026-05-08,5,5,4,4,5,5,5,4,4,3,5,5,5,4,3,4,5,2,3
R02560,T105,Commercial,CA,North America,Women,18-29,Individual contributor,10 years +,Hybrid,0,1,2026-05-13,9,5,5,5,2,4,3,5,3,5,3,4,3,2,3,3,5,4,4
R02561,T105,Commercial,CA,North America,Women,30-39,Team lead,6-10 years,Onsite,0,1,2026-05-04,7,4,5,5,4,4,4,5,4,4,4,4,4,4,4,2,4,4,4
R02562,T105,Commercial,CA,North America,Women,40-49,Individual contributor,6-10 years,Remote,0,1,2026-05-04,7,4,4,4,4,3,2,3,3,4,4,5,4,3,3,3,4,5,4
R02563,T105,Commercial,CA,North America,Men,40-49,Individual contributor,< 1 year,Remote,0,1,2026-05-06,8,4,5,4,4,3,3,3,2,2,4,3,3,5,5,5,4,5,4
R02564,T105,Commercial,CA,North America,Men,30-39,Individual contributor,3-5 years,Remote,0,1,2026-05-22,8,4,5,4,1,2,1,3,4,5,4,4,3,4,4,5,3,3,4
R02565,T105,Commercial,CA,North America,Non-binary / self-described,30-39,Individual contributor,1-2 years,Onsite,0,1,2026-05-22,7,3,3,3,3,3,3,3,5,4,2,4,4,4,4,4,4,2,2
R02566,T105,Commercial,CA,North America,Women,50-59,Individual contributor,3-5 years,Remote,0,1,2026-05-07,8,4,5,4,4,4,4,3,3,4,4,3,4,3,3,2,3,4,3
R02567,T105,Commercial,CA,North America,Women,50-59,Individual contributor,6-10 years,Onsite,0,1,2026-05-11,8,5,4,4,3,4,3,5,4,4,2,2,3,4,4,5,5,5,4
R02568,T105,Commercial,CA,North America,Men,50-59,Individual contributor,3-5 years,Onsite,0,0,,,,,,,,,,,,,,,,,,,,
R02569,T105,Commercial,CA,North America,Women,30-39,Team lead,1-2 years,Onsite,0,1,2026-05-06,7,4,4,5,5,5,5,4,3,5,4,4,5,4,4,3,5,5,5
R02570,T105,Commercial,CA,North America,Men,18-29,Individual contributor,1-2 years,Onsite,0,1,2026-05-18,8,3,4,4,5,5,5,4,4,4,2,3,3,5,5,5,4,4,4
R02571,T105,Commercial,CA,North America,Men,30-39,Team lead,1-2 years,Hybrid,0,0,,,,,,,,,,,,,,,,,,,,
R02572,T105,Commercial,CA,North America,Women,30-39,Team lead,1-2 years,Remote,0,1,2026-05-10,7,5,5,4,4,5,4,4,4,4,5,4,4,2,2,2,3,3,3
R02573,T105,Commercial,CA,North America,Women,40-49,Individual contributor,6-10 years,Onsite,1,0,,,,,,,,,,,,,,,,,,,,
R02574,T105,Commercial,CA,North America,Women,50-59,Individual contributor,6-10 years,Hybrid,0,1,2026-05-22,5,4,4,4,4,4,4,3,2,5,4,4,4,4,5,5,4,4,3
R02575,T105,Commercial,CA,North America,Non-binary / self-described,30-39,Individual contributor,3-5 years,Onsite,0,1,2026-05-14,4,3,3,4,2,2,2,4,3,3,1,3,2,4,3,3,2,3,1
R02576,T105,Commercial,CA,North America,Women,40-49,Individual contributor,< 1 year,Remote,0,1,2026-05-15,9,3,4,4,5,4,5,3,3,3,5,4,5,4,4,3,4,5,3
R02577,T105,Commercial,CA,North America,Women,18-29,Individual contributor,1-2 years,Hybrid,0,0,,,,,,,,,,,,,,,,,,,,
R02578,T105,Commercial,CA,North America,Men,40-49,Individual contributor,3-5 years,Onsite,0,0,,,,,,,,,,,,,,,,,,,,
R02579,T105,Commercial,CA,North America,Women,30-39,Manager,1-2 years,Onsite,0,0,,,,,,,,,,,,,,,,,,,,
R02580,T105,Commercial,CA,North America,Women,18-29,Manager,6-10 years,Onsite,1,0,,,,,,,,,,,,,,,,,,,,
R02581,T105,Commercial,CA,North America,Men,40-49,Individual contributor,10 years +,Onsite,0,0,,,,,,,,,,,,,,,,,,,,
R02582,T105,Commercial,CA,North America,Women,40-49,Individual contributor,6-10 years,Remote,0,1,2026-05-12,7,4,5,4,3,3,4,3,2,3,2,4,2,3,4,2,4,5,3
R02583,T105,Commercial,CA,North America,Men,30-39,Individual contributor,6-10 years,Onsite,1,1,2026-05-15,7,5,5,5,2,2,1,3,2,3,4,4,5,4,4,4,4,4,3
R02584,T105,Commercial,CA,North America,Women,30-39,Individual contributor,6-10 years,Hybrid,0,1,2026-05-15,8,2,3,4,2,2,3,4,5,4,4,3,4,2,3,2,3,5,4
R02585,T105,Commercial,CA,North America,Men,30-39,Individual contributor,< 1 year,Remote,0,1,2026-05-08,9,5,5,5,4,4,4,2,4,4,5,5,5,4,3,3,3,3,2
R02586,T105,Commercial,CA,North America,Men,30-39,Manager,10 years +,Hybrid,0,1,2026-05-16,9,4,4,4,5,5,5,4,5,5,5,5,5,5,4,4,5,3,5
R02587,T106,Commercial,SG,APAC,Non-binary / self-described,50-59,Individual contributor,10 years +,Remote,0,0,,,,,,,,,,,,,,,,,,,,
R02588,T106,Commercial,SG,APAC,Women,18-29,Individual contributor,< 1 year,Onsite,0,0,,,,,,,,,,,,,,,,,,,,
R02589,T106,Commercial,SG,APAC,Women,50-59,Individual contributor,6-10 years,Hybrid,0,1,2026-05-22,8,2,3,3,3,3,2,4,2,3,4,5,4,4,5,4,5,4,4
R02590,T106,Commercial,SG,APAC,Women,18-29,Individual contributor,1-2 years,Remote,0,1,2026-05-04,6,4,5,4,4,5,4,2,3,2,3,2,3,4,4,3,3,3,3
R02591,T106,Commercial,SG,APAC,Men,30-39,Team lead,< 1 year,Onsite,0,1,2026-05-07,6,5,5,5,2,3,3,3,3,4,2,3,3,2,3,2,4,3,2
R02592,T106,Commercial,SG,APAC,Women,30-39,Team lead,10 years +,Hybrid,0,0,,,,,,,,,,,,,,,,,,,,
R02593,T106,Commercial,SG,APAC,Men,30-39,Individual contributor,10 years +,Onsite,0,1,2026-05-04,6,3,5,2,4,4,4,2,3,2,3,3,5,3,3,2,3,3,3
R02594,T106,Commercial,SG,APAC,Women,40-49,Manager,1-2 years,Hybrid,0,1,2026-05-10,10,5,5,5,4,4,3,4,4,3,3,3,4,4,5,5,4,5,4
R02595,T106,Commercial,SG,APAC,Women,18-29,Individual contributor,6-10 years,Hybrid,0,1,2026-05-14,8,2,4,3,3,4,3,4,3,5,4,4,3,2,4,3,4,4,2
R02596,T106,Commercial,SG,APAC,Men,18-29,Senior leader,< 1 year,Hybrid,0,0,,,,,,,,,,,,,,,,,,,,
R02597,T106,Commercial,SG,APAC,Women,60+,Individual contributor,1-2 years,Onsite,0,1,2026-05-22,9,3,2,2,5,4,5,4,5,4,2,2,3,3,3,2,5,4,4
R02598,T106,Commercial,SG,APAC,Women,18-29,Individual contributor,10 years +,Hybrid,0,1,2026-05-05,4,3,3,2,1,3,1,4,2,3,4,4,3,5,5,5,2,3,1
R02599,T106,Commercial,SG,APAC,Men,18-29,Individual contributor,6-10 years,Remote,0,1,2026-05-08,10,4,3,5,5,5,5,4,2,4,2,2,2,3,2,1,5,4,4
R02600,T106,Commercial,SG,APAC,Women,40-49,Manager,1-2 years,Remote,0,1,2026-05-17,9,4,4,4,4,3,4,5,3,5,4,4,4,4,4,4,4,5,4
R02601,T106,Commercial,SG,APAC,Men,30-39,Team lead,< 1 year,Remote,0,1,2026-05-06,7,5,4,4,5,5,4,2,3,4,3,3,3,4,4,3,4,4,4
R02602,T106,Commercial,SG,APAC,Women,18-29,Team lead,< 1 year,Onsite,0,1,2026-05-11,7,4,3,4,5,4,2,3,3,4,3,4,5,5,4,3,3,4,5
R02603,T106,Commercial,SG,APAC,Men,30-39,Individual contributor,10 years +,Hybrid,0,1,2026-05-12,7,4,4,4,4,5,5,2,3,3,5,4,5,5,4,4,4,4,3
R02604,T106,Commercial,SG,APAC,Men,30-39,Individual contributor,1-2 years,Remote,0,1,2026-05-05,9,5,4,3,5,5,4,4,4,3,3,2,3,4,3,4,5,3,5
R02605,T106,Commercial,SG,APAC,Women,30-39,Manager,3-5 years,Hybrid,0,1,2026-05-04,9,5,4,5,5,5,4,4,4,4,3,5,5,4,5,5,3,4,4
R02606,T106,Commercial,SG,APAC,Men,30-39,Individual contributor,3-5 years,Hybrid,0,1,2026-05-07,4,4,4,4,2,2,3,2,2,3,3,3,3,3,2,3,4,2,2
R02607,T106,Commercial,SG,APAC,Women,40-49,Individual contributor,< 1 year,Onsite,0,0,,,,,,,,,,,,,,,,,,,,
R02608,T106,Commercial,SG,APAC,Men,18-29,Individual contributor,1-2 years,Remote,0,1,2026-05-17,9,4,4,4,4,4,3,3,3,4,3,4,3,3,3,3,4,4,4
R02609,T106,Commercial,SG,APAC,Men,30-39,Individual contributor,< 1 year,Hybrid,0,1,2026-05-22,10,4,4,4,5,3,3,3,2,4,5,4,2,5,5,5,5,3,3
R02610,T106,Commercial,SG,APAC,Men,30-39,Individual contributor,1-2 years,Onsite,0,0,,,,,,,,,,,,,,,,,,,,
R02611,T106,Commercial,SG,APAC,Women,50-59,Senior leader,10 years +,Onsite,0,1,2026-05-04,8,3,4,4,4,4,4,5,3,5,5,5,5,3,4,5,5,4,3
R02612,T106,Commercial,SG,APAC,Men,40-49,Individual contributor,3-5 years,Onsite,0,1,2026-05-21,8,5,5,3,5,5,3,4,4,4,4,2,4,2,4,2,5,4,4
R02613,T106,Commercial,SG,APAC,Men,30-39,Individual contributor,6-10 years,Hybrid,0,1,2026-05-18,4,4,4,4,3,4,4,4,4,4,2,3,4,3,5,5,2,2,3
R02614,T106,Commercial,SG,APAC,Women,30-39,Individual contributor,3-5 years,Hybrid,0,0,,,,,,,,,,,,,,,,,,,,
R02615,T106,Commercial,SG,APAC,Men,30-39,Individual contributor,1-2 years,Remote,0,1,2026-05-08,7,4,4,5,4,5,4,2,3,3,3,2,3,4,3,4,4,4,3
R02616,T106,Commercial,SG,APAC,Men,18-29,Individual contributor,6-10 years,Hybrid,0,1,2026-05-22,5,3,3,1,4,3,3,2,1,1,3,4,4,2,3,2,3,2,3
R02617,T106,Commercial,SG,APAC,Women,40-49,Individual contributor,3-5 years,Hybrid,0,1,2026-05-04,6,3,2,3,4,5,5,2,2,2,3,3,4,3,2,3,3,3,3
R02618,T106,Commercial,SG,APAC,Men,18-29,Team lead,3-5 years,Hybrid,0,1,2026-05-21,7,5,4,4,4,4,3,3,4,3,5,5,4,4,4,4,4,3,3
R02619,T106,Commercial,SG,APAC,Women,60+,Individual contributor,10 years +,Hybrid,0,1,2026-05-22,7,3,2,1,5,5,4,4,2,5,3,3,5,5,5,5,4,4,2
R02620,T106,Commercial,SG,APAC,Women,40-49,Team lead,1-2 years,Onsite,0,0,,,,,,,,,,,,,,,,,,,,
R02621,T106,Commercial,SG,APAC,Men,18-29,Team lead,6-10 years,Onsite,0,1,2026-05-11,8,3,4,3,4,4,4,3,3,3,3,3,4,4,4,4,5,5,3
R02622,T106,Commercial,SG,APAC,Women,30-39,Individual contributor,3-5 years,Onsite,0,1,2026-05-22,8,5,5,4,4,3,3,2,2,4,4,4,5,3,3,3,5,3,3
R02623,T107,Technology,IN,APAC,Men,18-29,Individual contributor,< 1 year,Onsite,0,1,2026-05-08,6,5,5,3,3,4,3,5,4,4,4,2,4,3,3,4,3,4,2
R02624,T107,Technology,IN,APAC,Men,30-39,Individual contributor,< 1 year,Onsite,0,1,2026-05-16,8,2,3,2,3,3,4,1,1,3,2,4,3,5,5,5,4,4,3
R02625,T107,Technology,IN,APAC,Men,18-29,Manager,1-2 years,Hybrid,0,1,2026-05-15,6,4,4,4,3,4,3,5,5,5,2,2,2,4,4,4,4,4,4
R02626,T107,Technology,IN,APAC,Non-binary / self-described,18-29,Individual contributor,10 years +,Hybrid,0,0,,,,,,,,,,,,,,,,,,,,
R02627,T107,Technology,IN,APAC,Women,30-39,Individual contributor,10 years +,Remote,0,1,2026-05-22,9,5,4,4,4,3,5,3,2,4,3,4,3,4,5,4,4,3,3
R02628,T107,Technology,IN,APAC,Women,30-39,Individual contributor,6-10 years,Hybrid,0,1,2026-05-20,7,4,2,3,2,4,3,4,3,3,4,3,5,2,2,2,5,5,3
R02629,T107,Technology,IN,APAC,Men,30-39,Team lead,3-5 years,Onsite,0,1,2026-05-15,5,5,4,4,4,4,5,5,4,4,2,3,3,5,5,5,2,3,3
R02630,T107,Technology,IN,APAC,Women,18-29,Individual contributor,3-5 years,Remote,0,1,2026-05-17,7,4,4,4,3,2,2,5,4,3,2,2,3,5,5,5,4,4,4
R02631,T107,Technology,IN,APAC,Men,40-49,Individual contributor,1-2 years,Onsite,0,1,2026-05-14,8,5,5,5,4,5,3,3,3,4,1,2,2,4,2,2,4,4,3
R02632,T107,Technology,IN,APAC,Men,30-39,Individual contributor,< 1 year,Onsite,0,1,2026-05-13,7,4,4,4,5,4,3,3,4,5,4,3,4,5,5,5,3,3,4
R02633,T107,Technology,IN,APAC,Men,18-29,Individual contributor,3-5 years,Onsite,0,1,2026-05-14,5,3,2,2,3,3,2,5,4,5,2,3,3,4,3,3,3,2,4
R02634,T107,Technology,IN,APAC,Men,30-39,Individual contributor,1-2 years,Hybrid,0,1,2026-05-06,7,4,3,3,5,4,4,5,4,3,2,3,3,3,5,4,4,5,4
R02635,T107,Technology,IN,APAC,Men,50-59,Individual contributor,< 1 year,Onsite,0,0,,,,,,,,,,,,,,,,,,,,
R02636,T107,Technology,IN,APAC,Men,18-29,Individual contributor,1-2 years,Onsite,0,1,2026-05-17,6,3,4,4,3,3,2,4,3,4,3,3,3,5,5,5,4,2,4
R02637,T107,Technology,IN,APAC,Women,30-39,Manager,< 1 year,Onsite,0,1,2026-05-16,8,4,3,2,3,4,4,3,4,5,4,4,3,4,5,4,4,4,4
R02638,T107,Technology,IN,APAC,Women,50-59,Individual contributor,6-10 years,Onsite,0,1,2026-05-13,8,2,3,3,2,2,3,3,3,4,4,5,5,2,2,2,4,3,3
R02639,T107,Technology,IN,APAC,Men,50-59,Individual contributor,< 1 year,Hybrid,0,0,,,,,,,,,,,,,,,,,,,,
R02640,T107,Technology,IN,APAC,Men,18-29,Individual contributor,3-5 years,Remote,0,1,2026-05-18,8,3,4,4,4,3,3,4,2,4,3,2,3,5,5,5,5,4,4
R02641,T107,Technology,IN,APAC,Men,30-39,Individual contributor,6-10 years,Onsite,0,0,,,,,,,,,,,,,,,,,,,,
R02642,T107,Technology,IN,APAC,Non-binary / self-described,50-59,Individual contributor,6-10 years,Hybrid,0,1,2026-05-16,5,4,3,2,2,2,3,3,2,4,2,2,2,3,5,3,3,3,2
R02643,T107,Technology,IN,APAC,Women,40-49,Team lead,6-10 years,Onsite,0,1,2026-05-05,7,2,2,2,1,2,1,1,2,3,5,3,3,5,5,4,4,3,4
R02644,T107,Technology,IN,APAC,Men,30-39,Team lead,3-5 years,Hybrid,0,0,,,,,,,,,,,,,,,,,,,,
R02645,T107,Technology,IN,APAC,Women,18-29,Individual contributor,< 1 year,Remote,0,1,2026-05-20,6,4,4,5,3,3,2,3,2,4,3,2,5,2,4,2,3,3,3
R02646,T107,Technology,IN,APAC,Women,60+,Individual contributor,10 years +,Remote,0,1,2026-05-05,8,3,3,4,4,4,3,2,2,4,4,3,5,4,5,4,4,4,4
R02647,T107,Technology,IN,APAC,Women,18-29,Individual contributor,6-10 years,Onsite,0,1,2026-05-07,7,3,2,1,2,3,1,1,1,3,3,3,4,4,2,3,3,3,4
R02648,T107,Technology,IN,APAC,Women,30-39,Individual contributor,1-2 years,Onsite,0,1,2026-05-04,7,5,5,5,4,5,5,2,3,4,4,4,4,5,4,3,3,3,2
R02649,T107,Technology,IN,APAC,Women,60+,Team lead,3-5 years,Onsite,0,1,2026-05-09,7,4,4,4,5,5,5,3,2,3,3,1,4,3,4,4,5,3,2
R02650,T107,Technology,IN,APAC,Women,18-29,Individual contributor,3-5 years,Onsite,0,1,2026-05-04,8,4,2,2,2,4,4,2,2,2,2,3,3,5,5,4,4,2,3
R02651,T107,Technology,IN,APAC,Men,18-29,Team lead,3-5 years,Onsite,0,1,2026-05-20,8,3,4,4,4,4,4,4,4,3,3,4,3,5,4,4,5,5,5
R02652,T107,Technology,IN,APAC,Women,60+,Individual contributor,1-2 years,Onsite,0,1,2026-05-15,10,2,2,2,4,4,4,4,4,5,1,2,3,4,5,5,3,3,3
R02653,T107,Technology,IN,APAC,Women,60+,Individual contributor,10 years +,Onsite,0,1,2026-05-06,7,5,5,4,4,3,2,4,3,4,3,2,2,4,4,4,4,4,5
R02654,T107,Technology,IN,APAC,Women,50-59,Team lead,3-5 years,Hybrid,0,1,2026-05-12,6,3,4,2,5,5,4,3,3,3,3,2,4,4,4,4,3,2,1
R02655,T107,Technology,IN,APAC,Women,40-49,Individual contributor,3-5 years,Onsite,0,0,,,,,,,,,,,,,,,,,,,,
R02656,T107,Technology,IN,APAC,Women,60+,Individual contributor,3-5 years,Onsite,0,0,,,,,,,,,,,,,,,,,,,,
R02657,T107,Technology,IN,APAC,Women,30-39,Individual contributor,3-5 years,Onsite,0,1,2026-05-18,6,5,5,4,2,3,2,3,4,4,1,2,2,5,5,3,3,2,3
R02658,T107,Technology,IN,APAC,Men,50-59,Individual contributor,< 1 year,Onsite,0,1,2026-05-21,6,3,3,4,2,4,3,2,3,3,4,3,4,3,3,3,3,3,3
R02659,T107,Technology,IN,APAC,Men,60+,Team lead,3-5 years,Remote,0,1,2026-05-13,8,4,5,5,3,2,5,3,4,2,2,1,2,3,2,2,4,3,4
R02660,T107,Technology,IN,APAC,Women,30-39,Manager,< 1 year,Onsite,0,1,2026-05-10,9,4,4,4,5,4,5,3,2,3,3,3,4,5,4,5,5,5,5
R02661,T107,Technology,IN,APAC,Women,18-29,Individual contributor,3-5 years,Hybrid,0,1,2026-05-05,7,5,5,5,1,3,2,3,4,4,3,3,2,4,2,4,3,3,2
R02662,T107,Technology,IN,APAC,Women,40-49,Individual contributor,1-2 years,Onsite,0,1,2026-05-07,7,2,3,3,2,2,2,4,3,4,5,4,4,4,4,3,2,3,4
R02663,T107,Technology,IN,APAC,Men,40-49,Individual contributor,6-10 years,Onsite,0,0,,,,,,,,,,,,,,,,,,,,
R02664,T107,Technology,IN,APAC,Men,40-49,Team lead,1-2 years,Hybrid,0,0,,,,,,,,,,,,,,,,,,,,
R02665,T107,Technology,IN,APAC,Men,60+,Individual contributor,10 years +,Hybrid,0,1,2026-05-15,6,3,5,5,4,3,2,2,2,2,3,3,2,4,3,3,3,3,2
R02666,T107,Technology,IN,APAC,Men,40-49,Individual contributor,3-5 years,Hybrid,0,1,2026-05-18,6,5,4,4,2,3,3,3,2,3,2,2,4,4,4,4,4,3,2
R02667,T107,Technology,IN,APAC,Men,30-39,Team lead,1-2 years,Hybrid,0,1,2026-05-20,9,3,4,4,4,4,4,4,5,5,2,3,3,4,5,5,5,4,4
R02668,T107,Technology,IN,APAC,Women,30-39,Individual contributor,6-10 years,Hybrid,0,0,,,,,,,,,,,,,,,,,,,,
R02669,T107,Technology,IN,APAC,Women,18-29,Individual contributor,1-2 years,Onsite,0,1,2026-05-05,5,2,4,3,3,3,3,2,1,2,3,4,4,3,3,2,4,2,2
R02670,T107,Technology,IN,APAC,Men,40-49,Individual contributor,1-2 years,Onsite,0,1,2026-05-14,7,4,4,3,3,4,4,4,2,4,3,4,2,4,5,4,3,3,3
R02671,T107,Technology,IN,APAC,Women,18-29,Individual contributor,1-2 years,Hybrid,0,1,2026-05-04,7,3,4,3,5,5,4,4,4,4,4,3,3,5,5,5,5,5,4
R02672,T108,Technology,SG,APAC,Women,50-59,Individual contributor,6-10 years,Hybrid,0,1,2026-05-08,8,5,5,3,4,4,4,4,3,4,5,5,4,5,5,5,5,5,4
R02673,T108,Technology,SG,APAC,Non-binary / self-described,50-59,Individual contributor,3-5 years,Onsite,0,0,,,,,,,,,,,,,,,,,,,,
R02674,T108,Technology,SG,APAC,Women,18-29,Individual contributor,6-10 years,Onsite,0,1,2026-05-05,9,5,5,5,3,5,2,3,3,5,3,4,3,3,3,4,4,5,4
R02675,T108,Technology,SG,APAC,Men,40-49,Individual contributor,3-5 years,Onsite,0,1,2026-05-12,7,3,3,4,2,2,3,2,2,4,4,4,4,3,4,4,4,3,3
R02676,T108,Technology,SG,APAC,Women,30-39,Team lead,6-10 years,Onsite,0,1,2026-05-21,6,4,5,4,4,4,5,4,4,5,4,2,2,3,4,4,3,4,3
R02677,T108,Technology,SG,APAC,Women,30-39,Individual contributor,6-10 years,Hybrid,0,0,,,,,,,,,,,,,,,,,,,,
R02678,T108,Technology,SG,APAC,Men,18-29,Manager,10 years +,Remote,0,1,2026-05-09,8,3,3,3,5,5,5,4,4,5,4,3,4,5,5,4,4,2,3
R02679,T108,Technology,SG,APAC,Women,30-39,Individual contributor,1-2 years,Hybrid,0,0,,,,,,,,,,,,,,,,,,,,
R02680,T108,Technology,SG,APAC,Women,40-49,Individual contributor,3-5 years,Onsite,1,1,2026-05-04,8,2,5,1,4,4,5,3,2,4,5,4,5,4,4,4,5,5,5
R02681,T108,Technology,SG,APAC,Men,40-49,Individual contributor,1-2 years,Hybrid,0,1,2026-05-13,10,5,3,4,3,4,3,3,2,3,3,3,3,5,4,4,5,4,5
R02682,T108,Technology,SG,APAC,Men,18-29,Individual contributor,6-10 years,Hybrid,0,1,2026-05-22,8,3,4,5,4,4,5,5,5,5,2,1,2,2,3,4,4,3,3
R02683,T108,Technology,SG,APAC,Men,40-49,Team lead,10 years +,Onsite,0,1,2026-05-22,5,3,4,4,4,4,3,3,3,3,1,3,2,4,5,4,3,3,3
R02684,T108,Technology,SG,APAC,Women,30-39,Senior leader,3-5 years,Hybrid,0,1,2026-05-05,7,3,4,4,5,5,5,4,4,4,3,3,4,4,5,5,4,4,3
R02685,T108,Technology,SG,APAC,Men,40-49,Team lead,6-10 years,Remote,0,1,2026-05-21,3,3,2,3,3,3,3,5,3,4,3,1,2,4,4,4,2,2,2
R02686,T108,Technology,SG,APAC,Women,60+,Individual contributor,3-5 years,Onsite,1,0,,,,,,,,,,,,,,,,,,,,
R02687,T108,Technology,SG,APAC,Women,50-59,Individual contributor,6-10 years,Hybrid,0,0,,,,,,,,,,,,,,,,,,,,
R02688,T108,Technology,SG,APAC,Women,40-49,Individual contributor,10 years +,Hybrid,0,1,2026-05-14,9,5,5,5,2,4,4,3,4,5,3,3,3,5,5,5,4,5,4
R02689,T108,Technology,SG,APAC,Men,30-39,Team lead,3-5 years,Onsite,0,1,2026-05-22,8,4,4,4,5,4,5,3,3,3,5,4,3,5,4,5,4,4,2
R02690,T108,Technology,SG,APAC,Women,40-49,Individual contributor,< 1 year,Onsite,0,1,2026-05-04,7,2,3,4,5,4,5,4,4,5,3,3,4,3,2,3,4,4,4
R02691,T108,Technology,SG,APAC,Men,40-49,Manager,3-5 years,Hybrid,0,1,2026-05-15,10,5,4,5,2,3,4,2,2,5,2,1,3,3,4,3,4,4,4
R02692,T108,Technology,SG,APAC,Men,18-29,Individual contributor,< 1 year,Onsite,0,0,,,,,,,,,,,,,,,,,,,,
R02693,T108,Technology,SG,APAC,Men,60+,Team lead,< 1 year,Onsite,0,1,2026-05-22,9,5,5,5,3,4,4,5,3,5,1,1,1,5,4,5,4,3,5
R02694,T108,Technology,SG,APAC,Women,18-29,Individual contributor,3-5 years,Remote,0,1,2026-05-06,9,3,4,5,1,2,1,3,4,4,3,3,3,4,5,4,4,4,3
R02695,T108,Technology,SG,APAC,Women,18-29,Individual contributor,< 1 year,Remote,0,1,2026-05-06,7,4,5,4,3,4,1,3,3,4,3,5,3,4,4,4,5,4,3
R02696,T108,Technology,SG,APAC,Women,40-49,Individual contributor,3-5 years,Remote,0,0,,,,,,,,,,,,,,,,,,,,
R02697,T108,Technology,SG,APAC,Men,18-29,Individual contributor,10 years +,Hybrid,0,1,2026-05-22,6,4,4,4,4,5,4,3,3,5,3,4,5,5,5,5,2,4,5
R02698,T108,Technology,SG,APAC,Women,30-39,Team lead,3-5 years,Hybrid,0,1,2026-05-07,7,4,5,4,4,3,2,3,3,4,4,3,4,2,2,2,3,3,2
R02699,T108,Technology,SG,APAC,Women,18-29,Team lead,10 years +,Remote,0,0,,,,,,,,,,,,,,,,,,,,
R02700,T108,Technology,SG,APAC,Women,40-49,Individual contributor,3-5 years,Onsite,0,1,2026-05-21,7,4,5,3,3,4,5,4,3,3,2,4,3,4,4,4,4,2,2
R02701,T108,Technology,SG,APAC,Men,50-59,Individual contributor,< 1 year,Remote,0,1,2026-05-11,9,5,4,4,2,4,2,3,4,4,4,4,5,5,5,3,5,4,4
R02702,T108,Technology,SG,APAC,Non-binary / self-described,30-39,Individual contributor,10 years +,Hybrid,0,1,2026-05-08,6,3,3,3,4,5,4,3,4,4,3,2,3,4,3,4,2,3,2
R02703,T108,Technology,SG,APAC,Men,40-49,Individual contributor,3-5 years,Onsite,0,1,2026-05-04,5,4,3,3,5,5,4,2,3,3,3,2,4,2,4,4,4,2,3
R02704,T108,Technology,SG,APAC,Men,30-39,Individual contributor,3-5 years,Onsite,1,0,,,,,,,,,,,,,,,,,,,,
R02705,T109,Technology,PL,EMEA,Men,30-39,Individual contributor,1-2 years,Onsite,0,1,2026-05-18,8,4,1,3,4,5,5,3,3,3,2,4,2,3,2,3,5,3,3
R02706,T109,Technology,PL,EMEA,Women,50-59,Team lead,6-10 years,Onsite,0,0,,,,,,,,,,,,,,,,,,,,
R02707,T109,Technology,PL,EMEA,Men,18-29,Manager,1-2 years,Hybrid,0,1,2026-05-19,7,5,4,4,2,5,3,5,5,5,4,3,4,4,4,4,4,4,3
R02708,T109,Technology,PL,EMEA,Non-binary / self-described,30-39,Individual contributor,3-5 years,Onsite,0,0,,,,,,,,,,,,,,,,,,,,
R02709,T109,Technology,PL,EMEA,Men,30-39,Manager,3-5 years,Hybrid,0,1,2026-05-05,10,4,4,4,4,4,5,3,3,3,4,4,4,4,4,4,5,5,4
R02710,T110,Technology,DE,EMEA,Men,50-59,Individual contributor,1-2 years,Hybrid,0,0,,,,,,,,,,,,,,,,,,,,
R02711,T110,Technology,DE,EMEA,Women,50-59,Individual contributor,1-2 years,Hybrid,0,1,2026-05-18,6,3,3,2,3,2,2,3,4,4,2,4,2,3,4,3,3,3,3
R02712,T110,Technology,DE,EMEA,Men,30-39,Individual contributor,< 1 year,Onsite,0,0,,,,,,,,,,,,,,,,,,,,
R02713,T110,Technology,DE,EMEA,Women,30-39,Individual contributor,< 1 year,Onsite,0,1,2026-05-20,8,5,5,5,3,3,2,3,3,4,3,4,5,5,5,3,5,4,5
R02714,T110,Technology,DE,EMEA,Men,40-49,Individual contributor,1-2 years,Hybrid,0,1,2026-05-16,10,4,5,4,5,4,4,4,5,4,4,2,4,4,5,4,5,4,4
R02715,T110,Technology,DE,EMEA,Women,18-29,Individual contributor,3-5 years,Hybrid,0,0,,,,,,,,,,,,,,,,,,,,
R02716,T110,Technology,DE,EMEA,Women,18-29,Team lead,3-5 years,Onsite,0,1,2026-05-10,9,5,5,4,2,3,3,3,4,3,3,3,3,3,4,4,4,4,5
R02717,T110,Technology,DE,EMEA,Men,18-29,Individual contributor,< 1 year,Onsite,0,1,2026-05-05,8,5,5,5,3,4,4,4,3,4,3,4,3,5,5,3,4,5,3
R02718,T110,Technology,DE,EMEA,Women,40-49,Team lead,< 1 year,Hybrid,0,1,2026-05-17,9,4,4,3,4,3,4,5,4,5,3,2,4,4,3,4,5,3,5
R02719,T110,Technology,DE,EMEA,Women,18-29,Individual contributor,6-10 years,Onsite,0,1,2026-05-22,5,3,3,4,4,4,5,3,2,3,5,5,5,3,4,4,4,3,4
R02720,T110,Technology,DE,EMEA,Women,60+,Individual contributor,6-10 years,Onsite,0,1,2026-05-05,6,4,3,3,2,2,3,2,2,3,4,2,2,5,4,4,3,2,2
R02721,T110,Technology,DE,EMEA,Women,30-39,Individual contributor,3-5 years,Hybrid,0,1,2026-05-22,6,5,4,5,3,3,4,5,4,4,2,2,3,4,3,4,4,4,4
R02722,T110,Technology,DE,EMEA,Men,50-59,Individual contributor,6-10 years,Onsite,0,1,2026-05-06,4,5,4,3,5,4,3,4,3,4,4,2,3,5,5,4,2,4,3
R02723,T110,Technology,DE,EMEA,Men,40-49,Individual contributor,1-2 years,Onsite,0,0,,,,,,,,,,,,,,,,,,,,
R02724,T110,Technology,DE,EMEA,Men,18-29,Team lead,3-5 years,Hybrid,0,1,2026-05-22,4,4,4,4,3,5,3,5,5,5,4,4,3,5,5,5,3,3,3
R02725,T110,Technology,DE,EMEA,Women,30-39,Team lead,1-2 years,Remote,0,1,2026-05-07,9,3,3,2,2,2,2,2,2,2,4,3,5,4,3,4,5,4,4
R02726,T110,Technology,DE,EMEA,Women,30-39,Individual contributor,1-2 years,Hybrid,0,0,,,,,,,,,,,,,,,,,,,,
R02727,T110,Technology,DE,EMEA,Women,40-49,Individual contributor,1-2 years,Onsite,0,1,2026-05-06,6,4,4,5,3,4,3,4,3,4,3,4,4,2,3,2,3,3,3
R02728,T110,Technology,DE,EMEA,Women,40-49,Team lead,3-5 years,Onsite,0,1,2026-05-13,8,5,3,4,4,3,3,4,4,4,4,3,5,5,5,4,4,5,4
R02729,T110,Technology,DE,EMEA,Men,50-59,Individual contributor,6-10 years,Hybrid,0,1,2026-05-16,8,5,5,3,5,5,5,4,4,4,2,3,3,4,3,3,5,5,4
R02730,T111,Technology,IN,APAC,Women,60+,Manager,1-2 years,Remote,0,1,2026-05-05,5,4,5,5,3,2,3,4,3,4,2,2,4,5,5,4,5,3,3
R02731,T111,Technology,IN,APAC,Men,40-49,Senior leader,1-2 years,Hybrid,0,1,2026-05-21,7,4,3,5,4,5,4,4,5,4,4,4,5,5,5,5,5,5,4
R02732,T111,Technology,IN,APAC,Women,50-59,Team lead,10 years +,Remote,0,1,2026-05-20,6,4,3,5,3,4,4,3,5,4,4,3,4,5,5,5,4,3,3
R02733,T111,Technology,IN,APAC,Women,40-49,Individual contributor,3-5 years,Hybrid,0,0,,,,,,,,,,,,,,,,,,,,
R02734,T111,Technology,IN,APAC,Men,18-29,Team lead,1-2 years,Onsite,0,1,2026-05-18,7,4,4,4,5,5,3,4,3,4,4,4,4,5,5,5,5,4,5
R02735,T111,Technology,IN,APAC,Men,50-59,Team lead,< 1 year,Onsite,0,1,2026-05-05,7,5,5,5,4,4,4,3,4,4,4,4,4,5,5,5,5,5,3
R02736,T111,Technology,IN,APAC,Women,18-29,Individual contributor,3-5 years,Hybrid,0,0,,,,,,,,,,,,,,,,,,,,
R02737,T111,Technology,IN,APAC,Men,40-49,Individual contributor,10 years +,Hybrid,0,0,,,,,,,,,,,,,,,,,,,,
R02738,T111,Technology,IN,APAC,Men,30-39,Individual contributor,3-5 years,Hybrid,0,0,,,,,,,,,,,,,,,,,,,,
R02739,T111,Technology,IN,APAC,Women,40-49,Team lead,< 1 year,Remote,0,1,2026-05-12,10,5,4,4,3,4,4,3,4,3,5,3,5,5,5,5,4,4,5
R02740,T111,Technology,IN,APAC,Women,40-49,Individual contributor,10 years +,Hybrid,0,1,2026-05-04,8,4,5,4,5,4,3,3,4,4,5,4,4,2,2,3,4,5,2
R02741,T111,Technology,IN,APAC,Men,50-59,Manager,< 1 year,Onsite,0,1,2026-05-22,9,3,3,3,4,4,3,5,4,5,5,5,5,5,5,5,5,4,4
R02742,T111,Technology,IN,APAC,Men,40-49,Individual contributor,< 1 year,Hybrid,0,1,2026-05-16,7,3,5,3,3,1,2,3,5,5,3,4,5,5,5,5,5,2,4
R02743,T111,Technology,IN,APAC,Men,30-39,Individual contributor,< 1 year,Hybrid,0,1,2026-05-05,9,4,4,5,2,4,3,4,4,3,3,3,4,4,4,4,4,3,4
R02744,T111,Technology,IN,APAC,Women,30-39,Individual contributor,< 1 year,Remote,0,1,2026-05-14,7,4,4,5,3,3,4,3,4,3,4,4,4,4,4,2,2,3,3
R02745,T111,Technology,IN,APAC,Men,18-29,Individual contributor,< 1 year,Hybrid,0,1,2026-05-05,7,5,5,4,4,4,5,4,2,4,5,5,5,5,5,4,5,4,4
R02746,T111,Technology,IN,APAC,Men,40-49,Manager,3-5 years,Hybrid,0,1,2026-05-12,7,4,3,4,4,4,4,2,3,5,3,2,2,5,5,5,4,4,2
R02747,T111,Technology,IN,APAC,Men,30-39,Individual contributor,3-5 years,Hybrid,0,1,2026-05-22,7,3,5,4,3,5,3,5,4,4,2,4,3,5,5,4,4,5,4
R02748,T111,Technology,IN,APAC,Men,50-59,Individual contributor,1-2 years,Hybrid,0,0,,,,,,,,,,,,,,,,,,,,
R02749,T111,Technology,IN,APAC,Women,18-29,Senior leader,< 1 year,Hybrid,0,1,2026-05-05,5,4,5,4,5,5,5,4,5,5,3,3,3,5,4,3,4,4,3
R02750,T111,Technology,IN,APAC,Men,50-59,Individual contributor,1-2 years,Hybrid,0,0,,,,,,,,,,,,,,,,,,,,
R02751,T111,Technology,IN,APAC,Women,40-49,Individual contributor,10 years +,Onsite,0,0,,,,,,,,,,,,,,,,,,,,
R02752,T111,Technology,IN,APAC,Men,30-39,Individual contributor,1-2 years,Hybrid,0,1,2026-05-13,5,4,5,4,3,4,3,4,4,4,2,4,2,5,5,5,4,5,2
R02753,T111,Technology,IN,APAC,Men,18-29,Individual contributor,3-5 years,Onsite,0,1,2026-05-20,7,4,4,3,1,2,4,2,3,3,4,5,5,5,5,5,5,4,4
R02754,T111,Technology,IN,APAC,Men,40-49,Individual contributor,< 1 year,Hybrid,0,1,2026-05-22,10,5,5,4,4,4,4,5,5,5,2,4,4,5,5,5,5,5,5
R02755,T111,Technology,IN,APAC,Women,18-29,Individual contributor,6-10 years,Hybrid,0,1,2026-05-13,7,4,4,5,3,3,3,3,2,2,2,1,3,4,5,4,4,3,2
R02756,T111,Technology,IN,APAC,Men,30-39,Individual contributor,< 1 year,Hybrid,0,1,2026-05-04,10,5,4,3,4,4,4,3,3,4,2,2,4,5,5,5,5,5,4
R02757,T111,Technology,IN,APAC,Men,40-49,Individual contributor,3-5 years,Hybrid,0,1,2026-05-16,6,4,5,4,3,3,3,5,5,4,2,4,3,4,4,5,3,3,2
R02758,T111,Technology,IN,APAC,Men,18-29,Team lead,10 years +,Remote,0,1,2026-05-21,9,4,3,3,4,3,2,4,4,4,2,4,3,4,5,4,4,4,4
R02759,T111,Technology,IN,APAC,Men,40-49,Individual contributor,10 years +,Remote,0,1,2026-05-05,7,4,3,4,4,3,4,3,2,3,3,3,4,5,5,4,3,3,3
R02760,T111,Technology,IN,APAC,Non-binary / self-described,40-49,Individual contributor,1-2 years,Hybrid,0,0,,,,,,,,,,,,,,,,,,,,
R02761,T111,Technology,IN,APAC,Women,18-29,Manager,3-5 years,Remote,0,1,2026-05-15,10,5,5,5,2,2,4,5,4,4,4,3,5,4,4,3,4,4,5
R02762,T111,Technology,IN,APAC,Non-binary / self-described,40-49,Senior leader,< 1 year,Hybrid,0,1,2026-05-11,7,4,4,5,5,5,5,3,4,4,2,2,3,4,5,5,2,3,2
R02763,T111,Technology,IN,APAC,Non-binary / self-described,30-39,Individual contributor,6-10 years,Hybrid,0,1,2026-05-20,6,4,5,5,4,3,4,4,3,3,4,5,4,4,4,4,4,4,3
R02764,T111,Technology,IN,APAC,Women,30-39,Individual contributor,6-10 years,Hybrid,0,0,,,,,,,,,,,,,,,,,,,,
R02765,T111,Technology,IN,APAC,Women,40-49,Individual contributor,< 1 year,Hybrid,0,1,2026-05-19,10,5,5,4,4,4,4,3,4,4,2,2,2,5,5,5,5,4,4
R02766,T111,Technology,IN,APAC,Men,50-59,Individual contributor,3-5 years,Onsite,0,1,2026-05-22,8,5,5,5,3,3,3,3,2,4,4,3,5,4,5,4,4,5,3
R02767,T111,Technology,IN,APAC,Men,18-29,Individual contributor,3-5 years,Hybrid,0,1,2026-05-14,9,3,4,2,4,5,5,4,4,5,3,4,5,5,5,5,4,4,5
R02768,T111,Technology,IN,APAC,Men,50-59,Individual contributor,1-2 years,Onsite,0,1,2026-05-04,4,4,4,5,4,4,5,3,2,2,3,3,4,4,3,4,2,2,2
R02769,T111,Technology,IN,APAC,Women,30-39,Team lead,6-10 years,Onsite,0,1,2026-05-07,7,5,5,5,4,4,3,4,3,3,4,5,5,5,4,5,5,4,3
R02770,T112,Technology,DE,EMEA,Women,30-39,Manager,1-2 years,Hybrid,0,1,2026-05-19,7,4,5,5,4,5,4,4,4,4,4,4,4,3,3,4,4,3,3
R02771,T112,Technology,DE,EMEA,Men,40-49,Senior leader,1-2 years,Onsite,0,1,2026-05-15,9,4,5,5,4,5,5,3,2,3,4,4,4,4,4,2,4,5,4
R02772,T112,Technology,DE,EMEA,Men,18-29,Individual contributor,10 years +,Remote,0,1,2026-05-04,7,4,5,4,5,5,5,3,3,3,4,4,4,3,3,2,5,4,4
R02773,T112,Technology,DE,EMEA,Women,18-29,Individual contributor,6-10 years,Hybrid,0,1,2026-05-06,8,4,5,4,3,4,3,4,4,4,4,2,5,4,4,4,3,4,3
R02774,T112,Technology,DE,EMEA,Men,40-49,Individual contributor,3-5 years,Hybrid,0,1,2026-05-04,7,4,4,3,5,4,5,5,3,4,3,5,5,4,3,4,4,3,2
R02775,T112,Technology,DE,EMEA,Men,40-49,Individual contributor,10 years +,Hybrid,0,1,2026-05-22,4,5,5,5,3,5,4,4,4,5,5,5,5,3,3,3,4,3,3
R02776,T112,Technology,DE,EMEA,Men,40-49,Individual contributor,3-5 years,Onsite,0,1,2026-05-17,10,4,5,3,4,4,4,3,4,4,4,4,5,4,4,2,5,5,4
R02777,T112,Technology,DE,EMEA,Women,18-29,Individual contributor,6-10 years,Hybrid,0,1,2026-05-14,5,3,5,3,4,4,5,2,4,3,3,4,3,3,2,1,2,2,4
R02778,T112,Technology,DE,EMEA,Men,30-39,Individual contributor,3-5 years,Onsite,1,1,2026-05-22,9,3,4,3,5,5,5,4,4,4,3,3,4,2,3,3,4,5,4
R02779,T112,Technology,DE,EMEA,Men,40-49,Team lead,1-2 years,Hybrid,0,0,,,,,,,,,,,,,,,,,,,,
R02780,T112,Technology,DE,EMEA,Women,30-39,Individual contributor,1-2 years,Hybrid,0,1,2026-05-06,7,5,4,5,4,3,4,4,3,4,4,5,5,3,3,3,4,3,4
R02781,T112,Technology,DE,EMEA,Non-binary / self-described,18-29,Individual contributor,3-5 years,Hybrid,0,1,2026-05-12,6,3,3,3,5,4,3,3,3,4,3,4,5,4,5,4,4,3,3
R02782,T112,Technology,DE,EMEA,Men,40-49,Individual contributor,< 1 year,Remote,0,1,2026-05-05,5,4,4,5,3,4,5,3,4,4,4,3,2,4,4,2,3,2,2
R02783,T112,Technology,DE,EMEA,Women,18-29,Manager,1-2 years,Onsite,0,1,2026-05-18,8,5,5,5,4,3,4,1,2,1,3,4,4,4,5,5,4,4,3
R02784,T112,Technology,DE,EMEA,Men,30-39,Individual contributor,< 1 year,Onsite,0,1,2026-05-19,7,4,4,3,4,2,3,4,4,5,5,3,5,3,2,2,5,4,4
R02785,T112,Technology,DE,EMEA,Men,18-29,Individual contributor,1-2 years,Hybrid,0,1,2026-05-15,8,4,4,3,5,4,2,4,4,3,2,3,3,4,5,4,4,3,3
R02786,T112,Technology,DE,EMEA,Men,30-39,Individual contributor,3-5 years,Hybrid,0,1,2026-05-22,9,3,4,4,4,4,3,3,2,2,4,4,3,5,5,4,5,5,4
R02787,T112,Technology,DE,EMEA,Men,30-39,Individual contributor,3-5 years,Onsite,1,1,2026-05-20,7,3,3,4,4,5,5,3,3,2,5,4,5,2,3,3,5,5,3
R02788,T112,Technology,DE,EMEA,Men,50-59,Manager,1-2 years,Onsite,0,1,2026-05-04,9,3,5,4,4,4,4,4,4,4,5,5,5,2,3,3,5,4,4
R02789,T113,Technology,PL,EMEA,Non-binary / self-described,18-29,Individual contributor,10 years +,Remote,0,1,2026-05-22,6,4,4,4,2,3,3,5,4,5,4,5,3,5,4,2,4,2,2
R02790,T113,Technology,PL,EMEA,Women,50-59,Team lead,3-5 years,Onsite,0,1,2026-05-09,7,4,4,4,4,4,4,3,3,4,4,2,3,4,4,4,5,4,4
R02791,T113,Technology,PL,EMEA,Women,50-59,Senior leader,< 1 year,Onsite,0,1,2026-05-21,10,5,4,4,5,4,5,4,4,5,4,4,5,5,4,4,5,4,4
R02792,T113,Technology,PL,EMEA,Women,50-59,Individual contributor,3-5 years,Onsite,0,0,,,,,,,,,,,,,,,,,,,,
R02793,T113,Technology,PL,EMEA,Women,18-29,Individual contributor,1-2 years,Onsite,0,0,,,,,,,,,,,,,,,,,,,,
R02794,T113,Technology,PL,EMEA,Men,40-49,Individual contributor,< 1 year,Onsite,0,1,2026-05-17,9,4,4,4,5,5,4,4,4,4,3,2,2,4,4,3,5,5,5
R02795,T113,Technology,PL,EMEA,Men,18-29,Team lead,3-5 years,Hybrid,0,1,2026-05-19,6,5,4,4,2,3,3,5,5,5,4,2,4,2,3,3,4,3,4
R02796,T113,Technology,PL,EMEA,Women,50-59,Individual contributor,3-5 years,Remote,0,0,,,,,,,,,,,,,,,,,,,,
R02797,T113,Technology,PL,EMEA,Women,50-59,Individual contributor,6-10 years,Hybrid,0,1,2026-05-04,7,4,4,3,4,5,4,3,4,3,5,3,4,5,5,4,4,5,4
R02798,T113,Technology,PL,EMEA,Men,40-49,Individual contributor,3-5 years,Onsite,0,1,2026-05-22,6,4,4,4,3,5,4,4,3,3,4,4,3,4,4,4,4,3,3
R02799,T113,Technology,PL,EMEA,Men,18-29,Individual contributor,3-5 years,Hybrid,0,1,2026-05-09,7,5,5,4,1,1,2,5,5,5,5,4,4,4,4,5,5,5,4
R02800,T113,Technology,PL,EMEA,Men,40-49,Individual contributor,3-5 years,Onsite,0,1,2026-05-20,5,4,5,4,4,4,3,4,4,4,2,3,3,5,4,5,4,4,3
R02801,T113,Technology,PL,EMEA,Men,50-59,Individual contributor,< 1 year,Onsite,0,1,2026-05-16,9,4,4,4,4,2,3,4,5,5,5,4,4,5,5,5,5,3,4
R02802,T113,Technology,PL,EMEA,Men,50-59,Team lead,3-5 years,Onsite,0,1,2026-05-04,9,4,5,5,4,4,4,3,3,4,5,5,5,4,3,3,4,5,5
R02803,T113,Technology,PL,EMEA,Men,60+,Individual contributor,3-5 years,Hybrid,0,1,2026-05-16,8,4,4,5,4,4,4,4,4,4,4,3,4,4,4,5,5,5,3
R02804,T113,Technology,PL,EMEA,Men,40-49,Team lead,1-2 years,Hybrid,0,1,2026-05-15,7,4,5,4,5,5,5,5,5,5,3,3,3,5,5,5,5,4,3
R02805,T113,Technology,PL,EMEA,Women,40-49,Team lead,10 years +,Hybrid,0,1,2026-05-07,10,5,5,5,4,4,3,4,3,4,5,5,5,4,5,4,5,5,5
R02806,T113,Technology,PL,EMEA,Women,18-29,Individual contributor,1-2 years,Onsite,0,0,,,,,,,,,,,,,,,,,,,,
R02807,T113,Technology,PL,EMEA,Women,30-39,Individual contributor,6-10 years,Hybrid,0,0,,,,,,,,,,,,,,,,,,,,
R02808,T113,Technology,PL,EMEA,Men,60+,Individual contributor,1-2 years,Hybrid,0,0,,,,,,,,,,,,,,,,,,,,
R02809,T113,Technology,PL,EMEA,Non-binary / self-described,40-49,Individual contributor,3-5 years,Remote,0,1,2026-05-19,6,4,3,4,3,3,4,5,5,4,3,3,3,2,3,2,5,4,3
R02810,T114,Technology,DE,EMEA,Men,18-29,Individual contributor,3-5 years,Onsite,0,1,2026-05-16,7,4,5,5,3,3,3,5,2,4,5,5,5,5,5,4,5,5,4
R02811,T114,Technology,DE,EMEA,Women,18-29,Manager,3-5 years,Onsite,0,1,2026-05-18,9,3,5,3,5,5,5,2,4,4,3,3,4,5,4,3,5,4,3
R02812,T114,Technology,DE,EMEA,Women,40-49,Team lead,< 1 year,Onsite,0,1,2026-05-04,8,4,5,4,4,4,5,4,4,5,3,5,4,4,5,5,4,4,4
R02813,T114,Technology,DE,EMEA,Women,40-49,Individual contributor,< 1 year,Remote,0,1,2026-05-04,9,5,5,5,4,5,4,3,3,3,2,2,4,4,4,4,2,3,3
R02814,T114,Technology,DE,EMEA,Women,40-49,Individual contributor,10 years +,Onsite,0,1,2026-05-04,5,4,5,4,4,5,4,3,3,2,3,2,2,3,4,3,3,3,2
R02815,T114,Technology,DE,EMEA,Women,30-39,Individual contributor,< 1 year,Onsite,0,1,2026-05-13,7,5,3,4,3,5,3,4,4,4,3,4,4,5,5,5,4,3,3
R02816,T114,Technology,DE,EMEA,Women,18-29,Individual contributor,6-10 years,Onsite,0,1,2026-05-20,7,3,2,3,3,4,4,3,4,5,2,1,1,4,4,4,3,3,2
R02817,T114,Technology,DE,EMEA,Women,18-29,Individual contributor,6-10 years,Remote,0,1,2026-05-22,8,4,4,4,3,3,4,3,4,4,2,4,4,5,5,4,5,5,3
R02818,T114,Technology,DE,EMEA,Women,30-39,Individual contributor,10 years +,Hybrid,0,0,,,,,,,,,,,,,,,,,,,,
R02819,T114,Technology,DE,EMEA,Men,40-49,Individual contributor,3-5 years,Onsite,0,1,2026-05-07,9,5,2,3,2,3,5,2,2,4,2,3,4,4,4,5,5,4,4
R02820,T114,Technology,DE,EMEA,Women,30-39,Team lead,6-10 years,Hybrid,0,1,2026-05-13,7,5,4,4,4,4,4,3,2,3,4,3,5,5,5,4,5,5,3
R02821,T114,Technology,DE,EMEA,Women,30-39,Individual contributor,3-5 years,Onsite,0,1,2026-05-04,8,5,5,5,5,5,5,4,4,4,2,1,2,4,5,4,4,4,4
R02822,T114,Technology,DE,EMEA,Men,50-59,Individual contributor,< 1 year,Onsite,0,1,2026-05-21,10,4,5,4,4,4,3,5,4,5,4,4,5,4,4,4,5,3,4
R02823,T114,Technology,DE,EMEA,Men,30-39,Team lead,6-10 years,Hybrid,0,1,2026-05-21,9,4,4,4,4,4,4,5,3,4,3,3,3,5,4,4,4,3,3
R02824,T114,Technology,DE,EMEA,Women,18-29,Individual contributor,3-5 years,Onsite,0,1,2026-05-04,7,3,4,3,4,3,3,2,3,3,2,2,3,3,3,2,5,3,4
R02825,T114,Technology,DE,EMEA,Men,18-29,Individual contributor,< 1 year,Hybrid,0,1,2026-05-09,6,4,5,5,5,2,5,5,5,5,4,3,3,5,4,4,4,4,4
R02826,T114,Technology,DE,EMEA,Women,30-39,Individual contributor,10 years +,Remote,0,0,,,,,,,,,,,,,,,,,,,,
R02827,T114,Technology,DE,EMEA,Women,18-29,Team lead,< 1 year,Onsite,0,1,2026-05-07,9,5,5,5,5,5,5,4,4,4,4,4,5,4,5,5,5,5,5
R02828,T114,Technology,DE,EMEA,Non-binary / self-described,40-49,Team lead,6-10 years,Hybrid,0,1,2026-05-06,8,5,5,4,4,3,4,3,4,4,5,3,4,3,5,2,2,3,3
R02829,T114,Technology,DE,EMEA,Non-binary / self-described,40-49,Team lead,3-5 years,Onsite,0,0,,,,,,,,,,,,,,,,,,,,
R02830,T114,Technology,DE,EMEA,Women,40-49,Individual contributor,6-10 years,Hybrid,0,0,,,,,,,,,,,,,,,,,,,,
R02831,T114,Technology,DE,EMEA,Men,18-29,Individual contributor,10 years +,Remote,0,1,2026-05-22,8,2,2,3,2,3,2,2,2,4,3,2,2,4,4,5,3,3,3
R02832,T114,Technology,DE,EMEA,Women,30-39,Individual contributor,3-5 years,Hybrid,0,1,2026-05-04,7,5,4,3,3,3,4,3,1,3,2,2,4,4,5,5,4,5,4
R02833,T114,Technology,DE,EMEA,Women,18-29,Individual contributor,1-2 years,Onsite,0,1,2026-05-21,6,3,4,4,3,4,4,3,3,3,2,4,3,3,3,4,4,2,2
R02834,T114,Technology,DE,EMEA,Men,18-29,Individual contributor,10 years +,Remote,0,1,2026-05-20,7,5,5,4,5,4,5,3,4,4,3,3,2,5,5,3,3,4,3
R02835,T114,Technology,DE,EMEA,Men,50-59,Individual contributor,< 1 year,Onsite,0,1,2026-05-06,10,4,5,4,5,3,4,3,4,5,3,3,4,5,5,4,4,5,4
R02836,T114,Technology,DE,EMEA,Men,40-49,Individual contributor,6-10 years,Onsite,0,0,,,,,,,,,,,,,,,,,,,,
R02837,T114,Technology,DE,EMEA,Women,40-49,Manager,6-10 years,Hybrid,0,1,2026-05-17,3,3,3,3,5,5,4,2,3,5,4,4,5,3,4,5,3,3,2
R02838,T114,Technology,DE,EMEA,Men,30-39,Individual contributor,< 1 year,Onsite,0,1,2026-05-05,7,2,4,3,5,4,5,4,4,4,4,5,4,5,5,5,5,4,3
R02839,T114,Technology,DE,EMEA,Women,40-49,Individual contributor,10 years +,Onsite,0,1,2026-05-07,8,2,2,2,2,4,4,4,3,2,4,2,4,5,5,4,4,4,4
R02840,T114,Technology,DE,EMEA,Non-binary / self-described,50-59,Individual contributor,6-10 years,Onsite,0,1,2026-05-21,9,5,5,4,4,4,4,4,3,4,5,3,5,4,4,2,5,5,4
R02841,T114,Technology,DE,EMEA,Men,50-59,Individual contributor,3-5 years,Onsite,0,1,2026-05-04,7,2,3,3,4,5,4,4,4,4,3,3,3,5,5,5,4,4,3
R02842,T114,Technology,DE,EMEA,Women,40-49,Individual contributor,3-5 years,Onsite,0,1,2026-05-09,7,4,4,4,4,5,3,4,3,4,5,4,5,2,3,3,4,4,4
R02843,T114,Technology,DE,EMEA,Women,40-49,Team lead,< 1 year,Onsite,0,1,2026-05-04,8,4,5,4,4,4,3,5,5,5,3,3,3,4,4,4,4,3,4
R02844,T114,Technology,DE,EMEA,Men,40-49,Individual contributor,6-10 years,Onsite,0,1,2026-05-09,8,4,5,5,3,3,3,4,4,5,4,2,2,5,3,4,2,3,4
R02845,T114,Technology,DE,EMEA,Men,40-49,Individual contributor,3-5 years,Hybrid,0,1,2026-05-14,4,2,4,3,5,5,5,2,3,3,3,3,4,4,5,4,4,3,3
R02846,T114,Technology,DE,EMEA,Men,30-39,Individual contributor,1-2 years,Onsite,0,1,2026-05-04,7,5,4,4,3,5,5,3,5,5,2,3,4,4,3,4,3,4,3
R02847,T114,Technology,DE,EMEA,Men,40-49,Individual contributor,3-5 years,Remote,0,0,,,,,,,,,,,,,,,,,,,,
R02848,T114,Technology,DE,EMEA,Women,18-29,Individual contributor,3-5 years,Onsite,0,1,2026-05-09,8,5,5,5,4,4,3,4,4,4,1,2,2,3,4,3,3,3,5
R02849,T114,Technology,DE,EMEA,Women,30-39,Individual contributor,3-5 years,Onsite,0,1,2026-05-21,5,5,4,4,2,3,2,1,2,4,4,4,4,3,3,3,3,3,2
R02850,T115,Technology,SG,APAC,Women,40-49,Team lead,6-10 years,Onsite,0,1,2026-05-17,10,4,5,3,5,5,5,4,4,5,5,5,4,3,4,3,4,5,4
R02851,T115,Technology,SG,APAC,Men,30-39,Individual contributor,6-10 years,Remote,0,0,,,,,,,,,,,,,,,,,,,,
R02852,T115,Technology,SG,APAC,Women,18-29,Team lead,6-10 years,Onsite,0,1,2026-05-16,10,5,4,4,4,5,5,4,2,3,4,4,4,1,2,2,4,5,4
R02853,T115,Technology,SG,APAC,Men,18-29,Individual contributor,10 years +,Onsite,0,1,2026-05-06,8,4,4,5,4,3,4,2,2,3,3,3,3,4,3,4,2,3,2
R02854,T115,Technology,SG,APAC,Men,30-39,Individual contributor,10 years +,Onsite,0,1,2026-05-13,8,3,4,4,3,5,4,2,2,3,3,4,4,3,4,3,2,3,4
R02855,T115,Technology,SG,APAC,Men,30-39,Team lead,1-2 years,Hybrid,0,1,2026-05-21,7,5,5,5,5,5,5,2,3,3,4,3,3,2,4,2,4,3,4
R02856,T115,Technology,SG,APAC,Women,40-49,Individual contributor,< 1 year,Hybrid,0,1,2026-05-15,8,5,5,4,5,4,4,4,4,3,4,5,3,5,5,5,4,4,3
R02857,T115,Technology,SG,APAC,Men,40-49,Individual contributor,10 years +,Onsite,0,1,2026-05-06,9,4,3,3,4,4,4,3,3,4,4,4,5,5,5,4,4,4,4
R02858,T115,Technology,SG,APAC,Women,50-59,Team lead,3-5 years,Onsite,0,1,2026-05-19,7,5,5,5,5,5,5,4,4,4,2,3,3,3,4,3,4,3,4
R02859,T115,Technology,SG,APAC,Men,30-39,Team lead,6-10 years,Remote,0,1,2026-05-05,8,5,4,4,5,4,5,4,4,4,4,4,5,3,3,2,4,5,5
R02860,T115,Technology,SG,APAC,Women,40-49,Individual contributor,6-10 years,Hybrid,0,1,2026-05-04,7,5,5,5,4,5,5,3,3,4,3,1,2,5,4,3,5,5,5
R02861,T115,Technology,SG,APAC,Women,50-59,Individual contributor,1-2 years,Onsite,0,1,2026-05-22,9,5,3,4,2,2,3,4,4,2,5,4,4,3,3,2,3,3,4
R02862,T115,Technology,SG,APAC,Women,18-29,Team lead,1-2 years,Remote,0,1,2026-05-05,6,5,5,5,4,3,3,4,3,5,5,4,3,4,5,5,5,4,3
R02863,T115,Technology,SG,APAC,Men,18-29,Individual contributor,1-2 years,Hybrid,0,1,2026-05-22,8,5,4,4,4,4,3,2,4,5,5,5,5,4,4,4,4,5,4
R02864,T115,Technology,SG,APAC,Women,60+,Individual contributor,10 years +,Onsite,0,1,2026-05-10,8,5,5,5,3,3,3,4,4,5,5,3,5,4,4,2,4,3,3
R02865,T115,Technology,SG,APAC,Women,60+,Individual contributor,3-5 years,Hybrid,0,1,2026-05-15,6,5,5,3,4,5,4,4,5,5,4,5,4,4,3,2,5,3,4
R02866,T115,Technology,SG,APAC,Men,30-39,Individual contributor,< 1 year,Hybrid,0,1,2026-05-06,8,4,3,4,4,5,5,4,3,4,5,5,5,2,3,3,5,2,4
R02867,T115,Technology,SG,APAC,Men,50-59,Individual contributor,< 1 year,Hybrid,0,1,2026-05-20,9,5,5,4,5,3,3,4,4,4,1,2,3,2,3,2,4,4,4
R02868,T115,Technology,SG,APAC,Women,50-59,Individual contributor,6-10 years,Onsite,0,1,2026-05-11,7,4,1,3,5,5,4,3,3,4,3,3,3,4,4,3,3,4,2
R02869,T115,Technology,SG,APAC,Men,18-29,Individual contributor,1-2 years,Hybrid,0,1,2026-05-07,5,4,3,3,5,4,4,3,4,3,3,2,4,5,4,4,4,4,2
R02870,T115,Technology,SG,APAC,Women,30-39,Individual contributor,< 1 year,Hybrid,0,1,2026-05-18,8,5,4,5,5,4,5,3,4,4,4,4,4,4,4,3,5,4,4
R02871,T115,Technology,SG,APAC,Non-binary / self-described,30-39,Team lead,3-5 years,Remote,0,1,2026-05-10,7,4,4,4,4,5,3,5,4,5,4,5,4,4,4,2,4,4,3
R02872,T115,Technology,SG,APAC,Women,40-49,Team lead,3-5 years,Hybrid,0,0,,,,,,,,,,,,,,,,,,,,
R02873,T115,Technology,SG,APAC,Women,18-29,Team lead,1-2 years,Onsite,0,0,,,,,,,,,,,,,,,,,,,,
R02874,T115,Technology,SG,APAC,Men,40-49,Team lead,1-2 years,Remote,0,1,2026-05-22,6,3,5,5,3,4,5,4,5,5,5,4,4,2,4,2,5,4,4
R02875,T115,Technology,SG,APAC,Men,40-49,Individual contributor,3-5 years,Onsite,1,1,2026-05-05,9,4,5,4,4,3,4,4,3,5,3,5,2,4,4,2,2,4,3
R02876,T116,Technology,US,North America,Men,30-39,Individual contributor,10 years +,Hybrid,0,1,2026-05-21,10,5,5,5,5,5,5,4,3,4,5,4,5,5,5,5,5,4,4
R02877,T116,Technology,US,North America,Women,40-49,Individual contributor,10 years +,Onsite,1,0,,,,,,,,,,,,,,,,,,,,
R02878,T116,Technology,US,North America,Women,18-29,Team lead,6-10 years,Remote,0,1,2026-05-08,9,3,5,4,4,3,3,3,3,3,3,2,4,4,5,5,4,4,4
R02879,T116,Technology,US,North America,Men,18-29,Manager,1-2 years,Onsite,0,1,2026-05-14,5,2,4,2,5,3,2,4,4,4,5,4,5,5,5,5,4,4,2
R02880,T116,Technology,US,North America,Women,30-39,Individual contributor,3-5 years,Onsite,0,1,2026-05-05,6,5,5,5,3,3,3,4,4,5,3,4,4,4,5,4,4,4,2
R02881,T116,Technology,US,North America,Men,50-59,Individual contributor,10 years +,Remote,0,1,2026-05-04,9,5,5,4,2,2,4,4,4,2,2,3,3,5,5,4,4,3,2
R02882,T116,Technology,US,North America,Men,40-49,Individual contributor,6-10 years,Hybrid,0,1,2026-05-11,8,5,5,4,2,2,4,5,4,5,2,2,3,5,5,4,3,4,3
R02883,T116,Technology,US,North America,Men,60+,Individual contributor,3-5 years,Onsite,0,1,2026-05-05,8,4,4,4,5,4,5,4,2,5,2,3,3,5,5,5,4,4,3
R02884,T116,Technology,US,North America,Women,50-59,Individual contributor,1-2 years,Onsite,0,0,,,,,,,,,,,,,,,,,,,,
R02885,T116,Technology,US,North America,Men,30-39,Individual contributor,10 years +,Onsite,0,1,2026-05-19,8,5,4,4,3,5,5,3,4,4,3,2,3,5,4,4,4,5,3
R02886,T116,Technology,US,North America,Women,18-29,Team lead,6-10 years,Hybrid,0,1,2026-05-05,6,4,4,3,4,4,4,4,3,3,3,3,3,5,5,4,4,4,3
R02887,T116,Technology,US,North America,Women,30-39,Individual contributor,< 1 year,Onsite,0,1,2026-05-09,10,5,5,5,3,4,5,5,4,5,2,1,2,5,5,5,5,5,4
R02888,T116,Technology,US,North America,Men,50-59,Individual contributor,< 1 year,Hybrid,0,1,2026-05-19,9,5,5,5,3,3,2,5,5,4,4,2,4,5,4,4,3,4,4
R02889,T116,Technology,US,North America,Men,30-39,Team lead,1-2 years,Onsite,1,1,2026-05-05,7,3,4,3,1,3,3,4,5,5,2,3,3,5,5,5,3,4,3
R02890,T116,Technology,US,North America,Men,30-39,Individual contributor,1-2 years,Onsite,0,1,2026-05-05,10,5,5,5,4,4,4,5,5,4,4,3,5,5,5,3,5,5,5
R02891,T116,Technology,US,North America,Women,18-29,Individual contributor,3-5 years,Onsite,0,1,2026-05-05,9,5,5,4,4,4,3,5,4,4,4,4,3,5,5,5,5,5,3
R02892,T116,Technology,US,North America,Men,30-39,Team lead,< 1 year,Remote,0,1,2026-05-17,7,5,5,4,3,4,4,5,5,5,4,3,4,5,5,5,5,4,3
R02893,T116,Technology,US,North America,Women,40-49,Team lead,10 years +,Onsite,0,1,2026-05-21,6,4,5,3,2,4,3,3,4,4,3,3,4,5,5,5,3,4,2
R02894,T116,Technology,US,North America,Women,40-49,Manager,< 1 year,Remote,0,1,2026-05-05,9,5,4,5,3,3,4,5,5,5,3,3,5,5,5,5,5,4,4
R02895,T116,Technology,US,North America,Men,50-59,Individual contributor,3-5 years,Onsite,0,1,2026-05-05,8,5,5,5,3,5,4,3,4,4,4,3,4,5,5,5,4,4,4
R02896,T116,Technology,US,North America,Men,40-49,Team lead,< 1 year,Hybrid,0,1,2026-05-11,9,5,5,5,4,3,3,5,5,5,4,4,3,5,5,4,5,5,5
R02897,T116,Technology,US,North America,Men,50-59,Individual contributor,1-2 years,Onsite,0,1,2026-05-22,9,5,4,3,5,5,5,4,3,3,3,3,3,5,5,5,4,5,5
R02898,T116,Technology,US,North America,Women,18-29,Individual contributor,3-5 years,Hybrid,0,1,2026-05-15,7,5,4,3,5,5,3,5,4,5,4,4,4,5,5,4,3,4,2
R02899,T116,Technology,US,North America,Men,40-49,Team lead,1-2 years,Onsite,0,1,2026-05-04,7,5,5,5,4,4,4,4,4,3,3,5,4,5,5,5,5,5,4
R02900,T116,Technology,US,North America,Men,30-39,Individual contributor,3-5 years,Hybrid,0,1,2026-05-22,10,4,5,3,3,4,2,4,3,5,4,4,4,5,5,5,4,4,5
R02901,T116,Technology,US,North America,Women,30-39,Individual contributor,10 years +,Onsite,0,1,2026-05-06,8,4,3,4,4,2,3,4,3,5,4,2,4,5,5,5,4,5,4
R02902,T116,Technology,US,North America,Men,40-49,Individual contributor,1-2 years,Onsite,0,1,2026-05-12,7,4,5,5,3,2,3,4,4,5,3,3,5,5,5,5,5,4,3
R02903,T116,Technology,US,North America,Women,40-49,Individual contributor,1-2 years,Hybrid,0,1,2026-05-09,10,3,4,4,4,4,5,5,3,4,5,4,4,4,5,5,5,5,5
R02904,T116,Technology,US,North America,Men,30-39,Team lead,3-5 years,Remote,0,0,,,,,,,,,,,,,,,,,,,,
R02905,T116,Technology,US,North America,Men,18-29,Individual contributor,1-2 years,Onsite,0,1,2026-05-16,7,3,4,2,5,4,4,4,4,5,3,2,4,5,5,4,4,3,4
R02906,T116,Technology,US,North America,Women,50-59,Individual contributor,3-5 years,Hybrid,0,0,,,,,,,,,,,,,,,,,,,,
R02907,T116,Technology,US,North America,Non-binary / self-described,18-29,Manager,10 years +,Hybrid,0,0,,,,,,,,,,,,,,,,,,,,
R02908,T116,Technology,US,North America,Women,30-39,Individual contributor,1-2 years,Onsite,0,1,2026-05-13,7,5,4,4,2,3,3,3,4,4,1,2,2,4,5,4,5,4,5
R02909,T116,Technology,US,North America,Women,18-29,Individual contributor,6-10 years,Hybrid,0,0,,,,,,,,,,,,,,,,,,,,
R02910,T116,Technology,US,North America,Women,30-39,Individual contributor,< 1 year,Onsite,0,1,2026-05-20,10,5,5,5,4,5,4,4,4,5,2,3,3,5,5,5,4,4,4
R02911,T116,Technology,US,North America,Women,40-49,Individual contributor,3-5 years,Hybrid,0,1,2026-05-22,8,4,3,4,3,5,3,4,4,5,1,2,3,4,4,4,4,3,3
R02912,T116,Technology,US,North America,Men,40-49,Individual contributor,3-5 years,Onsite,0,1,2026-05-04,8,5,5,3,5,5,4,4,3,4,2,2,3,3,4,4,5,5,4
R02913,T116,Technology,US,North America,Men,50-59,Manager,6-10 years,Remote,0,1,2026-05-07,10,5,5,4,4,3,4,4,4,4,3,4,4,5,5,5,4,4,5
R02914,T117,Technology,IN,APAC,Women,40-49,Individual contributor,< 1 year,Hybrid,0,1,2026-05-06,8,4,4,4,3,3,4,3,2,5,4,4,5,3,4,5,4,3,4
R02915,T117,Technology,IN,APAC,Women,30-39,Team lead,6-10 years,Hybrid,0,1,2026-05-16,7,4,3,4,2,2,3,2,3,4,4,4,5,2,3,3,4,3,4
R02916,T117,Technology,IN,APAC,Non-binary / self-described,18-29,Individual contributor,3-5 years,Onsite,0,1,2026-05-06,7,4,3,3,2,2,2,2,2,4,3,2,3,3,4,4,3,4,3
R02917,T117,Technology,IN,APAC,Women,30-39,Senior leader,3-5 years,Onsite,0,1,2026-05-12,9,5,5,4,3,4,4,4,5,5,3,3,4,4,4,2,5,5,3
R02918,T117,Technology,IN,APAC,Women,50-59,Individual contributor,1-2 years,Onsite,0,1,2026-05-15,5,3,3,3,2,2,2,3,3,2,2,1,1,4,3,4,3,2,2
R02919,T117,Technology,IN,APAC,Men,50-59,Individual contributor,3-5 years,Onsite,0,1,2026-05-22,9,3,2,3,4,2,4,5,5,5,2,3,3,2,3,3,4,3,3
R02920,T117,Technology,IN,APAC,Men,18-29,Manager,3-5 years,Onsite,0,1,2026-05-06,3,4,2,1,3,2,2,3,3,4,2,3,4,4,4,4,2,2,2
R02921,T117,Technology,IN,APAC,Women,40-49,Individual contributor,3-5 years,Onsite,0,1,2026-05-22,6,4,3,4,3,3,4,3,3,4,3,4,3,3,3,2,4,2,5
R02922,T117,Technology,IN,APAC,Men,18-29,Team lead,3-5 years,Hybrid,0,1,2026-05-15,9,4,3,3,3,3,2,3,3,2,4,4,3,4,4,4,5,4,4
R02923,T117,Technology,IN,APAC,Women,18-29,Senior leader,3-5 years,Onsite,0,1,2026-05-19,7,4,5,2,5,5,5,5,5,5,4,3,3,5,4,4,4,3,4
R02924,T117,Technology,IN,APAC,Men,30-39,Individual contributor,10 years +,Hybrid,0,1,2026-05-15,7,2,3,2,3,3,4,3,3,4,3,4,4,3,5,4,3,2,3
R02925,T117,Technology,IN,APAC,Women,40-49,Individual contributor,3-5 years,Hybrid,0,1,2026-05-12,5,3,5,4,3,4,3,2,1,3,4,5,4,4,5,3,3,4,3
R02926,T117,Technology,IN,APAC,Women,40-49,Individual contributor,1-2 years,Hybrid,0,1,2026-05-05,7,5,4,3,4,2,3,4,3,4,3,2,3,3,3,3,4,3,4
R02927,T117,Technology,IN,APAC,Women,50-59,Individual contributor,6-10 years,Hybrid,0,1,2026-05-20,5,3,3,4,2,2,2,3,3,4,3,5,4,3,4,4,3,3,2
R02928,T117,Technology,IN,APAC,Men,30-39,Team lead,3-5 years,Hybrid,0,1,2026-05-06,6,2,5,3,2,2,3,2,3,4,3,4,4,3,2,4,4,3,3
R02929,T117,Technology,IN,APAC,Women,18-29,Individual contributor,3-5 years,Onsite,0,1,2026-05-07,6,3,3,2,2,3,2,3,2,4,2,2,3,2,3,2,3,3,2
R02930,T117,Technology,IN,APAC,Women,30-39,Team lead,6-10 years,Hybrid,0,0,,,,,,,,,,,,,,,,,,,,
R02931,T117,Technology,IN,APAC,Women,30-39,Individual contributor,10 years +,Onsite,0,1,2026-05-11,7,2,3,2,2,2,3,4,4,4,3,3,4,4,4,5,3,2,2
R02932,T117,Technology,IN,APAC,Women,60+,Individual contributor,3-5 years,Onsite,0,1,2026-05-22,3,2,3,2,3,2,2,3,2,3,3,2,2,5,4,4,1,2,1
R02933,T117,Technology,IN,APAC,Men,40-49,Individual contributor,6-10 years,Hybrid,0,1,2026-05-04,5,2,3,4,3,4,3,5,3,3,2,4,4,4,4,4,3,3,4
R02934,T117,Technology,IN,APAC,Men,30-39,Manager,6-10 years,Onsite,0,1,2026-05-06,4,2,3,3,3,3,3,2,3,3,4,4,4,2,3,3,3,3,1
R02935,T117,Technology,IN,APAC,Women,30-39,Individual contributor,< 1 year,Hybrid,0,1,2026-05-04,8,4,4,3,4,3,4,4,4,4,3,4,3,5,4,3,4,3,2
R02936,T117,Technology,IN,APAC,Men,30-39,Individual contributor,3-5 years,Hybrid,0,1,2026-05-07,3,3,4,4,3,2,2,4,3,3,3,3,4,3,3,3,3,1,2
R02937,T117,Technology,IN,APAC,Women,18-29,Team lead,< 1 year,Onsite,0,1,2026-05-19,7,4,5,4,2,2,3,3,4,4,3,4,2,5,5,4,5,4,4
R02938,T117,Technology,IN,APAC,Women,30-39,Individual contributor,6-10 years,Onsite,0,1,2026-05-07,8,4,4,5,4,4,5,4,2,3,2,3,4,4,3,3,4,4,4
R02939,T117,Technology,IN,APAC,Men,30-39,Individual contributor,10 years +,Hybrid,0,1,2026-05-22,9,3,5,4,4,4,3,3,3,3,2,2,2,4,5,4,4,4,3
R02940,T117,Technology,IN,APAC,Women,50-59,Team lead,6-10 years,Remote,0,1,2026-05-18,7,3,3,3,2,3,2,5,3,3,2,3,3,4,4,3,5,3,2
R02941,T117,Technology,IN,APAC,Non-binary / self-described,40-49,Team lead,6-10 years,Remote,0,1,2026-05-22,5,4,4,4,2,2,2,2,2,4,4,4,3,3,3,4,2,2,1
R02942,T117,Technology,IN,APAC,Men,18-29,Individual contributor,1-2 years,Remote,0,1,2026-05-17,7,3,3,4,4,4,4,4,3,3,3,3,3,4,5,4,4,3,4
R02943,T117,Technology,IN,APAC,Men,30-39,Individual contributor,6-10 years,Remote,0,1,2026-05-05,9,5,4,5,4,2,3,2,2,4,2,2,4,4,4,4,4,4,3
R02944,T117,Technology,IN,APAC,Women,50-59,Individual contributor,6-10 years,Hybrid,0,1,2026-05-13,5,4,5,5,3,4,3,3,2,3,2,2,2,4,3,2,3,4,3
R02945,T117,Technology,IN,APAC,Men,40-49,Individual contributor,3-5 years,Hybrid,0,1,2026-05-05,9,3,4,4,4,3,3,2,3,3,2,2,3,4,4,3,3,3,2
R02946,T117,Technology,IN,APAC,Men,18-29,Individual contributor,3-5 years,Remote,0,1,2026-05-17,6,4,5,4,3,5,4,2,3,3,5,3,4,3,3,2,3,3,4
R02947,T117,Technology,IN,APAC,Women,40-49,Individual contributor,1-2 years,Onsite,0,0,,,,,,,,,,,,,,,,,,,,
R02948,T118,Technology,DE,EMEA,Men,40-49,Individual contributor,6-10 years,Onsite,0,1,2026-05-10,9,5,5,5,4,4,5,5,3,5,5,4,4,4,3,2,4,5,2
R02949,T118,Technology,DE,EMEA,Women,50-59,Manager,10 years +,Hybrid,0,1,2026-05-21,10,5,5,5,4,4,4,5,5,5,4,4,4,5,5,5,5,4,5
R02950,T118,Technology,DE,EMEA,Men,40-49,Individual contributor,1-2 years,Hybrid,0,1,2026-05-17,7,5,5,5,4,5,5,4,3,4,4,5,2,5,5,5,4,4,4
R02951,T118,Technology,DE,EMEA,Women,30-39,Team lead,1-2 years,Onsite,0,1,2026-05-15,10,5,5,4,5,5,5,5,4,5,4,4,4,4,5,5,4,5,4
R02952,T118,Technology,DE,EMEA,Men,40-49,Individual contributor,1-2 years,Hybrid,0,0,,,,,,,,,,,,,,,,,,,,
R02953,T118,Technology,DE,EMEA,Women,18-29,Individual contributor,10 years +,Remote,0,0,,,,,,,,,,,,,,,,,,,,
R02954,T118,Technology,DE,EMEA,Men,18-29,Individual contributor,6-10 years,Hybrid,0,1,2026-05-08,8,4,4,3,5,5,5,3,3,4,3,4,4,4,5,4,5,5,5
R02955,T118,Technology,DE,EMEA,Women,50-59,Manager,< 1 year,Onsite,0,1,2026-05-21,7,5,5,5,3,3,3,4,4,4,4,4,4,5,5,4,4,4,4
R02956,T118,Technology,DE,EMEA,Men,30-39,Individual contributor,10 years +,Onsite,0,1,2026-05-05,8,5,5,5,5,4,4,4,4,4,4,4,5,5,5,4,4,4,4
R02957,T118,Technology,DE,EMEA,Non-binary / self-described,50-59,Manager,1-2 years,Onsite,0,1,2026-05-05,10,5,5,4,4,4,5,4,4,5,4,4,5,5,5,5,4,5,5
R02958,T118,Technology,DE,EMEA,Men,40-49,Individual contributor,< 1 year,Hybrid,0,0,,,,,,,,,,,,,,,,,,,,
R02959,T118,Technology,DE,EMEA,Women,40-49,Individual contributor,10 years +,Hybrid,0,1,2026-05-17,9,4,5,5,4,4,3,5,4,5,3,4,4,5,5,5,5,4,5
R02960,T118,Technology,DE,EMEA,Women,40-49,Team lead,< 1 year,Hybrid,0,1,2026-05-11,10,5,5,5,2,5,4,5,4,5,5,5,5,5,5,5,5,5,5
R02961,T118,Technology,DE,EMEA,Women,40-49,Individual contributor,1-2 years,Hybrid,0,1,2026-05-04,6,3,5,4,5,5,4,4,3,5,3,3,2,5,5,5,5,4,4
R02962,T118,Technology,DE,EMEA,Women,50-59,Individual contributor,1-2 years,Onsite,0,1,2026-05-04,10,5,5,4,4,4,4,5,5,4,1,1,1,5,5,5,5,4,4
R02963,T118,Technology,DE,EMEA,Women,30-39,Individual contributor,3-5 years,Hybrid,0,1,2026-05-15,10,4,5,4,5,5,4,3,4,5,3,3,2,4,4,5,5,3,4
R02964,T118,Technology,DE,EMEA,Men,40-49,Team lead,1-2 years,Hybrid,0,1,2026-05-15,8,5,5,5,3,4,5,4,5,5,5,4,4,5,3,4,5,5,5
R02965,T118,Technology,DE,EMEA,Women,40-49,Individual contributor,6-10 years,Onsite,0,1,2026-05-04,9,5,5,5,4,2,3,5,3,5,5,3,5,5,5,5,4,4,4
R02966,T118,Technology,DE,EMEA,Men,18-29,Team lead,3-5 years,Hybrid,0,0,,,,,,,,,,,,,,,,,,,,
R02967,T118,Technology,DE,EMEA,Women,18-29,Individual contributor,3-5 years,Hybrid,0,0,,,,,,,,,,,,,,,,,,,,
R02968,T118,Technology,DE,EMEA,Men,40-49,Individual contributor,< 1 year,Onsite,0,1,2026-05-15,7,4,5,4,4,5,5,5,5,5,5,4,5,4,5,5,4,4,3
R02969,T118,Technology,DE,EMEA,Women,40-49,Individual contributor,6-10 years,Onsite,0,1,2026-05-22,8,5,5,5,4,5,3,4,3,4,5,4,5,5,5,5,5,4,5
R02970,T118,Technology,DE,EMEA,Men,30-39,Individual contributor,3-5 years,Hybrid,0,1,2026-05-16,10,5,5,5,3,2,3,4,4,3,4,3,4,5,5,5,5,4,4
R02971,T118,Technology,DE,EMEA,Women,18-29,Individual contributor,3-5 years,Onsite,0,0,,,,,,,,,,,,,,,,,,,,
R02972,T118,Technology,DE,EMEA,Men,18-29,Individual contributor,6-10 years,Onsite,0,0,,,,,,,,,,,,,,,,,,,,
R02973,T118,Technology,DE,EMEA,Men,18-29,Team lead,6-10 years,Hybrid,0,1,2026-05-22,7,3,5,4,4,4,4,5,5,5,4,4,4,5,5,5,5,4,4
R02974,T118,Technology,DE,EMEA,Men,50-59,Individual contributor,3-5 years,Onsite,0,1,2026-05-14,7,5,5,4,4,5,5,5,5,5,3,3,4,4,5,4,4,3,3
R02975,T118,Technology,DE,EMEA,Men,18-29,Team lead,3-5 years,Onsite,0,0,,,,,,,,,,,,,,,,,,,,
R02976,T118,Technology,DE,EMEA,Non-binary / self-described,50-59,Team lead,3-5 years,Onsite,0,1,2026-05-18,10,5,5,5,3,3,3,4,3,4,2,2,3,5,5,5,4,4,4
R02977,T118,Technology,DE,EMEA,Women,60+,Individual contributor,1-2 years,Hybrid,0,1,2026-05-21,10,5,5,5,4,4,3,5,4,5,4,3,3,5,5,5,5,5,5
R02978,T118,Technology,DE,EMEA,Men,50-59,Individual contributor,< 1 year,Hybrid,0,0,,,,,,,,,,,,,,,,,,,,
R02979,T119,Technology,DE,EMEA,Women,40-49,Individual contributor,10 years +,Hybrid,0,0,,,,,,,,,,,,,,,,,,,,
R02980,T119,Technology,DE,EMEA,Women,30-39,Individual contributor,1-2 years,Onsite,0,1,2026-05-06,9,5,5,5,4,5,5,4,3,3,3,3,3,5,4,5,5,4,4
R02981,T119,Technology,DE,EMEA,Women,50-59,Individual contributor,< 1 year,Hybrid,0,1,2026-05-04,9,5,5,5,4,5,4,3,5,5,4,4,4,2,4,4,3,4,4
R02982,T119,Technology,DE,EMEA,Men,60+,Individual contributor,10 years +,Hybrid,0,1,2026-05-08,9,5,5,5,3,5,4,4,2,3,4,3,4,4,5,4,5,5,5
R02983,T119,Technology,DE,EMEA,Men,30-39,Individual contributor,10 years +,Onsite,0,1,2026-05-08,8,4,4,4,5,5,4,4,3,5,5,5,5,5,5,4,5,4,4
R02984,T119,Technology,DE,EMEA,Women,30-39,Manager,3-5 years,Remote,0,1,2026-05-04,9,5,4,5,5,5,5,4,5,4,3,5,4,5,5,5,5,4,5
R02985,T119,Technology,DE,EMEA,Women,18-29,Individual contributor,3-5 years,Hybrid,0,1,2026-05-21,7,4,4,2,3,4,4,5,3,4,4,3,4,4,5,4,4,4,3
R02986,T119,Technology,DE,EMEA,Women,30-39,Individual contributor,1-2 years,Onsite,0,0,,,,,,,,,,,,,,,,,,,,
R02987,T119,Technology,DE,EMEA,Women,40-49,Individual contributor,10 years +,Hybrid,0,1,2026-05-15,9,4,4,4,4,5,5,5,3,4,4,4,4,3,4,2,4,3,2
R02988,T119,Technology,DE,EMEA,Women,30-39,Individual contributor,1-2 years,Onsite,0,1,2026-05-22,7,4,5,5,5,5,4,4,3,4,2,3,3,4,4,3,2,3,3
R02989,T119,Technology,DE,EMEA,Men,50-59,Individual contributor,< 1 year,Onsite,0,1,2026-05-20,8,4,3,4,5,5,5,3,5,4,3,4,4,3,4,4,5,5,5
R02990,T119,Technology,DE,EMEA,Men,40-49,Manager,< 1 year,Onsite,0,1,2026-05-12,10,5,5,5,4,5,5,5,5,5,5,2,4,5,5,5,5,5,4
R02991,T119,Technology,DE,EMEA,Men,18-29,Senior leader,10 years +,Onsite,0,1,2026-05-21,9,5,5,5,4,5,5,5,5,4,5,5,5,5,5,5,5,4,4
R02992,T119,Technology,DE,EMEA,Men,40-49,Individual contributor,1-2 years,Hybrid,0,1,2026-05-16,10,4,5,4,4,5,5,5,5,5,3,2,4,5,4,3,5,5,5
R02993,T119,Technology,DE,EMEA,Women,30-39,Manager,3-5 years,Onsite,0,1,2026-05-06,8,3,5,4,5,5,5,5,5,5,4,3,5,5,4,5,5,5,5
R02994,T119,Technology,DE,EMEA,Men,18-29,Individual contributor,10 years +,Hybrid,0,1,2026-05-07,10,4,5,4,5,5,5,4,5,5,4,4,5,4,5,4,5,4,5
R02995,T119,Technology,DE,EMEA,Men,30-39,Individual contributor,3-5 years,Onsite,0,1,2026-05-18,7,3,2,2,5,5,5,3,2,3,5,5,5,4,5,5,4,4,4
R02996,T119,Technology,DE,EMEA,Women,18-29,Individual contributor,3-5 years,Onsite,0,1,2026-05-06,9,4,5,4,5,5,4,4,5,5,3,3,3,5,5,4,4,5,4
R02997,T119,Technology,DE,EMEA,Women,50-59,Individual contributor,6-10 years,Remote,0,1,2026-05-14,9,4,4,4,4,4,3,4,3,4,4,3,4,5,5,5,4,4,4
R02998,T119,Technology,DE,EMEA,Women,18-29,Manager,1-2 years,Remote,0,1,2026-05-05,9,5,3,4,4,5,4,4,5,5,3,4,3,5,5,4,5,5,3
R02999,T119,Technology,DE,EMEA,Women,50-59,Individual contributor,1-2 years,Onsite,0,1,2026-05-17,9,4,4,4,5,4,5,2,2,3,4,4,4,4,4,3,5,5,4
R03000,T119,Technology,DE,EMEA,Women,50-59,Team lead,6-10 years,Remote,0,1,2026-05-09,6,4,4,4,5,5,5,5,4,5,4,5,5,5,5,5,4,4,4
R03001,T119,Technology,DE,EMEA,Men,18-29,Team lead,3-5 years,Hybrid,0,1,2026-05-19,8,5,4,3,4,5,4,4,3,3,4,2,4,5,3,3,3,3,4
R03002,T119,Technology,DE,EMEA,Men,18-29,Individual contributor,1-2 years,Remote,0,1,2026-05-21,8,4,5,5,4,5,3,3,3,4,5,4,4,4,4,2,3,4,2
R03003,T120,Technology,US,North America,Men,40-49,Individual contributor,10 years +,Onsite,0,1,2026-05-05,10,4,4,2,4,4,5,5,5,4,4,4,4,3,3,3,5,4,3
R03004,T120,Technology,US,North America,Men,50-59,Manager,1-2 years,Hybrid,0,1,2026-05-17,8,5,5,5,5,5,4,5,4,3,4,3,5,5,4,4,5,4,4
R03005,T120,Technology,US,North America,Women,40-49,Individual contributor,< 1 year,Hybrid,0,1,2026-05-14,10,4,5,4,4,4,4,3,4,5,2,3,4,5,4,4,5,5,4
R03006,T120,Technology,US,North America,Men,40-49,Individual contributor,1-2 years,Onsite,0,0,,,,,,,,,,,,,,,,,,,,
R03007,T120,Technology,US,North America,Men,40-49,Individual contributor,3-5 years,Hybrid,0,1,2026-05-18,7,4,4,4,5,5,5,3,4,4,3,5,5,5,5,4,4,3,4
R03008,T120,Technology,US,North America,Women,40-49,Individual contributor,3-5 years,Hybrid,0,1,2026-05-15,10,4,5,5,5,5,5,4,3,5,3,3,2,5,4,4,5,5,4
R03009,T120,Technology,US,North America,Women,18-29,Individual contributor,6-10 years,Hybrid,0,1,2026-05-15,7,4,4,4,4,2,4,3,4,4,4,4,4,4,5,3,4,3,3
R03010,T120,Technology,US,North America,Women,18-29,Team lead,1-2 years,Hybrid,0,0,,,,,,,,,,,,,,,,,,,,
R03011,T120,Technology,US,North America,Women,60+,Individual contributor,< 1 year,Hybrid,0,1,2026-05-09,7,5,5,5,4,4,3,5,4,5,3,3,3,4,5,5,4,3,4
R03012,T120,Technology,US,North America,Women,18-29,Individual contributor,< 1 year,Onsite,0,1,2026-05-05,7,3,3,3,5,5,5,5,5,5,5,2,3,4,5,3,4,4,4
R03013,T120,Technology,US,North America,Women,18-29,Individual contributor,3-5 years,Onsite,0,1,2026-05-21,10,4,5,5,3,4,3,5,5,5,4,4,4,5,5,4,5,5,4
R03014,T120,Technology,US,North America,Women,40-49,Individual contributor,1-2 years,Hybrid,0,1,2026-05-14,9,4,3,4,5,5,5,4,5,5,5,4,4,4,4,5,5,3,3
R03015,T120,Technology,US,North America,Men,50-59,Individual contributor,1-2 years,Remote,0,0,,,,,,,,,,,,,,,,,,,,
R03016,T120,Technology,US,North America,Men,18-29,Team lead,6-10 years,Hybrid,0,1,2026-05-22,8,3,4,3,5,5,5,4,5,5,3,4,3,5,4,5,5,3,4
R03017,T120,Technology,US,North America,Women,30-39,Individual contributor,3-5 years,Hybrid,0,1,2026-05-13,7,4,5,4,4,5,5,2,3,4,4,2,5,4,4,3,4,4,2
R03018,T120,Technology,US,North America,Women,30-39,Individual contributor,6-10 years,Onsite,0,1,2026-05-13,8,5,5,5,2,4,3,3,3,4,3,3,3,3,2,2,4,5,4
R03019,T120,Technology,US,North America,Women,18-29,Individual contributor,10 years +,Onsite,0,0,,,,,,,,,,,,,,,,,,,,
R03020,T120,Technology,US,North America,Non-binary / self-described,40-49,Team lead,< 1 year,Onsite,0,1,2026-05-16,10,5,5,5,5,5,5,5,5,5,4,4,4,4,5,3,5,5,5
R03021,T121,Technology,IN,APAC,Men,60+,Individual contributor,3-5 years,Onsite,0,1,2026-05-11,9,5,5,4,4,3,4,4,2,5,4,3,4,3,4,4,3,4,4
R03022,T121,Technology,IN,APAC,Men,18-29,Team lead,3-5 years,Hybrid,0,1,2026-05-17,10,3,3,4,5,5,4,5,4,5,2,4,3,4,5,4,5,5,5
R03023,T121,Technology,IN,APAC,Men,40-49,Team lead,< 1 year,Hybrid,0,1,2026-05-13,9,5,5,5,5,5,5,4,5,5,4,5,4,5,5,5,5,5,4
R03024,T121,Technology,IN,APAC,Men,30-39,Manager,1-2 years,Onsite,0,1,2026-05-07,8,5,5,5,5,3,4,5,5,5,5,4,4,4,5,5,4,4,3
R03025,T121,Technology,IN,APAC,Men,30-39,Manager,3-5 years,Onsite,0,1,2026-05-18,8,5,5,4,5,5,5,4,5,4,3,3,3,5,5,5,4,4,5
R03026,T121,Technology,IN,APAC,Women,30-39,Team lead,1-2 years,Hybrid,0,1,2026-05-22,9,4,5,4,5,5,4,5,4,5,4,5,4,5,5,3,5,5,5
R03027,T121,Technology,IN,APAC,Women,40-49,Individual contributor,1-2 years,Hybrid,0,1,2026-05-16,9,5,4,5,4,4,5,3,3,4,4,5,4,4,5,5,4,4,5
R03028,T121,Technology,IN,APAC,Men,60+,Individual contributor,< 1 year,Onsite,0,1,2026-05-20,9,5,4,4,5,5,4,5,4,5,4,4,3,5,5,3,5,4,5
R03029,T121,Technology,IN,APAC,Men,18-29,Individual contributor,1-2 years,Hybrid,0,1,2026-05-22,10,3,4,4,4,3,3,5,4,5,2,3,2,5,5,4,4,3,5
R03030,T121,Technology,IN,APAC,Non-binary / self-described,18-29,Individual contributor,3-5 years,Hybrid,0,0,,,,,,,,,,,,,,,,,,,,
R03031,T121,Technology,IN,APAC,Men,40-49,Manager,6-10 years,Onsite,0,0,,,,,,,,,,,,,,,,,,,,
R03032,T121,Technology,IN,APAC,Men,30-39,Individual contributor,3-5 years,Remote,0,1,2026-05-05,10,4,4,5,5,5,4,4,5,5,4,5,5,4,4,5,5,5,5
R03033,T121,Technology,IN,APAC,Men,30-39,Individual contributor,< 1 year,Hybrid,0,1,2026-05-13,10,5,5,5,4,4,5,5,5,5,4,4,4,5,5,5,5,5,5
R03034,T121,Technology,IN,APAC,Women,40-49,Manager,< 1 year,Onsite,0,0,,,,,,,,,,,,,,,,,,,,
R03035,T121,Technology,IN,APAC,Men,40-49,Team lead,10 years +,Hybrid,0,0,,,,,,,,,,,,,,,,,,,,
R03036,T122,Technology,CA,North America,Women,60+,Manager,3-5 years,Onsite,0,1,2026-05-10,9,5,5,5,4,4,3,5,4,5,4,3,5,5,5,5,5,5,5
R03037,T122,Technology,CA,North America,Women,50-59,Team lead,1-2 years,Hybrid,0,1,2026-05-05,6,4,5,5,3,4,5,5,5,5,3,3,3,4,5,5,4,4,4
R03038,T122,Technology,CA,North America,Men,50-59,Individual contributor,3-5 years,Hybrid,0,1,2026-05-10,7,4,5,4,3,4,3,5,4,4,2,3,3,5,5,5,4,5,4
R03039,T122,Technology,CA,North America,Women,30-39,Individual contributor,< 1 year,Onsite,0,1,2026-05-22,9,5,5,5,5,5,5,2,4,3,2,4,4,5,5,4,4,4,5
R03040,T122,Technology,CA,North America,Men,40-49,Team lead,1-2 years,Onsite,0,1,2026-05-15,8,4,5,5,2,4,4,4,4,4,5,4,5,5,5,3,4,4,2
R03041,T122,Technology,CA,North America,Men,40-49,Individual contributor,< 1 year,Onsite,0,0,,,,,,,,,,,,,,,,,,,,
R03042,T122,Technology,CA,North America,Men,18-29,Individual contributor,< 1 year,Hybrid,0,0,,,,,,,,,,,,,,,,,,,,
R03043,T122,Technology,CA,North America,Women,50-59,Team lead,6-10 years,Onsite,0,1,2026-05-16,9,3,4,4,5,5,5,5,5,5,4,4,5,5,5,5,4,4,5
R03044,T122,Technology,CA,North America,Women,50-59,Individual contributor,10 years +,Onsite,0,1,2026-05-10,8,5,3,5,4,4,3,4,5,4,2,1,3,5,5,5,4,4,3
R03045,T122,Technology,CA,North America,Women,18-29,Individual contributor,6-10 years,Onsite,0,1,2026-05-21,8,3,4,4,4,5,5,5,5,5,3,3,3,5,5,4,5,4,4
R03046,T122,Technology,CA,North America,Men,30-39,Team lead,< 1 year,Hybrid,0,1,2026-05-16,10,5,5,5,5,4,4,5,5,5,5,5,5,5,5,5,5,5,5
R03047,T122,Technology,CA,North America,Men,30-39,Individual contributor,1-2 years,Hybrid,0,1,2026-05-20,8,5,5,4,3,3,2,4,3,5,2,4,4,5,5,5,5,4,4
R03048,T122,Technology,CA,North America,Women,50-59,Individual contributor,< 1 year,Onsite,0,1,2026-05-04,6,4,5,4,4,4,4,3,4,4,3,4,4,5,5,4,5,3,3
R03049,T122,Technology,CA,North America,Men,18-29,Individual contributor,3-5 years,Hybrid,0,1,2026-05-21,7,5,5,4,5,4,4,3,5,3,2,2,3,5,5,5,3,4,4
R03050,T122,Technology,CA,North America,Women,50-59,Individual contributor,6-10 years,Hybrid,0,1,2026-05-21,10,5,5,4,4,3,3,4,4,4,3,3,4,5,5,5,4,5,5
R03051,T122,Technology,CA,North America,Women,18-29,Individual contributor,3-5 years,Remote,0,1,2026-05-04,9,4,4,3,4,4,4,4,5,4,5,5,5,5,5,4,5,3,4
R03052,T122,Technology,CA,North America,Women,50-59,Team lead,1-2 years,Onsite,0,1,2026-05-21,9,5,5,5,5,4,4,4,3,5,3,3,2,5,5,5,5,5,5
R03053,T123,Technology,IN,APAC,Women,30-39,Individual contributor,10 years +,Hybrid,0,1,2026-05-15,6,4,5,4,2,2,1,5,3,4,4,3,5,5,4,3,4,2,2
R03054,T123,Technology,IN,APAC,Men,30-39,Individual contributor,< 1 year,Onsite,0,1,2026-05-05,7,4,4,4,4,4,5,4,2,3,2,4,3,3,4,4,4,2,4
R03055,T123,Technology,IN,APAC,Men,30-39,Individual contributor,10 years +,Hybrid,0,1,2026-05-15,10,4,4,4,5,4,5,4,4,4,3,3,5,3,3,2,3,4,5
R03056,T123,Technology,IN,APAC,Women,30-39,Individual contributor,3-5 years,Hybrid,0,1,2026-05-21,7,4,5,5,4,5,4,4,5,4,5,5,5,3,3,4,5,5,5
R03057,T123,Technology,IN,APAC,Men,50-59,Individual contributor,6-10 years,Hybrid,0,1,2026-05-22,6,4,4,3,3,4,4,3,4,4,2,3,2,4,4,5,4,2,3
R03058,T123,Technology,IN,APAC,Women,30-39,Individual contributor,1-2 years,Hybrid,0,0,,,,,,,,,,,,,,,,,,,,
R03059,T123,Technology,IN,APAC,Women,50-59,Individual contributor,1-2 years,Onsite,0,1,2026-05-04,7,4,4,3,4,4,5,3,1,3,4,4,4,4,5,5,4,4,2
R03060,T123,Technology,IN,APAC,Women,30-39,Individual contributor,1-2 years,Remote,0,1,2026-05-05,9,5,5,5,4,5,5,4,4,5,4,3,4,5,5,3,5,4,4
R03061,T123,Technology,IN,APAC,Men,18-29,Individual contributor,3-5 years,Onsite,0,1,2026-05-16,4,3,4,3,5,4,5,2,3,3,3,3,4,4,3,3,3,3,1
R03062,T123,Technology,IN,APAC,Women,40-49,Individual contributor,< 1 year,Hybrid,0,1,2026-05-21,7,3,5,4,3,4,5,4,4,4,2,4,4,5,5,4,5,4,5
R03063,T123,Technology,IN,APAC,Women,30-39,Individual contributor,< 1 year,Onsite,0,0,,,,,,,,,,,,,,,,,,,,
R03064,T123,Technology,IN,APAC,Men,40-49,Individual contributor,3-5 years,Hybrid,0,1,2026-05-05,7,5,4,4,5,5,4,4,4,5,3,3,5,5,4,3,4,4,4
R03065,T123,Technology,IN,APAC,Women,40-49,Individual contributor,< 1 year,Remote,0,0,,,,,,,,,,,,,,,,,,,,
R03066,T123,Technology,IN,APAC,Men,30-39,Individual contributor,10 years +,Onsite,0,1,2026-05-05,7,4,3,4,4,3,4,3,1,3,3,3,3,5,4,4,3,3,2
R03067,T123,Technology,IN,APAC,Men,30-39,Team lead,1-2 years,Onsite,0,1,2026-05-08,10,2,2,3,4,5,5,3,3,5,5,4,4,4,4,4,5,4,4
R03068,T123,Technology,IN,APAC,Men,18-29,Team lead,< 1 year,Onsite,0,1,2026-05-12,9,5,5,5,4,5,4,4,3,3,5,5,5,5,5,5,3,4,3
R03069,T124,Technology,PL,EMEA,Men,30-39,Individual contributor,1-2 years,Hybrid,0,0,,,,,,,,,,,,,,,,,,,,
R03070,T124,Technology,PL,EMEA,Women,18-29,Individual contributor,3-5 years,Onsite,0,0,,,,,,,,,,,,,,,,,,,,
R03071,T124,Technology,PL,EMEA,Men,40-49,Team lead,3-5 years,Hybrid,0,0,,,,,,,,,,,,,,,,,,,,
R03072,T124,Technology,PL,EMEA,Women,50-59,Individual contributor,3-5 years,Onsite,0,1,2026-05-17,6,5,5,5,4,4,4,4,3,4,2,2,2,4,4,4,5,4,3
R03073,T124,Technology,PL,EMEA,Women,40-49,Individual contributor,1-2 years,Onsite,0,1,2026-05-05,8,5,3,4,3,3,5,5,5,5,4,3,2,4,5,4,5,5,5
R03074,T124,Technology,PL,EMEA,Women,30-39,Team lead,3-5 years,Remote,0,1,2026-05-12,6,5,5,4,2,1,1,4,4,5,5,4,4,5,5,4,4,4,4
R03075,T124,Technology,PL,EMEA,Men,40-49,Individual contributor,1-2 years,Hybrid,0,1,2026-05-08,9,5,5,4,3,3,4,4,3,4,2,4,3,4,3,4,4,4,4
R03076,T124,Technology,PL,EMEA,Men,40-49,Individual contributor,10 years +,Hybrid,0,1,2026-05-06,5,5,5,5,3,3,4,3,2,3,3,1,3,4,5,3,4,4,3
R03077,T124,Technology,PL,EMEA,Women,18-29,Individual contributor,3-5 years,Onsite,0,1,2026-05-16,9,5,5,3,4,3,2,4,3,4,3,3,4,3,3,2,5,4,3
R03078,T124,Technology,PL,EMEA,Men,60+,Individual contributor,3-5 years,Onsite,0,1,2026-05-08,5,5,5,5,2,4,2,5,4,5,2,1,2,5,5,5,4,5,5
R03079,T124,Technology,PL,EMEA,Men,50-59,Manager,3-5 years,Remote,0,1,2026-05-16,9,5,5,5,4,5,4,4,5,5,3,5,5,5,5,5,4,5,4
R03080,T124,Technology,PL,EMEA,Women,40-49,Individual contributor,10 years +,Onsite,0,1,2026-05-22,8,2,3,2,4,5,5,4,4,5,2,3,4,5,5,4,3,3,3
R03081,T124,Technology,PL,EMEA,Women,30-39,Individual contributor,3-5 years,Hybrid,0,1,2026-05-22,8,4,5,5,4,5,4,4,4,4,4,3,4,5,3,3,4,3,4
R03082,T124,Technology,PL,EMEA,Men,30-39,Manager,< 1 year,Hybrid,0,1,2026-05-22,9,5,5,5,2,5,2,4,5,5,4,5,4,5,5,4,5,4,5
R03083,T124,Technology,PL,EMEA,Women,18-29,Individual contributor,1-2 years,Onsite,0,1,2026-05-22,8,4,3,3,4,5,4,3,2,3,3,2,4,3,4,3,4,4,3
R03084,T124,Technology,PL,EMEA,Women,40-49,Team lead,3-5 years,Onsite,0,1,2026-05-05,8,4,5,5,4,4,5,3,3,3,2,2,2,5,5,5,4,5,5
R03085,T124,Technology,PL,EMEA,Men,30-39,Individual contributor,3-5 years,Hybrid,0,0,,,,,,,,,,,,,,,,,,,,
R03086,T124,Technology,PL,EMEA,Women,30-39,Individual contributor,1-2 years,Onsite,0,1,2026-05-16,10,3,4,3,4,4,5,3,3,3,5,4,4,4,4,4,4,4,5
R03087,T125,Technology,PL,EMEA,Men,30-39,Individual contributor,1-2 years,Onsite,0,1,2026-05-07,8,4,4,3,3,4,4,4,4,4,3,2,4,5,4,3,3,4,4
R03088,T125,Technology,PL,EMEA,Men,40-49,Individual contributor,1-2 years,Hybrid,0,1,2026-05-22,6,3,4,5,4,5,3,2,2,2,5,5,4,5,5,5,4,3,4
R03089,T125,Technology,PL,EMEA,Women,30-39,Individual contributor,3-5 years,Hybrid,0,1,2026-05-20,5,4,5,3,4,4,4,5,5,5,3,4,4,3,4,3,4,5,3
R03090,T125,Technology,PL,EMEA,Women,30-39,Senior leader,10 years +,Onsite,0,1,2026-05-21,9,5,5,5,5,5,5,3,3,3,4,5,2,4,5,4,4,3,3
R03091,T125,Technology,PL,EMEA,Men,40-49,Individual contributor,6-10 years,Onsite,0,0,,,,,,,,,,,,,,,,,,,,
R03092,T125,Technology,PL,EMEA,Men,30-39,Individual contributor,3-5 years,Hybrid,0,1,2026-05-22,9,4,5,4,4,3,4,5,4,5,4,5,5,4,3,4,5,5,4
R03093,T125,Technology,PL,EMEA,Women,18-29,Manager,10 years +,Onsite,0,1,2026-05-07,7,5,5,5,5,4,4,4,2,4,4,3,4,4,5,3,4,3,3
R03094,T125,Technology,PL,EMEA,Men,18-29,Individual contributor,< 1 year,Hybrid,0,1,2026-05-17,8,3,4,3,2,3,3,4,4,3,4,4,4,3,3,5,4,3,4
R03095,T125,Technology,PL,EMEA,Men,18-29,Team lead,6-10 years,Onsite,0,1,2026-05-04,8,4,3,4,3,4,3,4,3,4,4,5,5,4,5,3,5,3,5
R03096,T125,Technology,PL,EMEA,Men,40-49,Manager,3-5 years,Hybrid,0,1,2026-05-12,9,5,4,4,3,4,4,4,4,4,4,3,5,5,5,5,4,4,4
R03097,T125,Technology,PL,EMEA,Men,60+,Individual contributor,< 1 year,Onsite,0,1,2026-05-15,8,5,4,4,4,5,4,2,3,3,4,5,5,3,4,4,5,3,4
R03098,T125,Technology,PL,EMEA,Men,18-29,Individual contributor,10 years +,Onsite,0,1,2026-05-16,5,3,5,4,5,5,5,3,2,3,3,3,5,2,3,2,4,5,2
R03099,T125,Technology,PL,EMEA,Women,30-39,Individual contributor,10 years +,Hybrid,0,1,2026-05-05,8,3,4,3,5,5,5,3,4,4,2,2,4,3,4,3,4,4,4
R03100,T125,Technology,PL,EMEA,Women,18-29,Team lead,1-2 years,Onsite,0,1,2026-05-15,5,3,5,3,3,3,4,3,3,3,2,4,4,3,3,3,3,3,3
R03101,T125,Technology,PL,EMEA,Women,50-59,Team lead,1-2 years,Hybrid,0,1,2026-05-21,10,5,5,4,5,5,5,5,5,5,5,4,4,4,4,3,5,5,5
R03102,T125,Technology,PL,EMEA,Women,30-39,Individual contributor,10 years +,Remote,0,1,2026-05-04,4,5,5,5,3,3,3,4,4,5,4,3,3,5,5,4,4,3,3
R03103,T125,Technology,PL,EMEA,Women,30-39,Senior leader,3-5 years,Hybrid,0,1,2026-05-18,9,4,4,4,5,4,5,5,5,5,5,4,4,5,4,3,5,5,4
R03104,T125,Technology,PL,EMEA,Men,18-29,Individual contributor,3-5 years,Onsite,0,1,2026-05-04,10,4,3,3,5,5,5,4,5,3,3,3,3,2,3,2,4,3,4
R03105,T125,Technology,PL,EMEA,Men,30-39,Manager,3-5 years,Hybrid,0,1,2026-05-05,8,5,5,5,5,4,4,4,5,4,5,5,5,3,3,3,5,4,4
R03106,T125,Technology,PL,EMEA,Women,30-39,Individual contributor,6-10 years,Remote,0,0,,,,,,,,,,,,,,,,,,,,
R03107,T125,Technology,PL,EMEA,Women,30-39,Team lead,1-2 years,Hybrid,0,1,2026-05-21,8,4,3,3,4,4,4,5,4,4,3,4,4,5,4,5,4,4,3
R03108,T125,Technology,PL,EMEA,Men,18-29,Manager,6-10 years,Remote,0,1,2026-05-17,8,4,5,5,4,5,4,4,4,4,4,3,3,3,4,4,3,3,4
R03109,T126,Technology,CA,North America,Non-binary / self-described,60+,Manager,3-5 years,Hybrid,0,1,2026-05-16,10,4,4,4,3,5,5,5,4,5,3,3,4,4,3,4,4,5,4
R03110,T126,Technology,CA,North America,Men,60+,Manager,1-2 years,Onsite,0,1,2026-05-14,8,4,5,5,5,5,5,5,3,4,2,3,3,5,5,5,5,5,5
R03111,T126,Technology,CA,North America,Women,50-59,Individual contributor,< 1 year,Onsite,0,1,2026-05-06,9,5,4,5,5,5,5,5,4,5,4,4,4,5,5,5,5,5,5
R03112,T126,Technology,CA,North America,Men,30-39,Team lead,6-10 years,Hybrid,0,1,2026-05-19,8,3,4,4,5,5,5,3,4,4,5,4,4,5,5,3,5,4,5
R03113,T126,Technology,CA,North America,Men,30-39,Individual contributor,1-2 years,Remote,0,1,2026-05-15,6,4,4,4,5,5,3,4,3,2,2,2,2,5,5,5,2,3,3
R03114,T126,Technology,CA,North America,Women,40-49,Individual contributor,1-2 years,Remote,0,0,,,,,,,,,,,,,,,,,,,,
R03115,T126,Technology,CA,North America,Men,30-39,Individual contributor,3-5 years,Remote,0,1,2026-05-12,7,5,5,5,3,3,3,2,3,4,3,3,4,4,4,4,4,3,3
R03116,T126,Technology,CA,North America,Women,18-29,Individual contributor,< 1 year,Hybrid,0,1,2026-05-05,10,4,4,3,4,4,4,2,3,2,4,4,5,4,3,3,5,5,5
R03117,T127,Finance & Legal,SG,APAC,Men,30-39,Individual contributor,1-2 years,Onsite,0,1,2026-05-15,10,4,5,4,4,4,4,4,4,5,5,2,4,5,5,4,5,3,4
R03118,T127,Finance & Legal,SG,APAC,Men,50-59,Manager,6-10 years,Hybrid,0,1,2026-05-04,5,5,5,5,5,5,5,4,4,5,2,2,3,4,4,3,5,4,3
R03119,T127,Finance & Legal,SG,APAC,Men,18-29,Individual contributor,1-2 years,Onsite,0,1,2026-05-21,6,2,5,4,3,4,3,4,3,5,2,1,2,5,5,5,5,3,2
R03120,T127,Finance & Legal,SG,APAC,Men,30-39,Individual contributor,3-5 years,Onsite,0,0,,,,,,,,,,,,,,,,,,,,
R03121,T127,Finance & Legal,SG,APAC,Men,18-29,Individual contributor,3-5 years,Onsite,0,0,,,,,,,,,,,,,,,,,,,,
R03122,T127,Finance & Legal,SG,APAC,Women,30-39,Individual contributor,3-5 years,Hybrid,0,1,2026-05-12,8,5,5,4,5,4,3,4,4,4,1,2,2,4,4,4,4,4,3
R03123,T127,Finance & Legal,SG,APAC,Women,18-29,Individual contributor,3-5 years,Onsite,0,1,2026-05-18,8,4,4,4,3,4,4,4,4,4,4,4,3,4,4,3,5,4,4
R03124,T127,Finance & Legal,SG,APAC,Women,30-39,Individual contributor,1-2 years,Onsite,0,1,2026-05-15,8,4,4,5,5,5,4,3,2,3,5,4,5,4,5,4,4,4,4
R03125,T127,Finance & Legal,SG,APAC,Women,60+,Individual contributor,< 1 year,Hybrid,0,1,2026-05-10,10,4,4,4,5,5,5,4,4,4,3,3,3,5,5,4,5,4,5
R03126,T127,Finance & Legal,SG,APAC,Men,40-49,Individual contributor,< 1 year,Hybrid,0,1,2026-05-16,10,4,5,5,5,5,4,4,5,5,3,2,4,5,5,5,4,4,4
R03127,T127,Finance & Legal,SG,APAC,Women,30-39,Team lead,3-5 years,Hybrid,0,1,2026-05-07,8,3,5,4,4,5,4,4,4,5,5,4,5,5,4,4,4,4,4
R03128,T127,Finance & Legal,SG,APAC,Men,40-49,Individual contributor,< 1 year,Onsite,0,1,2026-05-18,8,5,4,3,5,5,4,5,4,5,3,2,4,3,3,4,5,4,4
R03129,T127,Finance & Legal,SG,APAC,Men,30-39,Individual contributor,10 years +,Remote,0,1,2026-05-08,7,4,4,3,4,3,4,4,4,5,4,3,5,4,2,4,2,4,4
R03130,T127,Finance & Legal,SG,APAC,Women,40-49,Individual contributor,1-2 years,Hybrid,0,1,2026-05-12,10,5,5,5,5,5,5,4,4,5,4,2,4,4,5,4,5,3,4
R03131,T127,Finance & Legal,SG,APAC,Men,40-49,Team lead,1-2 years,Hybrid,0,1,2026-05-22,8,4,5,4,5,5,5,4,5,3,4,2,3,5,4,4,4,2,3
R03132,T127,Finance & Legal,SG,APAC,Women,30-39,Individual contributor,< 1 year,Onsite,0,1,2026-05-04,7,5,5,5,2,4,3,4,4,4,5,4,5,5,5,4,3,4,4
R03133,T127,Finance & Legal,SG,APAC,Men,30-39,Individual contributor,6-10 years,Hybrid,0,1,2026-05-05,7,5,4,5,2,4,4,4,4,4,3,3,3,4,5,4,5,5,4
R03134,T127,Finance & Legal,SG,APAC,Non-binary / self-described,18-29,Manager,< 1 year,Onsite,0,1,2026-05-06,8,5,5,5,5,5,5,5,4,4,5,5,5,3,4,3,5,5,5
R03135,T127,Finance & Legal,SG,APAC,Women,50-59,Individual contributor,< 1 year,Onsite,0,0,,,,,,,,,,,,,,,,,,,,
R03136,T127,Finance & Legal,SG,APAC,Men,40-49,Team lead,6-10 years,Hybrid,0,1,2026-05-06,10,4,4,2,4,4,4,4,4,4,5,4,5,4,4,4,4,5,3
R03137,T127,Finance & Legal,SG,APAC,Men,18-29,Team lead,1-2 years,Onsite,0,1,2026-05-04,7,5,4,5,5,5,5,3,3,4,2,4,2,4,4,3,3,3,2
R03138,T127,Finance & Legal,SG,APAC,Men,30-39,Individual contributor,10 years +,Remote,0,1,2026-05-05,10,3,5,5,1,1,3,5,5,5,4,5,4,5,4,5,4,4,4
R03139,T127,Finance & Legal,SG,APAC,Men,60+,Manager,6-10 years,Onsite,0,1,2026-05-10,6,3,5,4,4,4,2,4,4,4,3,3,4,4,3,3,4,3,4
R03140,T127,Finance & Legal,SG,APAC,Men,18-29,Individual contributor,6-10 years,Onsite,0,1,2026-05-04,4,4,4,3,4,4,4,3,2,2,3,2,3,5,5,4,5,3,4
R03141,T127,Finance & Legal,SG,APAC,Men,30-39,Individual contributor,3-5 years,Remote,0,0,,,,,,,,,,,,,,,,,,,,
R03142,T127,Finance & Legal,SG,APAC,Women,40-49,Individual contributor,1-2 years,Onsite,0,1,2026-05-22,7,4,4,3,2,2,3,3,4,3,4,5,4,4,5,5,3,4,3
R03143,T127,Finance & Legal,SG,APAC,Men,18-29,Individual contributor,< 1 year,Hybrid,0,1,2026-05-04,9,5,3,4,4,3,4,3,4,3,3,3,5,4,3,4,5,4,3
R03144,T127,Finance & Legal,SG,APAC,Men,30-39,Individual contributor,10 years +,Onsite,0,1,2026-05-05,9,4,4,4,5,3,5,5,5,5,3,2,3,4,5,5,5,5,5
R03145,T127,Finance & Legal,SG,APAC,Men,30-39,Individual contributor,3-5 years,Hybrid,0,1,2026-05-19,6,5,5,5,3,3,4,5,3,3,4,3,5,5,5,5,5,5,3
R03146,T127,Finance & Legal,SG,APAC,Women,40-49,Individual contributor,6-10 years,Onsite,0,1,2026-05-13,9,3,5,4,3,4,2,3,3,3,3,3,3,5,4,4,4,4,5
R03147,T127,Finance & Legal,SG,APAC,Men,18-29,Manager,< 1 year,Onsite,0,1,2026-05-04,9,5,5,5,4,4,3,3,3,4,3,2,4,5,5,4,5,4,4
R03148,T127,Finance & Legal,SG,APAC,Men,30-39,Team lead,1-2 years,Onsite,0,1,2026-05-04,7,4,4,5,3,4,4,4,3,4,4,4,4,5,5,3,4,3,4
R03149,T127,Finance & Legal,SG,APAC,Men,50-59,Individual contributor,< 1 year,Remote,0,1,2026-05-15,8,4,4,3,3,4,5,5,5,5,5,5,4,5,5,5,4,2,3
R03150,T127,Finance & Legal,SG,APAC,Men,18-29,Individual contributor,< 1 year,Remote,0,1,2026-05-16,9,5,5,5,5,5,5,3,3,5,4,3,4,4,4,4,3,4,5
R03151,T127,Finance & Legal,SG,APAC,Women,50-59,Individual contributor,1-2 years,Remote,0,1,2026-05-22,8,5,5,4,4,4,4,5,5,5,4,4,3,4,4,4,5,5,4
R03152,T127,Finance & Legal,SG,APAC,Non-binary / self-described,40-49,Individual contributor,10 years +,Hybrid,0,1,2026-05-08,10,5,4,4,3,4,3,5,4,4,2,3,4,4,4,3,4,4,2
R03153,T127,Finance & Legal,SG,APAC,Men,18-29,Individual contributor,3-5 years,Remote,0,1,2026-05-21,8,3,3,4,3,3,3,3,3,4,5,4,5,3,3,2,3,2,4
R03154,T127,Finance & Legal,SG,APAC,Women,30-39,Individual contributor,6-10 years,Hybrid,0,1,2026-05-22,8,5,5,5,2,2,2,3,4,4,2,3,3,3,3,2,4,4,3
R03155,T127,Finance & Legal,SG,APAC,Non-binary / self-described,30-39,Individual contributor,1-2 years,Onsite,0,1,2026-05-06,8,4,5,4,3,3,3,4,4,5,3,2,3,5,5,4,3,4,4
R03156,T127,Finance & Legal,SG,APAC,Women,30-39,Individual contributor,1-2 years,Hybrid,0,0,,,,,,,,,,,,,,,,,,,,
R03157,T127,Finance & Legal,SG,APAC,Women,40-49,Individual contributor,1-2 years,Hybrid,0,0,,,,,,,,,,,,,,,,,,,,
R03158,T127,Finance & Legal,SG,APAC,Men,30-39,Individual contributor,1-2 years,Hybrid,0,1,2026-05-22,8,5,3,3,4,5,3,5,5,5,3,2,4,3,4,4,5,4,5
R03159,T128,Finance & Legal,CA,North America,Women,18-29,Individual contributor,6-10 years,Hybrid,0,1,2026-05-22,7,3,3,4,3,3,4,2,2,2,3,3,3,5,5,4,3,2,4
R03160,T128,Finance & Legal,CA,North America,Women,30-39,Team lead,1-2 years,Onsite,0,1,2026-05-16,7,4,4,3,3,2,4,4,4,3,2,1,2,5,5,5,4,4,4
R03161,T128,Finance & Legal,CA,North America,Men,18-29,Individual contributor,6-10 years,Hybrid,0,1,2026-05-04,8,4,4,5,5,5,3,3,3,4,1,2,2,4,5,5,5,3,5
R03162,T128,Finance & Legal,CA,North America,Women,30-39,Individual contributor,< 1 year,Remote,0,1,2026-05-22,10,3,4,2,3,3,4,5,4,5,2,3,3,4,5,5,3,4,4
R03163,T128,Finance & Legal,CA,North America,Men,30-39,Senior leader,3-5 years,Hybrid,0,1,2026-05-13,10,5,4,5,4,4,4,5,4,4,3,4,5,5,4,5,5,5,4
R03164,T128,Finance & Legal,CA,North America,Non-binary / self-described,18-29,Manager,1-2 years,Hybrid,0,1,2026-05-07,8,3,4,3,3,3,3,2,3,3,4,4,4,4,4,4,4,4,2
R03165,T128,Finance & Legal,CA,North America,Men,40-49,Individual contributor,1-2 years,Onsite,0,1,2026-05-04,6,4,4,4,3,4,5,1,2,3,4,4,5,5,5,5,3,4,4
R03166,T128,Finance & Legal,CA,North America,Men,50-59,Individual contributor,10 years +,Remote,0,1,2026-05-05,9,5,4,3,5,4,4,2,2,2,2,2,5,4,3,4,4,5,4
R03167,T128,Finance & Legal,CA,North America,Men,30-39,Individual contributor,3-5 years,Hybrid,0,0,,,,,,,,,,,,,,,,,,,,
R03168,T128,Finance & Legal,CA,North America,Women,30-39,Individual contributor,< 1 year,Onsite,0,1,2026-05-15,8,3,2,3,3,5,4,3,2,4,4,5,5,4,5,4,4,4,3
R03169,T128,Finance & Legal,CA,North America,Men,50-59,Individual contributor,3-5 years,Onsite,0,1,2026-05-15,9,5,3,3,2,3,2,3,3,4,5,4,4,5,5,5,5,5,5
R03170,T128,Finance & Legal,CA,North America,Women,18-29,Team lead,3-5 years,Onsite,0,0,,,,,,,,,,,,,,,,,,,,
R03171,T128,Finance & Legal,CA,North America,Women,30-39,Individual contributor,6-10 years,Onsite,0,1,2026-05-05,8,3,3,4,2,3,2,3,3,4,5,4,4,5,4,4,3,4,3
R03172,T128,Finance & Legal,CA,North America,Men,40-49,Manager,1-2 years,Hybrid,0,1,2026-05-04,6,3,3,3,2,4,3,5,4,4,4,5,4,3,4,4,4,4,4
R03173,T128,Finance & Legal,CA,North America,Women,40-49,Team lead,< 1 year,Onsite,0,1,2026-05-13,5,4,5,3,2,4,3,4,4,4,4,4,3,5,5,4,3,3,2
R03174,T128,Finance & Legal,CA,North America,Men,30-39,Individual contributor,1-2 years,Hybrid,0,1,2026-05-18,6,4,4,3,4,4,2,4,3,4,4,3,2,2,3,2,3,2,4
R03175,T128,Finance & Legal,CA,North America,Men,60+,Individual contributor,10 years +,Hybrid,0,0,,,,,,,,,,,,,,,,,,,,
R03176,T128,Finance & Legal,CA,North America,Women,50-59,Individual contributor,< 1 year,Hybrid,0,1,2026-05-06,6,4,4,5,1,1,3,2,2,3,4,3,2,5,5,3,3,2,3
R03177,T128,Finance & Legal,CA,North America,Men,40-49,Individual contributor,10 years +,Onsite,0,0,,,,,,,,,,,,,,,,,,,,
R03178,T128,Finance & Legal,CA,North America,Men,40-49,Individual contributor,1-2 years,Onsite,0,1,2026-05-16,10,5,4,4,4,4,5,3,4,4,4,4,5,4,4,4,5,5,4
R03179,T128,Finance & Legal,CA,North America,Non-binary / self-described,60+,Team lead,3-5 years,Onsite,0,1,2026-05-11,6,4,4,5,4,5,4,2,2,5,2,3,2,4,5,3,4,2,4
R03180,T128,Finance & Legal,CA,North America,Women,40-49,Individual contributor,6-10 years,Onsite,0,1,2026-05-15,7,5,4,4,4,5,3,2,2,2,4,2,3,4,5,4,4,4,4
R03181,T128,Finance & Legal,CA,North America,Women,40-49,Individual contributor,1-2 years,Hybrid,0,1,2026-05-21,6,5,4,3,3,4,3,3,4,3,3,5,4,5,4,4,4,3,3
R03182,T129,Finance & Legal,US,North America,Men,18-29,Individual contributor,6-10 years,Onsite,0,1,2026-05-08,6,2,4,2,2,2,1,3,4,5,4,3,3,4,4,4,3,4,4
R03183,T129,Finance & Legal,US,North America,Women,50-59,Team lead,3-5 years,Onsite,0,1,2026-05-16,7,5,4,5,2,2,1,3,3,3,3,3,3,3,3,3,4,2,3
R03184,T129,Finance & Legal,US,North America,Men,50-59,Individual contributor,1-2 years,Remote,0,1,2026-05-16,8,4,5,4,4,4,3,3,4,5,4,3,3,4,5,5,4,5,3
R03185,T129,Finance & Legal,US,North America,Women,40-49,Team lead,< 1 year,Onsite,0,0,,,,,,,,,,,,,,,,,,,,
R03186,T129,Finance & Legal,US,North America,Women,30-39,Individual contributor,10 years +,Onsite,0,1,2026-05-04,8,4,5,5,4,4,2,4,4,5,3,2,2,4,2,2,3,5,4
R03187,T129,Finance & Legal,US,North America,Women,40-49,Team lead,6-10 years,Hybrid,0,1,2026-05-17,8,5,5,5,4,4,2,3,4,4,3,3,4,5,5,4,4,4,3
R03188,T129,Finance & Legal,US,North America,Non-binary / self-described,30-39,Senior leader,3-5 years,Onsite,0,1,2026-05-21,8,3,4,4,5,3,3,2,3,4,4,4,3,5,4,5,3,4,3
R03189,T129,Finance & Legal,US,North America,Men,18-29,Individual contributor,1-2 years,Hybrid,0,1,2026-05-18,7,4,5,5,2,3,3,3,3,4,2,3,3,5,4,5,3,4,3
R03190,T129,Finance & Legal,US,North America,Women,50-59,Individual contributor,1-2 years,Onsite,0,1,2026-05-16,7,3,3,3,3,3,4,4,5,5,3,3,3,5,4,4,3,3,2
R03191,T130,Finance & Legal,DE,EMEA,Women,50-59,Individual contributor,1-2 years,Hybrid,0,1,2026-05-07,8,4,4,3,4,2,3,4,4,3,4,4,4,5,5,4,4,5,4
R03192,T130,Finance & Legal,DE,EMEA,Men,30-39,Individual contributor,< 1 year,Hybrid,0,0,,,,,,,,,,,,,,,,,,,,
R03193,T130,Finance & Legal,DE,EMEA,Women,30-39,Individual contributor,3-5 years,Hybrid,0,1,2026-05-22,3,5,4,4,3,2,3,5,4,5,3,3,3,5,5,5,4,3,2
R03194,T130,Finance & Legal,DE,EMEA,Men,40-49,Individual contributor,3-5 years,Onsite,0,1,2026-05-21,9,4,5,4,3,4,2,3,4,5,2,4,3,5,5,5,5,5,4
R03195,T131,Finance & Legal,SG,APAC,Men,30-39,Individual contributor,< 1 year,Onsite,0,1,2026-05-15,10,4,4,4,2,3,4,5,5,4,3,2,4,5,5,3,4,4,4
R03196,T131,Finance & Legal,SG,APAC,Women,30-39,Individual contributor,3-5 years,Hybrid,0,1,2026-05-15,6,4,4,4,2,3,2,3,3,4,4,3,3,5,5,5,4,4,3
R03197,T131,Finance & Legal,SG,APAC,Men,40-49,Individual contributor,< 1 year,Onsite,0,1,2026-05-11,7,3,5,4,3,3,3,3,3,5,4,3,4,5,5,5,4,4,5
R03198,T131,Finance & Legal,SG,APAC,Men,50-59,Manager,1-2 years,Hybrid,0,1,2026-05-15,10,4,4,4,5,5,5,5,5,5,4,4,5,5,5,5,5,5,4
R03199,T131,Finance & Legal,SG,APAC,Women,18-29,Individual contributor,6-10 years,Onsite,0,0,,,,,,,,,,,,,,,,,,,,
R03200,T131,Finance & Legal,SG,APAC,Women,40-49,Individual contributor,1-2 years,Onsite,0,0,,,,,,,,,,,,,,,,,,,,
R03201,T131,Finance & Legal,SG,APAC,Women,50-59,Individual contributor,< 1 year,Hybrid,0,1,2026-05-17,10,5,5,4,3,5,4,2,2,3,4,3,3,5,5,5,5,4,5
R03202,T131,Finance & Legal,SG,APAC,Women,30-39,Team lead,1-2 years,Onsite,0,1,2026-05-22,9,5,5,5,4,4,2,4,4,4,1,1,1,5,4,4,4,4,4
R03203,T131,Finance & Legal,SG,APAC,Non-binary / self-described,40-49,Individual contributor,1-2 years,Hybrid,0,0,,,,,,,,,,,,,,,,,,,,
R03204,T131,Finance & Legal,SG,APAC,Women,30-39,Individual contributor,6-10 years,Remote,0,1,2026-05-17,7,4,4,4,4,4,4,5,4,5,2,3,4,1,3,2,4,4,3
R03205,T131,Finance & Legal,SG,APAC,Men,30-39,Individual contributor,1-2 years,Remote,0,1,2026-05-08,9,4,3,4,4,5,5,5,4,5,5,4,5,4,5,5,4,4,4
R03206,T131,Finance & Legal,SG,APAC,Women,50-59,Individual contributor,1-2 years,Hybrid,0,0,,,,,,,,,,,,,,,,,,,,
R03207,T131,Finance & Legal,SG,APAC,Women,40-49,Team lead,< 1 year,Hybrid,0,0,,,,,,,,,,,,,,,,,,,,
R03208,T131,Finance & Legal,SG,APAC,Women,40-49,Individual contributor,10 years +,Onsite,0,1,2026-05-15,8,5,5,4,4,4,5,4,3,4,5,3,3,4,4,3,4,4,5
R03209,T131,Finance & Legal,SG,APAC,Women,30-39,Individual contributor,6-10 years,Onsite,0,1,2026-05-08,7,5,4,4,4,3,4,4,3,4,3,4,3,5,4,4,4,4,3
R03210,T131,Finance & Legal,SG,APAC,Men,40-49,Team lead,6-10 years,Onsite,0,1,2026-05-15,8,5,5,4,3,2,2,3,5,5,5,5,4,4,5,4,4,5,5
R03211,T131,Finance & Legal,SG,APAC,Women,60+,Individual contributor,< 1 year,Onsite,0,1,2026-05-15,6,5,5,4,4,3,4,3,2,4,4,4,3,5,5,5,3,3,4
R03212,T131,Finance & Legal,SG,APAC,Men,40-49,Individual contributor,< 1 year,Remote,0,1,2026-05-06,10,5,5,5,3,3,4,3,4,5,4,3,4,4,5,4,4,3,5
R03213,T131,Finance & Legal,SG,APAC,Women,50-59,Team lead,< 1 year,Onsite,0,1,2026-05-13,10,4,5,4,5,5,4,4,3,5,3,5,3,4,4,3,4,4,4
R03214,T131,Finance & Legal,SG,APAC,Men,30-39,Individual contributor,1-2 years,Hybrid,0,1,2026-05-18,7,2,3,1,3,4,3,3,4,5,4,4,4,5,5,5,4,4,3
R03215,T131,Finance & Legal,SG,APAC,Non-binary / self-described,40-49,Individual contributor,< 1 year,Hybrid,0,1,2026-05-06,7,5,5,5,3,3,2,5,5,5,4,3,4,4,4,5,5,5,5
R03216,T131,Finance & Legal,SG,APAC,Men,18-29,Individual contributor,3-5 years,Hybrid,0,1,2026-05-10,9,4,5,4,5,4,4,5,4,5,4,4,2,4,3,3,4,4,4
R03217,T131,Finance & Legal,SG,APAC,Women,30-39,Individual contributor,6-10 years,Hybrid,0,1,2026-05-07,8,5,5,5,1,2,3,4,4,4,4,3,3,5,5,4,5,5,5
R03218,T131,Finance & Legal,SG,APAC,Men,30-39,Manager,3-5 years,Onsite,0,1,2026-05-12,8,5,5,4,3,3,3,4,4,3,3,3,3,5,5,5,4,4,5
R03219,T131,Finance & Legal,SG,APAC,Women,40-49,Individual contributor,3-5 years,Hybrid,0,0,,,,,,,,,,,,,,,,,,,,
R03220,T131,Finance & Legal,SG,APAC,Women,18-29,Individual contributor,< 1 year,Onsite,0,1,2026-05-10,10,2,3,3,5,4,4,5,4,4,4,3,4,3,4,3,5,4,4
R03221,T131,Finance & Legal,SG,APAC,Men,18-29,Manager,3-5 years,Remote,0,1,2026-05-16,7,5,5,5,3,3,3,2,4,4,1,1,3,5,4,3,5,4,1
R03222,T131,Finance & Legal,SG,APAC,Women,18-29,Individual contributor,3-5 years,Onsite,0,1,2026-05-15,6,5,5,5,4,2,3,5,4,5,4,4,3,3,4,4,3,3,3
R03223,T131,Finance & Legal,SG,APAC,Men,30-39,Individual contributor,1-2 years,Onsite,0,1,2026-05-20,3,4,4,4,3,2,3,3,2,3,2,2,3,4,5,4,2,2,1
R03224,T131,Finance & Legal,SG,APAC,Women,50-59,Individual contributor,1-2 years,Onsite,0,1,2026-05-06,8,4,4,4,4,3,5,4,4,4,3,4,3,3,5,4,5,4,5
R03225,T131,Finance & Legal,SG,APAC,Men,30-39,Individual contributor,1-2 years,Onsite,0,0,,,,,,,,,,,,,,,,,,,,
R03226,T131,Finance & Legal,SG,APAC,Men,18-29,Team lead,< 1 year,Remote,0,0,,,,,,,,,,,,,,,,,,,,
R03227,T131,Finance & Legal,SG,APAC,Women,30-39,Individual contributor,1-2 years,Hybrid,0,1,2026-05-06,6,4,3,3,2,3,3,3,5,5,4,4,4,2,4,4,3,2,4
R03228,T131,Finance & Legal,SG,APAC,Men,18-29,Manager,3-5 years,Onsite,0,1,2026-05-15,7,5,5,5,3,4,5,4,4,4,5,4,5,4,3,4,5,4,5
R03229,T131,Finance & Legal,SG,APAC,Women,18-29,Individual contributor,6-10 years,Remote,0,1,2026-05-18,9,5,5,5,4,3,3,4,3,4,3,3,4,5,4,3,4,5,5
R03230,T131,Finance & Legal,SG,APAC,Men,50-59,Individual contributor,6-10 years,Onsite,0,0,,,,,,,,,,,,,,,,,,,,
R03231,T131,Finance & Legal,SG,APAC,Women,40-49,Manager,1-2 years,Onsite,0,1,2026-05-19,10,5,5,4,4,5,4,2,4,3,5,4,4,5,5,4,4,4,3
R03232,T131,Finance & Legal,SG,APAC,Men,30-39,Individual contributor,6-10 years,Hybrid,0,1,2026-05-17,7,4,3,3,3,3,3,4,3,3,2,3,4,4,3,4,4,3,4
R03233,T131,Finance & Legal,SG,APAC,Women,18-29,Individual contributor,1-2 years,Onsite,0,1,2026-05-16,7,2,2,3,3,3,4,4,4,5,3,2,3,5,5,4,4,3,4
R03234,T131,Finance & Legal,SG,APAC,Men,60+,Individual contributor,1-2 years,Remote,0,1,2026-05-09,7,4,4,4,4,5,4,3,3,4,3,3,4,4,5,5,5,4,4
R03235,T131,Finance & Legal,SG,APAC,Men,18-29,Individual contributor,3-5 years,Onsite,0,0,,,,,,,,,,,,,,,,,,,,
R03236,T131,Finance & Legal,SG,APAC,Men,30-39,Individual contributor,3-5 years,Hybrid,0,1,2026-05-21,7,5,5,5,5,5,3,4,2,3,3,2,3,4,3,2,2,4,3
R03237,T131,Finance & Legal,SG,APAC,Non-binary / self-described,40-49,Individual contributor,6-10 years,Hybrid,0,1,2026-05-21,7,5,5,5,3,3,4,2,2,3,4,4,3,4,3,4,5,4,5
R03238,T131,Finance & Legal,SG,APAC,Women,30-39,Individual contributor,< 1 year,Hybrid,0,1,2026-05-09,6,3,3,3,5,5,5,5,5,5,3,2,2,4,5,4,2,4,4
R03239,T131,Finance & Legal,SG,APAC,Men,18-29,Individual contributor,1-2 years,Hybrid,0,1,2026-05-07,5,4,4,3,3,3,3,3,5,5,3,2,3,5,5,5,4,3,3
R03240,T131,Finance & Legal,SG,APAC,Women,18-29,Individual contributor,6-10 years,Onsite,0,1,2026-05-17,5,3,4,3,3,3,4,3,2,3,3,3,4,3,4,4,5,3,1
R03241,T131,Finance & Legal,SG,APAC,Non-binary / self-described,30-39,Individual contributor,3-5 years,Hybrid,0,1,2026-05-04,6,4,4,4,5,4,3,4,3,5,4,4,4,4,5,4,3,3,3
R03242,T131,Finance & Legal,SG,APAC,Women,60+,Individual contributor,< 1 year,Hybrid,0,1,2026-05-15,6,3,5,3,4,5,4,2,3,4,3,3,4,5,4,4,2,2,2
R03243,T131,Finance & Legal,SG,APAC,Women,30-39,Manager,3-5 years,Onsite,0,1,2026-05-20,9,4,5,5,2,4,3,4,4,2,4,3,4,4,4,3,3,4,5
R03244,T131,Finance & Legal,SG,APAC,Men,40-49,Individual contributor,10 years +,Onsite,0,1,2026-05-21,9,4,5,4,4,3,3,4,3,3,4,4,5,5,5,5,4,3,4
R03245,T131,Finance & Legal,SG,APAC,Non-binary / self-described,60+,Individual contributor,1-2 years,Onsite,0,1,2026-05-10,9,4,5,5,4,4,3,5,5,5,4,4,5,4,3,4,5,5,4
R03246,T132,Finance & Legal,CA,North America,Men,40-49,Individual contributor,6-10 years,Onsite,0,1,2026-05-22,6,3,3,4,4,3,4,3,4,4,4,4,4,4,5,5,5,4,3
R03247,T132,Finance & Legal,CA,North America,Women,18-29,Senior leader,1-2 years,Hybrid,0,0,,,,,,,,,,,,,,,,,,,,
R03248,T132,Finance & Legal,CA,North America,Men,30-39,Individual contributor,3-5 years,Remote,0,1,2026-05-05,4,3,2,3,2,2,3,3,2,2,4,2,4,3,2,2,4,1,1
R03249,T132,Finance & Legal,CA,North America,Men,40-49,Individual contributor,3-5 years,Hybrid,0,0,,,,,,,,,,,,,,,,,,,,
R03250,T132,Finance & Legal,CA,North America,Women,18-29,Individual contributor,3-5 years,Hybrid,0,1,2026-05-17,6,3,4,3,3,3,4,1,1,2,2,2,2,3,4,4,5,2,3
R03251,T132,Finance & Legal,CA,North America,Women,18-29,Team lead,3-5 years,Onsite,0,1,2026-05-05,6,4,5,3,4,3,4,2,3,4,4,5,5,5,5,5,4,3,4
R03252,T132,Finance & Legal,CA,North America,Men,50-59,Individual contributor,6-10 years,Onsite,0,0,,,,,,,,,,,,,,,,,,,,
R03253,T132,Finance & Legal,CA,North America,Men,18-29,Individual contributor,1-2 years,Hybrid,0,1,2026-05-21,7,3,3,2,2,3,3,4,3,4,3,3,3,4,4,3,5,5,5
R03254,T132,Finance & Legal,CA,North America,Men,50-59,Senior leader,10 years +,Onsite,0,1,2026-05-19,8,5,4,4,5,4,5,5,4,5,2,2,2,4,5,3,4,4,5
R03255,T132,Finance & Legal,CA,North America,Men,50-59,Individual contributor,< 1 year,Remote,0,1,2026-05-16,8,5,5,4,4,4,5,3,1,2,4,4,3,5,5,5,5,4,4
R03256,T132,Finance & Legal,CA,North America,Men,30-39,Individual contributor,1-2 years,Hybrid,0,1,2026-05-15,7,4,5,3,3,4,3,5,4,5,3,4,3,5,4,4,4,5,4
R03257,T132,Finance & Legal,CA,North America,Men,18-29,Individual contributor,6-10 years,Hybrid,0,1,2026-05-18,7,3,4,3,5,4,4,2,1,2,3,3,2,2,2,2,4,2,1
R03258,T132,Finance & Legal,CA,North America,Non-binary / self-described,30-39,Team lead,3-5 years,Hybrid,0,1,2026-05-08,7,4,5,3,2,2,3,4,5,4,3,2,3,2,2,2,3,2,3
R03259,T132,Finance & Legal,CA,North America,Men,30-39,Individual contributor,10 years +,Hybrid,0,1,2026-05-11,8,4,5,2,2,2,3,4,4,3,1,3,2,4,4,4,3,3,4
R03260,T132,Finance & Legal,CA,North America,Women,30-39,Individual contributor,6-10 years,Onsite,0,1,2026-05-06,8,3,4,2,3,2,2,4,3,4,3,3,4,5,5,5,4,4,4
R03261,T132,Finance & Legal,CA,North America,Men,60+,Individual contributor,10 years +,Remote,0,1,2026-05-04,8,4,3,5,4,4,5,4,4,5,3,2,3,3,5,2,4,4,4
R03262,T132,Finance & Legal,CA,North America,Women,40-49,Individual contributor,3-5 years,Remote,0,1,2026-05-21,6,3,4,4,1,2,1,2,4,4,4,4,4,4,3,4,4,5,3
R03263,T132,Finance & Legal,CA,North America,Women,40-49,Manager,1-2 years,Hybrid,0,1,2026-05-05,4,5,5,5,2,4,4,3,4,4,3,3,3,3,2,3,3,2,2
R03264,T132,Finance & Legal,CA,North America,Women,18-29,Individual contributor,1-2 years,Hybrid,0,0,,,,,,,,,,,,,,,,,,,,
R03265,T132,Finance & Legal,CA,North America,Men,60+,Individual contributor,3-5 years,Hybrid,0,1,2026-05-06,6,3,4,5,3,3,3,3,4,3,1,2,3,5,5,3,5,3,5
R03266,T132,Finance & Legal,CA,North America,Men,60+,Individual contributor,6-10 years,Onsite,0,1,2026-05-05,7,5,4,4,3,4,2,4,4,3,3,3,3,4,4,3,4,4,5
R03267,T132,Finance & Legal,CA,North America,Men,18-29,Individual contributor,< 1 year,Hybrid,0,1,2026-05-05,5,4,3,5,5,4,3,3,3,2,1,3,3,4,4,4,2,3,3
R03268,T132,Finance & Legal,CA,North America,Non-binary / self-described,40-49,Individual contributor,1-2 years,Onsite,0,1,2026-05-05,5,2,3,4,3,3,3,3,2,5,3,4,4,4,5,5,2,3,3
R03269,T132,Finance & Legal,CA,North America,Women,40-49,Individual contributor,3-5 years,Onsite,0,1,2026-05-07,9,3,2,3,4,5,4,3,2,3,3,2,3,4,3,2,4,5,4
R03270,T132,Finance & Legal,CA,North America,Women,40-49,Individual contributor,< 1 year,Hybrid,0,0,,,,,,,,,,,,,,,,,,,,
R03271,T132,Finance & Legal,CA,North America,Women,18-29,Individual contributor,6-10 years,Onsite,0,1,2026-05-14,7,4,4,5,3,2,3,4,2,3,2,3,4,3,2,1,3,3,2
R03272,T132,Finance & Legal,CA,North America,Men,50-59,Individual contributor,6-10 years,Hybrid,0,1,2026-05-17,9,4,2,4,3,3,4,2,3,4,2,1,2,4,4,2,5,5,4
R03273,T132,Finance & Legal,CA,North America,Men,40-49,Team lead,6-10 years,Hybrid,0,1,2026-05-07,9,4,4,3,2,3,3,3,4,4,4,2,2,3,3,3,3,5,3
R03274,T132,Finance & Legal,CA,North America,Men,40-49,Individual contributor,3-5 years,Onsite,0,0,,,,,,,,,,,,,,,,,,,,
R03275,T132,Finance & Legal,CA,North America,Women,18-29,Individual contributor,6-10 years,Onsite,0,1,2026-05-08,7,3,2,2,3,4,2,3,4,3,1,1,2,2,3,2,4,3,2
R03276,T132,Finance & Legal,CA,North America,Men,18-29,Individual contributor,1-2 years,Hybrid,0,1,2026-05-08,9,4,5,3,3,4,3,4,3,3,2,3,3,3,2,3,5,5,5
R03277,T132,Finance & Legal,CA,North America,Men,18-29,Individual contributor,3-5 years,Remote,0,1,2026-05-22,6,3,3,4,4,5,3,4,3,2,3,2,3,4,3,3,4,4,3
R03278,T133,Finance & Legal,PL,EMEA,Men,30-39,Individual contributor,3-5 years,Remote,0,1,2026-05-19,8,5,5,5,4,4,4,5,5,5,4,5,5,5,5,5,5,5,5
R03279,T133,Finance & Legal,PL,EMEA,Men,30-39,Manager,< 1 year,Onsite,0,1,2026-05-07,10,4,4,5,4,5,4,5,5,5,5,5,5,5,5,5,5,5,5
R03280,T133,Finance & Legal,PL,EMEA,Men,18-29,Individual contributor,10 years +,Hybrid,0,0,,,,,,,,,,,,,,,,,,,,
R03281,T133,Finance & Legal,PL,EMEA,Women,30-39,Individual contributor,1-2 years,Onsite,0,1,2026-05-16,9,5,5,5,3,3,3,5,3,4,2,3,3,4,5,4,5,5,4
R03282,T133,Finance & Legal,PL,EMEA,Women,40-49,Team lead,1-2 years,Hybrid,0,1,2026-05-19,9,5,5,4,4,4,5,3,4,3,4,4,4,5,5,5,5,5,5
R03283,T133,Finance & Legal,PL,EMEA,Women,30-39,Individual contributor,6-10 years,Hybrid,0,0,,,,,,,,,,,,,,,,,,,,
R03284,T133,Finance & Legal,PL,EMEA,Women,30-39,Individual contributor,< 1 year,Onsite,0,0,,,,,,,,,,,,,,,,,,,,
R03285,T133,Finance & Legal,PL,EMEA,Men,30-39,Team lead,6-10 years,Onsite,0,1,2026-05-15,10,5,5,5,5,5,5,4,4,4,5,3,5,5,5,4,5,3,4
R03286,T133,Finance & Legal,PL,EMEA,Men,50-59,Manager,3-5 years,Onsite,0,1,2026-05-13,9,5,5,5,4,4,5,4,4,5,4,5,5,5,5,5,5,5,5
R03287,T133,Finance & Legal,PL,EMEA,Men,40-49,Individual contributor,< 1 year,Onsite,0,1,2026-05-16,9,5,5,5,5,5,5,5,5,5,5,3,4,5,5,5,5,5,5
R03288,T133,Finance & Legal,PL,EMEA,Women,18-29,Individual contributor,3-5 years,Remote,0,1,2026-05-17,9,5,5,5,4,4,4,5,4,5,3,3,2,5,5,5,3,4,5
R03289,T133,Finance & Legal,PL,EMEA,Women,40-49,Team lead,6-10 years,Hybrid,0,1,2026-05-10,10,5,5,5,3,3,3,3,5,3,3,4,3,3,5,4,5,5,5
R03290,T133,Finance & Legal,PL,EMEA,Non-binary / self-described,18-29,Individual contributor,1-2 years,Hybrid,0,1,2026-05-18,7,5,4,4,2,2,3,4,4,5,4,3,4,5,5,5,4,4,3
R03291,T133,Finance & Legal,PL,EMEA,Women,40-49,Individual contributor,3-5 years,Onsite,0,1,2026-05-18,8,5,5,5,4,4,3,3,5,4,3,3,4,5,5,4,5,4,4
R03292,T133,Finance & Legal,PL,EMEA,Women,50-59,Individual contributor,10 years +,Remote,0,1,2026-05-06,7,4,5,5,4,4,5,4,4,4,2,2,2,5,4,5,4,2,3
R03293,T133,Finance & Legal,PL,EMEA,Women,40-49,Individual contributor,3-5 years,Hybrid,0,1,2026-05-16,9,5,4,5,4,5,3,4,5,5,3,3,3,5,4,4,4,4,4
R03294,T133,Finance & Legal,PL,EMEA,Men,40-49,Individual contributor,6-10 years,Onsite,0,1,2026-05-04,9,5,5,5,3,4,3,4,3,4,3,3,2,5,4,5,5,4,4
R03295,T133,Finance & Legal,PL,EMEA,Men,60+,Individual contributor,< 1 year,Remote,0,1,2026-05-07,7,5,5,4,4,4,3,3,3,5,3,3,4,4,5,4,4,4,4
R03296,T133,Finance & Legal,PL,EMEA,Women,40-49,Individual contributor,< 1 year,Onsite,0,0,,,,,,,,,,,,,,,,,,,,
R03297,T133,Finance & Legal,PL,EMEA,Women,40-49,Individual contributor,3-5 years,Onsite,0,1,2026-05-16,9,5,5,4,3,3,4,5,5,5,4,4,5,5,5,5,5,4,4
R03298,T133,Finance & Legal,PL,EMEA,Men,40-49,Individual contributor,3-5 years,Hybrid,0,1,2026-05-06,7,5,5,5,4,4,3,5,5,5,3,2,4,5,5,5,5,5,5
R03299,T133,Finance & Legal,PL,EMEA,Women,60+,Individual contributor,6-10 years,Onsite,0,1,2026-05-21,7,5,5,5,3,3,4,3,3,4,3,2,3,4,4,4,5,4,3
R03300,T133,Finance & Legal,PL,EMEA,Men,40-49,Individual contributor,1-2 years,Onsite,0,1,2026-05-18,8,5,5,5,5,5,4,3,5,4,2,3,3,5,5,5,4,5,5
R03301,T133,Finance & Legal,PL,EMEA,Women,40-49,Individual contributor,1-2 years,Remote,0,1,2026-05-21,8,5,5,5,4,4,3,4,4,5,2,1,3,4,2,4,3,5,3
R03302,T134,Finance & Legal,US,North America,Non-binary / self-described,30-39,Individual contributor,3-5 years,Remote,0,1,2026-05-12,9,2,2,3,4,5,4,4,4,4,3,3,3,2,2,3,4,4,3
R03303,T134,Finance & Legal,US,North America,Non-binary / self-described,30-39,Individual contributor,6-10 years,Hybrid,0,1,2026-05-04,5,5,5,5,2,3,4,2,1,3,4,4,3,4,3,3,3,3,2
R03304,T134,Finance & Legal,US,North America,Men,18-29,Individual contributor,1-2 years,Onsite,0,0,,,,,,,,,,,,,,,,,,,,
R03305,T134,Finance & Legal,US,North America,Men,50-59,Individual contributor,6-10 years,Onsite,0,1,2026-05-15,9,5,5,5,4,4,4,3,3,4,2,1,3,5,5,5,4,5,5
R03306,T134,Finance & Legal,US,North America,Non-binary / self-described,30-39,Team lead,10 years +,Hybrid,0,0,,,,,,,,,,,,,,,,,,,,
R03307,T134,Finance & Legal,US,North America,Men,40-49,Team lead,3-5 years,Onsite,0,0,,,,,,,,,,,,,,,,,,,,
R03308,T134,Finance & Legal,US,North America,Men,40-49,Team lead,1-2 years,Onsite,0,1,2026-05-17,7,3,5,3,4,4,3,4,5,4,3,3,4,5,5,5,3,4,3
R03309,T134,Finance & Legal,US,North America,Men,18-29,Team lead,10 years +,Onsite,0,0,,,,,,,,,,,,,,,,,,,,
R03310,T134,Finance & Legal,US,North America,Men,40-49,Individual contributor,1-2 years,Hybrid,0,1,2026-05-04,5,4,3,4,5,4,4,2,3,2,3,4,5,5,5,4,4,3,4
R03311,T134,Finance & Legal,US,North America,Women,40-49,Team lead,< 1 year,Hybrid,0,0,,,,,,,,,,,,,,,,,,,,
R03312,T134,Finance & Legal,US,North America,Men,18-29,Individual contributor,< 1 year,Onsite,0,1,2026-05-20,5,5,5,5,4,4,2,5,4,5,3,2,2,3,4,4,2,2,3
R03313,T134,Finance & Legal,US,North America,Women,40-49,Individual contributor,1-2 years,Hybrid,0,1,2026-05-06,8,2,4,3,2,2,2,3,3,3,3,2,4,4,4,4,2,3,4
R03314,T134,Finance & Legal,US,North America,Men,30-39,Individual contributor,10 years +,Remote,0,1,2026-05-05,8,4,4,3,5,4,3,5,5,5,3,5,3,5,5,5,4,4,4
R03315,T134,Finance & Legal,US,North America,Women,50-59,Individual contributor,1-2 years,Onsite,0,1,2026-05-12,9,4,5,5,5,4,4,4,5,5,3,1,3,2,3,3,5,4,5
R03316,T134,Finance & Legal,US,North America,Women,40-49,Individual contributor,< 1 year,Onsite,0,1,2026-05-21,7,4,5,3,5,5,5,5,4,5,4,3,3,5,5,5,3,3,4
R03317,T134,Finance & Legal,US,North America,Women,18-29,Individual contributor,6-10 years,Remote,0,1,2026-05-04,7,2,4,4,4,5,4,4,2,3,5,2,3,2,3,2,5,4,4
R03318,T134,Finance & Legal,US,North America,Women,18-29,Individual contributor,< 1 year,Onsite,0,1,2026-05-13,7,3,3,3,3,4,4,3,5,4,5,4,5,4,4,3,3,4,4
R03319,T134,Finance & Legal,US,North America,Men,18-29,Individual contributor,6-10 years,Hybrid,0,1,2026-05-16,6,3,4,3,2,4,3,2,3,4,2,1,2,3,3,4,3,3,4
R03320,T134,Finance & Legal,US,North America,Women,30-39,Individual contributor,1-2 years,Onsite,0,1,2026-05-04,8,4,5,4,4,4,4,3,4,5,5,5,5,5,4,4,3,4,4
R03321,T134,Finance & Legal,US,North America,Women,30-39,Team lead,1-2 years,Hybrid,0,0,,,,,,,,,,,,,,,,,,,,
R03322,T134,Finance & Legal,US,North America,Women,40-49,Individual contributor,6-10 years,Hybrid,0,1,2026-05-07,8,5,5,5,4,4,2,3,2,4,3,2,4,5,5,5,5,3,4
R03323,T134,Finance & Legal,US,North America,Women,18-29,Individual contributor,< 1 year,Remote,0,1,2026-05-21,8,2,5,4,4,5,5,4,4,4,4,4,5,4,3,4,5,3,5
R03324,T134,Finance & Legal,US,North America,Women,18-29,Individual contributor,1-2 years,Hybrid,0,1,2026-05-05,9,4,5,5,5,4,3,5,5,5,3,4,3,4,4,3,5,3,5
R03325,T134,Finance & Legal,US,North America,Women,18-29,Manager,1-2 years,Onsite,0,1,2026-05-17,9,4,5,5,4,3,4,4,3,4,4,5,5,5,5,5,5,4,4
R03326,T134,Finance & Legal,US,North America,Men,40-49,Team lead,< 1 year,Remote,0,1,2026-05-22,8,5,5,4,5,5,5,5,5,5,2,3,4,5,4,4,5,4,5
R03327,T134,Finance & Legal,US,North America,Women,40-49,Team lead,3-5 years,Remote,0,1,2026-05-05,9,2,3,3,4,4,4,4,4,5,4,3,2,5,5,4,5,4,4
R03328,T134,Finance & Legal,US,North America,Men,18-29,Individual contributor,6-10 years,Onsite,0,1,2026-05-05,10,3,5,4,5,5,5,4,5,4,5,4,5,5,5,3,5,5,5
R03329,T134,Finance & Legal,US,North America,Women,40-49,Individual contributor,6-10 years,Remote,0,1,2026-05-04,6,4,4,4,2,3,3,2,3,4,3,5,3,5,3,4,3,2,3
R03330,T134,Finance & Legal,US,North America,Men,40-49,Individual contributor,10 years +,Onsite,0,1,2026-05-22,9,3,3,4,4,5,5,3,3,4,4,2,3,3,4,4,5,4,4
R03331,T134,Finance & Legal,US,North America,Women,50-59,Team lead,3-5 years,Onsite,0,1,2026-05-04,8,5,5,3,2,4,3,4,4,5,4,4,3,4,5,5,4,3,4
R03332,T134,Finance & Legal,US,North America,Men,30-39,Team lead,6-10 years,Onsite,0,1,2026-05-05,8,4,4,3,5,4,5,3,2,3,3,3,4,3,4,4,4,4,4
R03333,T134,Finance & Legal,US,North America,Men,18-29,Individual contributor,3-5 years,Onsite,0,1,2026-05-10,8,4,5,4,5,4,5,5,4,5,4,4,4,3,4,4,4,5,5
R03334,T134,Finance & Legal,US,North America,Men,30-39,Individual contributor,3-5 years,Hybrid,0,0,,,,,,,,,,,,,,,,,,,,
R03335,T134,Finance & Legal,US,North America,Women,30-39,Individual contributor,3-5 years,Onsite,0,0,,,,,,,,,,,,,,,,,,,,
R03336,T134,Finance & Legal,US,North America,Women,18-29,Team lead,10 years +,Onsite,0,1,2026-05-16,7,5,5,4,5,4,5,4,5,5,4,4,4,5,5,4,3,3,4
R03337,T134,Finance & Legal,US,North America,Men,30-39,Individual contributor,6-10 years,Remote,0,1,2026-05-18,8,5,5,5,5,4,4,4,4,3,5,5,5,5,4,3,3,3,3
R03338,T134,Finance & Legal,US,North America,Men,40-49,Individual contributor,< 1 year,Onsite,0,1,2026-05-16,8,4,5,5,4,4,3,5,5,5,5,4,4,3,5,4,5,5,4
R03339,T134,Finance & Legal,US,North America,Women,60+,Individual contributor,3-5 years,Onsite,0,1,2026-05-05,9,4,4,4,3,4,3,4,3,3,4,4,4,3,3,4,5,5,4
R03340,T134,Finance & Legal,US,North America,Women,18-29,Individual contributor,1-2 years,Onsite,0,1,2026-05-12,6,4,5,4,2,3,3,5,5,5,4,4,5,4,4,5,5,3,4
R03341,T134,Finance & Legal,US,North America,Men,30-39,Individual contributor,< 1 year,Hybrid,0,1,2026-05-18,10,5,4,4,3,4,4,5,4,3,4,4,4,4,5,5,5,5,5
R03342,T134,Finance & Legal,US,North America,Women,30-39,Individual contributor,< 1 year,Onsite,0,0,,,,,,,,,,,,,,,,,,,,
R03343,T134,Finance & Legal,US,North America,Men,30-39,Individual contributor,10 years +,Onsite,0,0,,,,,,,,,,,,,,,,,,,,
R03344,T134,Finance & Legal,US,North America,Men,30-39,Individual contributor,10 years +,Hybrid,0,0,,,,,,,,,,,,,,,,,,,,
R03345,T134,Finance & Legal,US,North America,Men,40-49,Individual contributor,10 years +,Onsite,0,1,2026-05-15,8,4,4,4,3,3,5,2,2,2,4,2,4,5,5,4,5,4,4
R03346,T134,Finance & Legal,US,North America,Men,30-39,Team lead,3-5 years,Onsite,0,1,2026-05-04,6,4,3,2,4,5,4,4,4,4,1,2,4,3,4,2,4,3,3
R03347,T134,Finance & Legal,US,North America,Men,30-39,Individual contributor,6-10 years,Remote,0,0,,,,,,,,,,,,,,,,,,,,
R03348,T135,Finance & Legal,US,North America,Men,18-29,Individual contributor,6-10 years,Onsite,0,1,2026-05-21,10,3,5,3,3,4,3,3,3,4,3,4,4,3,3,4,4,3,3
R03349,T135,Finance & Legal,US,North America,Men,40-49,Team lead,3-5 years,Hybrid,0,1,2026-05-13,6,5,5,5,3,4,3,3,5,4,3,2,3,5,4,3,4,3,3
R03350,T135,Finance & Legal,US,North America,Men,60+,Team lead,6-10 years,Hybrid,0,0,,,,,,,,,,,,,,,,,,,,
R03351,T135,Finance & Legal,US,North America,Women,18-29,Individual contributor,1-2 years,Hybrid,0,0,,,,,,,,,,,,,,,,,,,,
R03352,T135,Finance & Legal,US,North America,Women,40-49,Individual contributor,6-10 years,Hybrid,0,1,2026-05-15,8,4,4,3,5,5,4,4,4,4,3,4,5,5,4,4,5,5,4
R03353,T135,Finance & Legal,US,North America,Women,30-39,Individual contributor,< 1 year,Onsite,0,1,2026-05-16,7,4,3,4,4,5,4,3,3,3,4,4,4,5,3,4,5,4,3
R03354,T135,Finance & Legal,US,North America,Men,50-59,Manager,6-10 years,Remote,0,1,2026-05-05,8,4,5,4,5,5,5,5,5,4,4,3,4,4,5,4,5,4,4
R03355,T135,Finance & Legal,US,North America,Non-binary / self-described,18-29,Individual contributor,3-5 years,Remote,0,1,2026-05-15,6,4,5,4,4,4,3,3,3,4,4,3,3,5,5,5,4,4,4
R03356,T135,Finance & Legal,US,North America,Women,40-49,Team lead,1-2 years,Onsite,0,1,2026-05-20,6,5,4,4,3,3,4,2,2,3,4,5,4,2,2,4,4,4,3
R03357,T135,Finance & Legal,US,North America,Women,18-29,Manager,< 1 year,Hybrid,0,0,,,,,,,,,,,,,,,,,,,,
R03358,T135,Finance & Legal,US,North America,Men,40-49,Manager,1-2 years,Onsite,0,0,,,,,,,,,,,,,,,,,,,,
R03359,T135,Finance & Legal,US,North America,Women,30-39,Individual contributor,1-2 years,Onsite,0,1,2026-05-04,7,4,2,3,4,3,4,3,4,4,4,4,2,5,4,5,5,4,5
R03360,T135,Finance & Legal,US,North America,Women,30-39,Individual contributor,3-5 years,Onsite,0,0,,,,,,,,,,,,,,,,,,,,
R03361,T135,Finance & Legal,US,North America,Women,40-49,Individual contributor,6-10 years,Hybrid,0,1,2026-05-20,7,5,5,4,4,4,3,4,3,4,2,2,2,4,3,4,3,3,4
R03362,T135,Finance & Legal,US,North America,Men,50-59,Manager,3-5 years,Onsite,0,1,2026-05-06,8,5,4,5,3,2,3,5,5,5,5,4,4,5,4,4,4,4,4
R03363,T135,Finance & Legal,US,North America,Women,30-39,Individual contributor,< 1 year,Hybrid,0,1,2026-05-21,8,4,5,4,3,4,4,5,4,5,3,4,4,4,5,4,4,4,5
R03364,T135,Finance & Legal,US,North America,Men,18-29,Individual contributor,1-2 years,Hybrid,0,0,,,,,,,,,,,,,,,,,,,,
R03365,T135,Finance & Legal,US,North America,Men,40-49,Individual contributor,3-5 years,Hybrid,0,1,2026-05-06,7,5,5,4,2,3,3,3,4,5,3,2,4,2,3,2,5,3,4
R03366,T135,Finance & Legal,US,North America,Women,50-59,Team lead,1-2 years,Onsite,0,1,2026-05-16,9,5,5,5,4,4,5,4,4,4,4,4,3,4,4,4,5,4,4
R03367,T135,Finance & Legal,US,North America,Women,30-39,Individual contributor,< 1 year,Onsite,0,1,2026-05-08,5,5,5,3,4,4,5,4,4,4,3,3,3,4,3,2,3,4,2
R03368,T135,Finance & Legal,US,North America,Men,50-59,Individual contributor,3-5 years,Hybrid,0,1,2026-05-17,7,5,5,4,4,2,3,4,4,3,3,2,4,4,4,3,4,4,4
R03369,T135,Finance & Legal,US,North America,Men,30-39,Individual contributor,3-5 years,Hybrid,0,1,2026-05-08,8,4,5,5,4,5,4,3,3,4,2,3,4,5,4,5,4,2,3
R03370,T135,Finance & Legal,US,North America,Men,18-29,Individual contributor,10 years +,Hybrid,0,1,2026-05-10,9,1,3,2,4,4,5,5,4,5,2,2,3,4,3,3,5,5,3
R03371,T135,Finance & Legal,US,North America,Women,40-49,Individual contributor,< 1 year,Onsite,0,1,2026-05-05,8,5,4,5,2,3,2,4,4,4,4,4,5,5,4,4,4,5,4
R03372,T135,Finance & Legal,US,North America,Men,40-49,Individual contributor,< 1 year,Onsite,0,1,2026-05-04,10,5,4,5,2,4,3,5,4,5,2,3,3,5,4,4,5,5,4
R03373,T135,Finance & Legal,US,North America,Men,40-49,Individual contributor,< 1 year,Onsite,0,1,2026-05-16,7,4,4,3,4,4,4,5,4,5,3,2,4,5,5,5,4,5,3
R03374,T135,Finance & Legal,US,North America,Women,30-39,Individual contributor,1-2 years,Hybrid,0,1,2026-05-05,10,4,3,4,5,3,5,4,4,5,5,4,5,5,5,5,4,4,3
R03375,T135,Finance & Legal,US,North America,Non-binary / self-described,40-49,Team lead,3-5 years,Onsite,0,1,2026-05-16,6,4,5,4,2,2,4,3,4,5,3,3,3,5,5,4,3,3,3
R03376,T135,Finance & Legal,US,North America,Men,30-39,Individual contributor,1-2 years,Hybrid,0,1,2026-05-13,6,4,4,3,4,4,4,4,4,4,3,2,2,4,5,5,3,2,2
R03377,T135,Finance & Legal,US,North America,Women,30-39,Individual contributor,10 years +,Onsite,0,1,2026-05-05,6,4,5,5,3,3,3,4,3,5,3,3,4,3,2,3,5,5,4
R03378,T136,Finance & Legal,DE,EMEA,Women,60+,Individual contributor,1-2 years,Onsite,0,1,2026-05-22,6,4,5,4,3,2,3,4,4,5,4,4,3,4,5,5,4,3,2
R03379,T136,Finance & Legal,DE,EMEA,Women,40-49,Manager,1-2 years,Hybrid,0,1,2026-05-08,8,5,5,5,5,5,5,4,3,4,5,5,5,5,5,5,5,5,5
R03380,T136,Finance & Legal,DE,EMEA,Women,30-39,Individual contributor,10 years +,Onsite,0,1,2026-05-07,7,3,1,2,5,4,4,3,1,5,4,5,5,5,5,5,4,4,4
R03381,T136,Finance & Legal,DE,EMEA,Non-binary / self-described,30-39,Individual contributor,3-5 years,Hybrid,0,1,2026-05-05,8,5,5,4,5,5,4,3,4,4,3,3,4,5,4,3,3,3,3
R03382,T136,Finance & Legal,DE,EMEA,Men,40-49,Individual contributor,1-2 years,Hybrid,0,1,2026-05-22,7,4,3,3,5,5,5,3,4,4,5,5,5,5,4,5,3,4,2
R03383,T136,Finance & Legal,DE,EMEA,Women,40-49,Team lead,1-2 years,Hybrid,0,1,2026-05-06,6,5,5,5,4,5,5,5,5,5,3,3,4,4,4,4,3,4,3
R03384,T136,Finance & Legal,DE,EMEA,Non-binary / self-described,30-39,Individual contributor,3-5 years,Onsite,0,0,,,,,,,,,,,,,,,,,,,,
R03385,T136,Finance & Legal,DE,EMEA,Women,50-59,Individual contributor,6-10 years,Onsite,0,1,2026-05-22,9,5,5,3,4,5,5,5,4,4,5,4,3,4,4,4,5,5,4
R03386,T136,Finance & Legal,DE,EMEA,Men,40-49,Individual contributor,< 1 year,Onsite,0,1,2026-05-20,7,3,3,3,5,5,5,5,4,5,3,4,4,3,5,3,5,4,3
R03387,T136,Finance & Legal,DE,EMEA,Men,40-49,Individual contributor,3-5 years,Remote,0,1,2026-05-22,7,3,4,4,5,5,5,4,5,5,3,3,3,5,4,4,5,3,3
R03388,T136,Finance & Legal,DE,EMEA,Men,40-49,Team lead,6-10 years,Onsite,0,1,2026-05-22,9,5,4,5,5,4,4,5,5,5,5,5,5,3,5,4,5,5,5
R03389,T136,Finance & Legal,DE,EMEA,Women,30-39,Individual contributor,1-2 years,Hybrid,0,1,2026-05-07,10,4,5,5,5,5,4,5,5,5,5,4,5,3,4,3,4,4,3
R03390,T136,Finance & Legal,DE,EMEA,Women,60+,Individual contributor,1-2 years,Hybrid,0,1,2026-05-16,9,4,5,4,5,5,5,5,4,4,3,4,4,4,4,3,5,4,5
R03391,T136,Finance & Legal,DE,EMEA,Men,30-39,Individual contributor,10 years +,Hybrid,0,1,2026-05-21,5,5,5,4,4,5,5,5,5,5,4,3,4,5,4,4,3,3,4
R03392,T136,Finance & Legal,DE,EMEA,Women,40-49,Individual contributor,3-5 years,Hybrid,0,1,2026-05-15,6,4,5,5,5,5,5,3,4,4,5,5,4,5,5,4,4,4,3
R03393,T136,Finance & Legal,DE,EMEA,Women,30-39,Team lead,3-5 years,Hybrid,0,1,2026-05-20,6,3,4,5,4,2,3,3,3,4,4,2,5,4,3,4,4,4,3
R03394,T136,Finance & Legal,DE,EMEA,Men,40-49,Individual contributor,1-2 years,Hybrid,0,1,2026-05-21,6,4,5,4,5,4,3,5,4,5,4,5,5,3,4,4,4,4,4
R03395,T136,Finance & Legal,DE,EMEA,Men,60+,Individual contributor,3-5 years,Onsite,0,1,2026-05-20,6,5,4,5,5,4,5,3,5,5,2,3,2,5,4,4,5,3,3
R03396,T136,Finance & Legal,DE,EMEA,Men,18-29,Individual contributor,10 years +,Hybrid,0,1,2026-05-21,9,5,5,5,4,4,4,5,4,4,4,4,3,3,4,4,5,4,5
R03397,T136,Finance & Legal,DE,EMEA,Women,60+,Individual contributor,1-2 years,Remote,0,1,2026-05-13,4,5,4,2,4,5,5,5,5,4,4,4,4,5,5,4,3,5,3
R03398,T136,Finance & Legal,DE,EMEA,Men,30-39,Individual contributor,6-10 years,Hybrid,0,1,2026-05-22,8,5,3,5,4,5,4,4,4,4,4,2,4,5,5,5,3,5,3
R03399,T136,Finance & Legal,DE,EMEA,Men,60+,Individual contributor,< 1 year,Onsite,0,1,2026-05-21,10,5,4,5,3,4,4,5,5,5,4,5,4,5,5,5,5,5,5
R03400,T136,Finance & Legal,DE,EMEA,Men,30-39,Individual contributor,3-5 years,Remote,0,1,2026-05-22,8,5,5,4,4,4,5,5,4,4,1,1,2,4,5,4,5,3,3
R03401,T136,Finance & Legal,DE,EMEA,Women,30-39,Individual contributor,< 1 year,Remote,0,0,,,,,,,,,,,,,,,,,,,,
R03402,T136,Finance & Legal,DE,EMEA,Men,30-39,Individual contributor,< 1 year,Hybrid,0,1,2026-05-21,10,5,5,5,5,5,5,5,4,5,4,4,5,5,5,4,5,5,5
R03403,T136,Finance & Legal,DE,EMEA,Women,40-49,Individual contributor,6-10 years,Onsite,0,1,2026-05-12,9,5,5,5,4,4,5,4,5,5,4,4,3,5,4,4,5,4,4
R03404,T136,Finance & Legal,DE,EMEA,Women,40-49,Individual contributor,3-5 years,Hybrid,0,1,2026-05-17,6,4,5,4,5,5,3,5,5,5,2,4,3,4,3,4,5,4,4
R03405,T136,Finance & Legal,DE,EMEA,Women,40-49,Individual contributor,3-5 years,Onsite,0,1,2026-05-05,9,2,4,3,5,5,5,4,4,5,4,4,5,4,4,4,5,4,5
R03406,T137,Finance & Legal,PL,EMEA,Men,18-29,Individual contributor,10 years +,Remote,0,1,2026-05-22,7,4,4,4,3,1,3,2,2,2,4,4,5,5,5,5,3,2,1
R03407,T137,Finance & Legal,PL,EMEA,Men,50-59,Individual contributor,6-10 years,Hybrid,0,0,,,,,,,,,,,,,,,,,,,,
R03408,T137,Finance & Legal,PL,EMEA,Women,40-49,Individual contributor,3-5 years,Remote,0,1,2026-05-15,9,5,5,5,5,5,4,5,5,5,1,2,4,5,5,5,5,5,5
R03409,T137,Finance & Legal,PL,EMEA,Women,18-29,Individual contributor,1-2 years,Onsite,0,1,2026-05-14,7,4,4,5,4,5,3,3,2,4,3,3,3,4,5,4,5,3,2
R03410,T137,Finance & Legal,PL,EMEA,Women,40-49,Individual contributor,1-2 years,Onsite,0,1,2026-05-06,6,5,5,4,3,4,5,5,5,5,2,2,2,5,5,5,4,4,4
R03411,T137,Finance & Legal,PL,EMEA,Men,18-29,Team lead,3-5 years,Hybrid,0,1,2026-05-06,10,5,5,5,5,5,5,4,3,2,3,1,3,5,3,5,5,4,5
R03412,T137,Finance & Legal,PL,EMEA,Men,30-39,Team lead,< 1 year,Remote,0,1,2026-05-22,8,4,3,4,4,4,4,5,5,5,3,2,4,5,5,5,5,4,5
R03413,T137,Finance & Legal,PL,EMEA,Women,50-59,Manager,< 1 year,Hybrid,0,0,,,,,,,,,,,,,,,,,,,,
R03414,T137,Finance & Legal,PL,EMEA,Men,30-39,Team lead,6-10 years,Onsite,0,1,2026-05-06,5,3,4,3,4,3,3,4,3,5,3,2,3,4,5,4,4,3,2
R03415,T137,Finance & Legal,PL,EMEA,Women,18-29,Individual contributor,6-10 years,Remote,0,1,2026-05-22,8,5,4,4,4,3,3,3,2,3,2,3,2,4,5,4,4,4,3
R03416,T137,Finance & Legal,PL,EMEA,Men,60+,Individual contributor,1-2 years,Remote,0,1,2026-05-04,6,5,5,5,3,3,2,4,2,4,5,4,5,3,4,4,3,4,2
R03417,T137,Finance & Legal,PL,EMEA,Men,30-39,Individual contributor,6-10 years,Onsite,0,1,2026-05-09,7,4,3,4,2,3,1,4,5,3,3,3,3,4,4,4,4,4,4
R03418,T137,Finance & Legal,PL,EMEA,Men,40-49,Individual contributor,1-2 years,Hybrid,0,1,2026-05-04,10,5,5,5,5,5,4,3,3,4,3,3,3,5,5,5,5,5,4
R03419,T137,Finance & Legal,PL,EMEA,Women,40-49,Team lead,3-5 years,Onsite,0,1,2026-05-17,8,4,4,4,4,5,3,2,3,4,4,3,4,5,5,5,4,3,3
R03420,T137,Finance & Legal,PL,EMEA,Women,40-49,Individual contributor,< 1 year,Onsite,0,1,2026-05-15,10,3,4,4,3,5,5,4,3,3,5,5,5,5,4,4,5,4,5
R03421,T137,Finance & Legal,PL,EMEA,Men,40-49,Individual contributor,3-5 years,Onsite,0,1,2026-05-12,9,3,2,4,3,4,3,3,3,3,3,2,4,5,4,5,5,5,3
R03422,T137,Finance & Legal,PL,EMEA,Women,40-49,Individual contributor,3-5 years,Onsite,0,1,2026-05-22,5,4,5,4,3,3,3,2,3,4,3,3,3,4,4,4,4,3,4
R03423,T137,Finance & Legal,PL,EMEA,Women,40-49,Individual contributor,1-2 years,Hybrid,0,1,2026-05-14,8,4,5,5,2,3,3,5,5,5,2,3,4,5,5,5,4,5,5
R03424,T137,Finance & Legal,PL,EMEA,Women,60+,Team lead,3-5 years,Hybrid,0,1,2026-05-04,6,5,5,5,5,5,4,3,3,4,3,3,2,5,5,4,4,5,3
R03425,T138,Finance & Legal,SG,APAC,Women,30-39,Manager,< 1 year,Hybrid,0,1,2026-05-19,9,5,5,4,3,4,4,4,4,5,5,5,5,4,5,5,5,4,2
R03426,T138,Finance & Legal,SG,APAC,Men,30-39,Team lead,3-5 years,Onsite,0,1,2026-05-22,10,5,4,5,3,4,4,3,4,5,5,4,5,3,4,5,5,3,4
R03427,T138,Finance & Legal,SG,APAC,Women,30-39,Individual contributor,10 years +,Hybrid,0,0,,,,,,,,,,,,,,,,,,,,
R03428,T138,Finance & Legal,SG,APAC,Women,18-29,Individual contributor,< 1 year,Onsite,0,1,2026-05-06,8,4,4,4,4,4,3,5,4,4,4,4,4,5,5,5,5,4,4
R03429,T138,Finance & Legal,SG,APAC,Women,30-39,Individual contributor,3-5 years,Onsite,0,1,2026-05-21,9,5,5,3,4,5,4,4,3,3,3,5,5,5,5,4,4,4,3
R03430,T138,Finance & Legal,SG,APAC,Women,30-39,Individual contributor,6-10 years,Hybrid,0,1,2026-05-04,9,5,5,5,5,5,5,2,1,3,4,4,3,5,5,5,5,4,5
R03431,T138,Finance & Legal,SG,APAC,Women,50-59,Team lead,3-5 years,Remote,0,1,2026-05-22,7,4,4,4,4,5,5,5,4,5,5,3,5,4,4,3,4,5,4
R03432,T138,Finance & Legal,SG,APAC,Women,30-39,Individual contributor,10 years +,Remote,0,1,2026-05-16,8,5,5,5,4,4,5,4,5,4,1,3,3,5,5,5,4,4,5
R03433,T138,Finance & Legal,SG,APAC,Women,30-39,Individual contributor,< 1 year,Hybrid,0,1,2026-05-19,8,5,5,5,5,5,5,4,5,5,5,5,5,5,5,4,5,4,4
R03434,T138,Finance & Legal,SG,APAC,Men,18-29,Individual contributor,6-10 years,Remote,0,1,2026-05-06,6,4,4,4,4,4,3,2,3,2,4,4,5,4,4,4,4,3,4
R03435,T138,Finance & Legal,SG,APAC,Men,60+,Individual contributor,1-2 years,Onsite,0,0,,,,,,,,,,,,,,,,,,,,
R03436,T138,Finance & Legal,SG,APAC,Men,60+,Individual contributor,6-10 years,Onsite,0,1,2026-05-11,9,5,5,5,5,5,5,4,4,5,1,3,3,5,5,5,5,5,4
R03437,T138,Finance & Legal,SG,APAC,Women,30-39,Individual contributor,< 1 year,Hybrid,0,1,2026-05-15,7,5,5,5,3,4,4,5,5,4,5,4,3,5,5,5,4,5,5
R03438,T138,Finance & Legal,SG,APAC,Men,40-49,Manager,1-2 years,Onsite,0,1,2026-05-18,10,5,5,5,5,5,5,5,5,5,3,3,4,5,5,5,5,5,5
R03439,T138,Finance & Legal,SG,APAC,Women,18-29,Individual contributor,1-2 years,Remote,0,1,2026-05-06,10,5,5,5,4,5,5,3,3,5,3,2,4,4,4,3,5,5,4
R03440,T138,Finance & Legal,SG,APAC,Men,40-49,Individual contributor,1-2 years,Onsite,0,1,2026-05-05,9,5,5,4,4,3,5,4,4,5,5,5,5,4,5,4,5,5,5
R03441,T138,Finance & Legal,SG,APAC,Women,40-49,Individual contributor,3-5 years,Onsite,0,1,2026-05-21,10,4,5,5,4,5,4,4,4,3,4,4,5,4,5,4,4,4,4
R03442,T138,Finance & Legal,SG,APAC,Non-binary / self-described,30-39,Individual contributor,< 1 year,Onsite,0,1,2026-05-04,10,5,5,4,3,4,4,5,5,5,3,5,5,5,4,4,5,5,5
R03443,T138,Finance & Legal,SG,APAC,Men,18-29,Individual contributor,6-10 years,Onsite,0,0,,,,,,,,,,,,,,,,,,,,
R03444,T138,Finance & Legal,SG,APAC,Women,30-39,Individual contributor,1-2 years,Hybrid,0,1,2026-05-08,10,4,4,5,3,4,4,5,5,5,4,4,4,4,5,4,4,5,4
R03445,T138,Finance & Legal,SG,APAC,Men,40-49,Team lead,< 1 year,Onsite,0,1,2026-05-06,10,4,4,4,3,5,4,5,5,5,4,5,5,5,4,3,5,5,5
R03446,T138,Finance & Legal,SG,APAC,Men,40-49,Team lead,< 1 year,Remote,0,1,2026-05-12,10,5,5,5,4,5,4,4,4,4,3,2,4,5,5,5,4,5,4
R03447,T138,Finance & Legal,SG,APAC,Men,18-29,Individual contributor,6-10 years,Hybrid,0,1,2026-05-06,9,4,4,3,5,5,5,5,4,5,4,4,4,4,5,4,4,3,4
R03448,T138,Finance & Legal,SG,APAC,Men,30-39,Individual contributor,6-10 years,Hybrid,0,1,2026-05-21,8,5,5,5,5,4,4,5,4,4,5,5,5,4,4,3,4,4,4
R03449,T139,Finance & Legal,IN,APAC,Women,30-39,Senior leader,1-2 years,Hybrid,0,1,2026-05-13,8,5,5,5,4,3,4,1,2,3,3,2,4,4,4,3,4,4,4
R03450,T139,Finance & Legal,IN,APAC,Men,30-39,Individual contributor,3-5 years,Onsite,0,1,2026-05-05,3,2,3,2,4,3,3,2,3,4,3,2,3,2,3,3,3,1,3
R03451,T139,Finance & Legal,IN,APAC,Women,30-39,Individual contributor,3-5 years,Onsite,0,1,2026-05-10,7,2,3,3,3,3,4,3,3,2,2,4,2,4,2,3,4,5,4
R03452,T139,Finance & Legal,IN,APAC,Women,30-39,Individual contributor,6-10 years,Hybrid,0,1,2026-05-07,8,4,5,3,5,5,5,1,2,1,4,4,4,4,5,4,3,3,3
R03453,T139,Finance & Legal,IN,APAC,Women,30-39,Individual contributor,< 1 year,Remote,0,1,2026-05-17,7,4,4,3,2,2,3,3,3,4,2,2,3,2,4,3,4,3,5
R03454,T139,Finance & Legal,IN,APAC,Women,40-49,Team lead,< 1 year,Hybrid,0,1,2026-05-18,6,3,3,3,3,2,3,4,2,3,4,4,5,2,3,2,3,3,4
R03455,T139,Finance & Legal,IN,APAC,Men,60+,Individual contributor,6-10 years,Hybrid,0,1,2026-05-05,7,4,3,3,4,5,5,3,4,4,2,3,3,5,1,4,3,3,2
R03456,T139,Finance & Legal,IN,APAC,Men,30-39,Individual contributor,10 years +,Onsite,0,0,,,,,,,,,,,,,,,,,,,,
R03457,T139,Finance & Legal,IN,APAC,Women,60+,Team lead,< 1 year,Hybrid,0,0,,,,,,,,,,,,,,,,,,,,
R03458,T139,Finance & Legal,IN,APAC,Women,30-39,Individual contributor,1-2 years,Hybrid,0,1,2026-05-14,8,2,2,2,5,4,4,2,3,3,3,3,3,3,4,5,3,4,4
R03459,T140,People & Workplace,US,North America,Women,30-39,Individual contributor,3-5 years,Onsite,0,1,2026-05-10,6,4,5,5,2,4,4,4,4,5,3,2,1,4,5,4,5,4,3
R03460,T140,People & Workplace,US,North America,Women,30-39,Individual contributor,6-10 years,Hybrid,0,1,2026-05-04,8,4,4,5,5,5,5,5,3,5,3,4,3,4,4,2,3,4,4
R03461,T140,People & Workplace,US,North America,Men,40-49,Individual contributor,< 1 year,Remote,0,1,2026-05-18,5,5,5,5,4,4,4,2,4,4,2,3,4,4,5,3,3,2,4
R03462,T140,People & Workplace,US,North America,Women,40-49,Individual contributor,3-5 years,Onsite,0,0,,,,,,,,,,,,,,,,,,,,
R03463,T140,People & Workplace,US,North America,Women,30-39,Individual contributor,10 years +,Hybrid,0,1,2026-05-16,7,5,4,5,4,5,4,4,4,5,3,3,4,5,5,4,5,4,4
R03464,T140,People & Workplace,US,North America,Men,30-39,Individual contributor,10 years +,Hybrid,0,1,2026-05-22,7,5,5,5,2,3,3,3,3,4,5,4,5,4,3,2,5,4,4
R03465,T140,People & Workplace,US,North America,Women,40-49,Individual contributor,< 1 year,Hybrid,0,1,2026-05-22,7,5,5,5,5,4,4,4,4,5,4,4,5,3,5,5,4,5,5
R03466,T140,People & Workplace,US,North America,Men,50-59,Individual contributor,6-10 years,Onsite,0,1,2026-05-06,6,4,5,4,2,3,3,2,2,3,5,4,5,5,5,3,3,3,3
R03467,T140,People & Workplace,US,North America,Men,30-39,Individual contributor,1-2 years,Hybrid,0,1,2026-05-09,8,3,3,3,4,5,5,5,4,5,4,3,5,4,4,5,4,3,2
R03468,T140,People & Workplace,US,North America,Women,50-59,Individual contributor,3-5 years,Hybrid,0,0,,,,,,,,,,,,,,,,,,,,
R03469,T140,People & Workplace,US,North America,Women,18-29,Individual contributor,< 1 year,Hybrid,0,1,2026-05-13,8,5,4,4,2,2,2,4,3,3,4,4,4,5,5,5,5,4,3
R03470,T140,People & Workplace,US,North America,Women,50-59,Individual contributor,10 years +,Hybrid,0,1,2026-05-04,8,5,4,5,4,4,4,5,4,3,5,5,5,5,4,3,5,5,3
R03471,T140,People & Workplace,US,North America,Women,50-59,Individual contributor,3-5 years,Hybrid,0,1,2026-05-22,7,4,4,4,4,4,3,5,4,4,3,4,4,4,5,4,5,4,4
R03472,T140,People & Workplace,US,North America,Men,18-29,Individual contributor,3-5 years,Onsite,0,1,2026-05-09,6,4,5,4,4,5,3,3,2,4,3,3,5,5,5,5,3,4,4
R03473,T140,People & Workplace,US,North America,Women,18-29,Team lead,< 1 year,Onsite,0,1,2026-05-07,8,5,4,5,4,4,4,5,4,5,3,3,4,5,4,3,4,4,4
R03474,T140,People & Workplace,US,North America,Women,18-29,Team lead,3-5 years,Onsite,0,1,2026-05-04,10,4,5,4,3,4,3,4,4,4,2,4,4,5,5,4,4,2,4
R03475,T140,People & Workplace,US,North America,Non-binary / self-described,60+,Individual contributor,3-5 years,Hybrid,0,1,2026-05-20,6,3,4,4,3,5,5,3,2,3,4,2,4,4,4,5,4,2,3
R03476,T140,People & Workplace,US,North America,Men,30-39,Individual contributor,< 1 year,Hybrid,0,1,2026-05-22,8,3,3,2,4,5,5,5,4,4,3,2,2,5,5,4,5,3,3
R03477,T141,People & Workplace,PL,EMEA,Men,18-29,Individual contributor,3-5 years,Onsite,0,1,2026-05-06,7,4,4,4,4,4,4,2,3,4,4,4,5,3,4,4,2,3,4
R03478,T141,People & Workplace,PL,EMEA,Men,50-59,Individual contributor,< 1 year,Remote,0,0,,,,,,,,,,,,,,,,,,,,
R03479,T141,People & Workplace,PL,EMEA,Men,50-59,Individual contributor,1-2 years,Onsite,0,1,2026-05-11,7,5,4,5,4,3,4,3,3,3,3,4,3,5,5,5,4,4,3
R03480,T141,People & Workplace,PL,EMEA,Women,50-59,Individual contributor,1-2 years,Onsite,0,1,2026-05-06,8,4,4,4,3,3,4,1,2,4,4,4,3,4,5,5,3,4,3
R03481,T141,People & Workplace,PL,EMEA,Men,18-29,Individual contributor,6-10 years,Hybrid,0,1,2026-05-15,8,5,5,5,3,4,4,3,3,3,3,4,5,3,3,4,5,4,4
R03482,T141,People & Workplace,PL,EMEA,Women,50-59,Individual contributor,3-5 years,Hybrid,0,1,2026-05-21,10,4,4,4,3,4,4,3,4,5,2,2,2,4,4,4,5,4,5
R03483,T141,People & Workplace,PL,EMEA,Men,50-59,Individual contributor,3-5 years,Onsite,0,1,2026-05-12,7,2,4,2,3,3,2,2,2,2,3,3,4,4,5,4,4,5,3
R03484,T141,People & Workplace,PL,EMEA,Women,40-49,Individual contributor,3-5 years,Hybrid,0,0,,,,,,,,,,,,,,,,,,,,
R03485,T141,People & Workplace,PL,EMEA,Women,60+,Team lead,3-5 years,Onsite,0,1,2026-05-05,6,3,3,3,5,4,4,1,2,3,5,4,4,3,3,3,3,3,3
R03486,T141,People & Workplace,PL,EMEA,Men,18-29,Individual contributor,3-5 years,Onsite,0,1,2026-05-18,8,4,5,5,5,5,4,2,2,4,4,4,4,2,4,4,4,5,5
R03487,T141,People & Workplace,PL,EMEA,Men,30-39,Individual contributor,< 1 year,Hybrid,0,0,,,,,,,,,,,,,,,,,,,,
R03488,T141,People & Workplace,PL,EMEA,Men,30-39,Team lead,3-5 years,Onsite,0,1,2026-05-15,9,5,4,5,4,5,5,5,4,5,4,3,5,3,3,3,4,5,4
R03489,T141,People & Workplace,PL,EMEA,Men,30-39,Manager,1-2 years,Onsite,0,1,2026-05-09,10,5,5,5,4,2,3,4,3,4,5,5,3,5,4,4,5,5,4
R03490,T141,People & Workplace,PL,EMEA,Women,18-29,Individual contributor,< 1 year,Remote,0,1,2026-05-08,8,4,4,5,5,5,5,5,5,5,3,3,4,4,3,5,4,4,5
R03491,T141,People & Workplace,PL,EMEA,Men,40-49,Individual contributor,10 years +,Remote,0,1,2026-05-11,9,5,5,4,3,3,3,4,4,5,4,3,2,4,5,4,5,4,5
R03492,T141,People & Workplace,PL,EMEA,Men,40-49,Individual contributor,10 years +,Onsite,0,1,2026-05-13,7,5,5,4,3,5,3,3,3,4,3,3,4,2,4,3,3,3,3
R03493,T141,People & Workplace,PL,EMEA,Men,18-29,Individual contributor,1-2 years,Onsite,0,1,2026-05-16,8,4,5,5,3,1,3,5,4,5,5,5,3,2,3,3,4,3,4
R03494,T141,People & Workplace,PL,EMEA,Men,40-49,Individual contributor,6-10 years,Onsite,0,1,2026-05-22,6,3,3,3,3,2,2,5,5,5,5,5,5,5,5,4,5,5,4
R03495,T141,People & Workplace,PL,EMEA,Women,40-49,Individual contributor,1-2 years,Hybrid,0,0,,,,,,,,,,,,,,,,,,,,
R03496,T141,People & Workplace,PL,EMEA,Women,40-49,Individual contributor,3-5 years,Hybrid,0,1,2026-05-07,7,4,4,3,5,5,4,3,3,4,2,2,2,2,4,2,4,3,3
R03497,T142,People & Workplace,PL,EMEA,Women,18-29,Individual contributor,10 years +,Onsite,0,1,2026-05-13,9,5,5,5,3,4,2,4,5,5,3,2,3,5,5,4,4,3,3
R03498,T142,People & Workplace,PL,EMEA,Women,40-49,Individual contributor,1-2 years,Hybrid,0,0,,,,,,,,,,,,,,,,,,,,
R03499,T142,People & Workplace,PL,EMEA,Men,18-29,Team lead,< 1 year,Onsite,0,1,2026-05-07,10,5,5,5,5,5,5,3,4,4,4,5,5,5,5,5,5,5,5
R03500,T142,People & Workplace,PL,EMEA,Men,30-39,Manager,10 years +,Remote,0,1,2026-05-16,10,5,5,5,5,5,5,3,5,5,5,4,5,5,5,5,5,5,5
R03501,T142,People & Workplace,PL,EMEA,Men,30-39,Manager,3-5 years,Hybrid,0,1,2026-05-21,8,4,5,5,4,3,3,4,5,5,4,4,4,5,5,5,4,5,5
R03502,T142,People & Workplace,PL,EMEA,Women,50-59,Individual contributor,< 1 year,Onsite,0,0,,,,,,,,,,,,,,,,,,,,
R03503,T142,People & Workplace,PL,EMEA,Men,40-49,Individual contributor,1-2 years,Onsite,0,1,2026-05-08,10,5,5,5,5,5,5,5,5,5,4,4,4,4,5,4,5,5,5
R03504,T142,People & Workplace,PL,EMEA,Men,40-49,Manager,1-2 years,Onsite,0,1,2026-05-05,7,5,5,5,4,5,5,5,5,5,5,5,4,5,5,5,5,5,5
R03505,T142,People & Workplace,PL,EMEA,Women,40-49,Team lead,6-10 years,Hybrid,0,1,2026-05-22,9,5,5,5,5,5,5,5,5,5,5,4,4,5,5,5,4,5,5
R03506,T142,People & Workplace,PL,EMEA,Non-binary / self-described,50-59,Individual contributor,< 1 year,Hybrid,0,1,2026-05-22,4,5,5,5,3,3,4,5,4,5,4,5,5,5,5,5,4,4,3
R03507,T142,People & Workplace,PL,EMEA,Men,40-49,Individual contributor,3-5 years,Onsite,0,1,2026-05-22,8,5,5,5,5,5,3,3,4,4,5,5,5,5,4,5,3,4,4
R03508,T142,People & Workplace,PL,EMEA,Women,40-49,Individual contributor,< 1 year,Onsite,0,1,2026-05-15,10,5,4,4,5,5,4,5,3,5,4,4,4,4,5,4,5,5,4
R03509,T142,People & Workplace,PL,EMEA,Men,50-59,Individual contributor,1-2 years,Onsite,0,1,2026-05-12,6,5,5,5,3,2,3,3,3,4,3,5,4,5,5,4,3,2,3
R03510,T142,People & Workplace,PL,EMEA,Women,30-39,Individual contributor,6-10 years,Remote,0,1,2026-05-21,10,5,5,5,5,5,5,5,5,5,5,5,5,5,5,5,5,5,5
R03511,T142,People & Workplace,PL,EMEA,Women,18-29,Individual contributor,6-10 years,Hybrid,0,1,2026-05-05,9,5,5,5,4,3,3,4,4,5,5,5,4,5,5,5,5,4,5
R03512,T142,People & Workplace,PL,EMEA,Men,40-49,Individual contributor,1-2 years,Onsite,0,1,2026-05-19,10,5,5,5,5,5,5,5,4,5,5,5,5,4,5,5,5,5,4
R03513,T142,People & Workplace,PL,EMEA,Men,30-39,Team lead,< 1 year,Onsite,0,1,2026-05-22,9,4,5,5,4,4,5,5,5,5,4,3,5,5,5,5,5,5,5
R03514,T142,People & Workplace,PL,EMEA,Women,40-49,Individual contributor,3-5 years,Hybrid,0,1,2026-05-22,9,5,5,5,5,5,5,5,5,4,4,5,5,5,5,5,5,5,5
R03515,T142,People & Workplace,PL,EMEA,Men,30-39,Team lead,< 1 year,Onsite,0,1,2026-05-06,10,5,5,5,4,5,4,5,5,4,4,5,5,5,5,5,5,5,5
R03516,T142,People & Workplace,PL,EMEA,Men,30-39,Individual contributor,3-5 years,Hybrid,0,1,2026-05-12,10,5,5,5,4,5,5,5,4,5,4,4,5,5,5,5,5,4,5
R03517,T142,People & Workplace,PL,EMEA,Women,30-39,Individual contributor,3-5 years,Onsite,0,1,2026-05-11,9,5,5,5,4,4,3,5,5,5,3,4,4,5,5,5,5,5,4
R03518,T142,People & Workplace,PL,EMEA,Women,40-49,Individual contributor,1-2 years,Hybrid,0,1,2026-05-04,7,5,5,5,4,5,5,4,4,5,5,4,5,5,5,4,4,4,4
R03519,T142,People & Workplace,PL,EMEA,Men,30-39,Individual contributor,1-2 years,Hybrid,0,1,2026-05-04,8,5,5,5,4,5,5,4,5,5,5,4,5,5,4,4,5,4,4
R03520,T142,People & Workplace,PL,EMEA,Men,30-39,Individual contributor,< 1 year,Remote,0,1,2026-05-08,7,5,5,5,5,4,4,5,5,5,3,2,2,5,4,5,3,5,4
R03521,T142,People & Workplace,PL,EMEA,Men,18-29,Individual contributor,< 1 year,Hybrid,0,1,2026-05-06,7,5,5,4,5,4,4,4,4,4,4,4,5,5,5,5,5,5,5
R03522,T142,People & Workplace,PL,EMEA,Women,40-49,Individual contributor,3-5 years,Hybrid,0,1,2026-05-07,9,4,3,5,4,5,5,4,4,4,5,3,4,5,5,5,4,5,5
R03523,T142,People & Workplace,PL,EMEA,Women,30-39,Manager,1-2 years,Hybrid,0,1,2026-05-05,9,5,5,5,5,5,5,5,4,5,4,5,5,5,5,5,5,5,5
R03524,T142,People & Workplace,PL,EMEA,Men,50-59,Manager,1-2 years,Onsite,0,1,2026-05-21,10,5,5,5,5,5,5,5,5,5,4,5,3,5,5,5,5,5,5
R03525,T142,People & Workplace,PL,EMEA,Men,50-59,Individual contributor,< 1 year,Hybrid,0,1,2026-05-14,10,5,5,5,5,5,5,5,4,5,4,5,5,5,5,5,5,5,5
R03526,T142,People & Workplace,PL,EMEA,Men,40-49,Individual contributor,6-10 years,Onsite,0,1,2026-05-21,9,5,4,5,5,4,5,4,4,5,3,3,3,5,5,5,4,3,4
R03527,T142,People & Workplace,PL,EMEA,Women,60+,Individual contributor,3-5 years,Onsite,0,1,2026-05-21,8,5,4,5,4,4,4,4,4,5,5,5,4,5,5,4,4,3,3
R03528,T142,People & Workplace,PL,EMEA,Women,40-49,Individual contributor,3-5 years,Hybrid,0,1,2026-05-08,7,5,5,5,4,3,3,3,4,5,2,3,4,4,5,5,5,5,5
R03529,T142,People & Workplace,PL,EMEA,Women,60+,Team lead,3-5 years,Hybrid,0,1,2026-05-10,10,5,4,4,5,5,5,4,4,5,5,4,5,4,5,5,5,5,4
R03530,T142,People & Workplace,PL,EMEA,Men,30-39,Individual contributor,3-5 years,Remote,0,1,2026-05-04,10,4,4,3,5,5,5,5,3,4,4,5,4,5,5,5,5,5,5
R03531,T142,People & Workplace,PL,EMEA,Men,18-29,Individual contributor,1-2 years,Onsite,0,1,2026-05-06,8,4,4,4,5,5,5,4,5,5,5,4,5,5,5,5,5,5,5
R03532,T143,People & Workplace,SG,APAC,Women,18-29,Senior leader,1-2 years,Remote,0,1,2026-05-06,10,5,5,3,5,5,5,5,5,5,5,4,5,5,5,5,5,5,5
R03533,T143,People & Workplace,SG,APAC,Non-binary / self-described,50-59,Individual contributor,3-5 years,Onsite,0,1,2026-05-15,8,5,5,5,5,5,4,5,5,5,4,3,5,5,5,4,5,4,5
R03534,T143,People & Workplace,SG,APAC,Women,50-59,Team lead,3-5 years,Onsite,0,1,2026-05-07,10,5,5,5,3,5,5,4,4,4,5,3,4,5,5,5,4,3,4
R03535,T143,People & Workplace,SG,APAC,Men,18-29,Individual contributor,6-10 years,Remote,0,1,2026-05-06,9,4,4,3,5,4,4,5,3,5,5,5,5,4,4,4,5,4,3
R03536,T143,People & Workplace,SG,APAC,Men,60+,Individual contributor,3-5 years,Hybrid,0,1,2026-05-11,7,3,4,3,4,3,3,2,3,4,3,4,4,4,5,5,5,5,5
R03537,T143,People & Workplace,SG,APAC,Men,50-59,Team lead,10 years +,Onsite,0,1,2026-05-17,10,3,4,3,5,5,5,5,4,5,2,5,4,5,4,5,5,4,4
R03538,T143,People & Workplace,SG,APAC,Men,30-39,Individual contributor,< 1 year,Remote,0,1,2026-05-12,10,4,5,5,4,4,4,5,4,5,4,5,4,3,2,2,5,5,5
R03539,T143,People & Workplace,SG,APAC,Men,60+,Manager,10 years +,Hybrid,0,1,2026-05-21,10,5,5,5,5,5,5,3,5,5,5,4,5,5,5,4,5,5,5
R03540,T143,People & Workplace,SG,APAC,Men,30-39,Individual contributor,1-2 years,Onsite,1,1,2026-05-19,10,5,5,4,5,5,5,4,3,4,4,5,4,4,4,5,5,5,5
R03541,T143,People & Workplace,SG,APAC,Women,18-29,Individual contributor,6-10 years,Remote,0,1,2026-05-22,7,4,4,3,4,2,3,4,3,4,4,3,3,5,4,5,4,3,4
R03542,T143,People & Workplace,SG,APAC,Men,30-39,Individual contributor,< 1 year,Hybrid,0,1,2026-05-20,10,4,5,4,5,4,5,5,4,4,3,4,3,5,5,3,5,5,5
R03543,T143,People & Workplace,SG,APAC,Men,40-49,Individual contributor,< 1 year,Remote,0,1,2026-05-22,9,5,5,5,4,4,5,5,4,4,5,4,5,5,5,3,5,5,5
R03544,T143,People & Workplace,SG,APAC,Women,30-39,Individual contributor,1-2 years,Hybrid,0,1,2026-05-11,8,4,4,4,3,3,3,1,3,3,2,4,3,4,5,5,4,5,4
R03545,T143,People & Workplace,SG,APAC,Men,50-59,Individual contributor,1-2 years,Onsite,0,1,2026-05-10,9,4,4,4,4,5,4,5,5,5,3,3,4,3,4,4,5,5,4
R03546,T143,People & Workplace,SG,APAC,Men,50-59,Individual contributor,1-2 years,Hybrid,0,1,2026-05-19,10,5,5,4,5,5,5,5,5,5,4,5,5,5,4,5,5,5,4
R03547,T143,People & Workplace,SG,APAC,Men,30-39,Individual contributor,3-5 years,Hybrid,0,1,2026-05-11,7,5,5,4,3,3,3,5,4,5,4,4,5,4,5,5,4,4,4
R03548,T143,People & Workplace,SG,APAC,Women,40-49,Individual contributor,< 1 year,Onsite,0,1,2026-05-06,10,4,5,5,5,4,5,5,5,5,3,3,4,3,3,2,5,5,5
R03549,T143,People & Workplace,SG,APAC,Men,30-39,Senior leader,3-5 years,Hybrid,0,1,2026-05-16,8,3,4,3,3,3,4,4,5,4,5,5,5,5,5,5,4,5,5
R03550,T143,People & Workplace,SG,APAC,Women,50-59,Individual contributor,< 1 year,Onsite,0,1,2026-05-08,6,5,5,4,4,3,3,5,4,5,4,4,5,5,5,5,5,4,5
R03551,T143,People & Workplace,SG,APAC,Women,18-29,Individual contributor,6-10 years,Remote,0,1,2026-05-17,8,5,5,4,4,4,4,5,3,5,3,3,4,5,5,4,5,4,5
R03552,T143,People & Workplace,SG,APAC,Men,40-49,Individual contributor,6-10 years,Hybrid,0,1,2026-05-22,10,5,4,4,4,4,5,5,4,5,4,4,4,5,5,5,5,5,5
R03553,T143,People & Workplace,SG,APAC,Women,18-29,Individual contributor,3-5 years,Onsite,0,0,,,,,,,,,,,,,,,,,,,,
R03554,T143,People & Workplace,SG,APAC,Men,40-49,Individual contributor,< 1 year,Hybrid,0,1,2026-05-19,9,5,4,5,4,5,5,4,3,3,5,4,5,5,4,5,5,5,4
R03555,T143,People & Workplace,SG,APAC,Women,30-39,Individual contributor,< 1 year,Onsite,0,1,2026-05-07,8,5,5,5,2,4,3,4,4,5,5,3,4,5,4,5,5,5,3
R03556,T143,People & Workplace,SG,APAC,Men,30-39,Individual contributor,< 1 year,Hybrid,0,1,2026-05-04,6,4,4,3,5,5,3,3,3,4,5,5,5,5,5,5,3,4,3
R03557,T143,People & Workplace,SG,APAC,Men,30-39,Individual contributor,< 1 year,Onsite,0,1,2026-05-06,9,5,5,5,5,4,4,4,5,4,4,4,5,5,5,5,5,5,5
R03558,T143,People & Workplace,SG,APAC,Men,30-39,Individual contributor,10 years +,Onsite,0,1,2026-05-05,10,4,5,5,5,5,5,3,3,4,5,5,5,5,5,5,5,5,5
R03559,T143,People & Workplace,SG,APAC,Women,50-59,Individual contributor,6-10 years,Onsite,0,1,2026-05-22,7,5,4,4,5,4,4,3,3,5,3,4,4,5,4,4,3,4,4
R03560,T143,People & Workplace,SG,APAC,Women,50-59,Individual contributor,1-2 years,Hybrid,0,1,2026-05-17,9,4,3,3,4,4,4,5,3,5,3,4,4,5,5,5,5,5,4
R03561,T143,People & Workplace,SG,APAC,Women,18-29,Individual contributor,1-2 years,Onsite,0,1,2026-05-06,6,5,5,5,3,3,2,5,5,5,4,5,3,5,4,3,4,4,4
R03562,T143,People & Workplace,SG,APAC,Non-binary / self-described,40-49,Individual contributor,6-10 years,Onsite,0,1,2026-05-22,9,5,5,5,5,4,5,4,3,4,3,3,4,5,5,5,4,5,4
R03563,T143,People & Workplace,SG,APAC,Women,60+,Individual contributor,3-5 years,Onsite,0,1,2026-05-04,9,5,5,5,5,5,4,3,4,4,2,2,3,3,5,4,4,4,3
R03564,T143,People & Workplace,SG,APAC,Women,60+,Individual contributor,6-10 years,Onsite,0,1,2026-05-09,7,4,4,4,2,3,2,3,2,3,2,2,4,5,5,4,4,3,2
R03565,T143,People & Workplace,SG,APAC,Non-binary / self-described,18-29,Individual contributor,3-5 years,Remote,0,1,2026-05-08,8,5,5,4,2,2,4,1,2,3,5,4,4,3,4,3,4,3,4
R03566,T143,People & Workplace,SG,APAC,Men,18-29,Individual contributor,3-5 years,Hybrid,0,1,2026-05-05,10,5,5,4,5,4,5,4,3,4,4,5,5,5,5,5,5,4,3
R03567,T143,People & Workplace,SG,APAC,Non-binary / self-described,30-39,Individual contributor,3-5 years,Onsite,0,1,2026-05-18,9,4,5,4,4,4,2,4,4,5,3,4,3,4,5,4,4,4,3
R03568,T143,People & Workplace,SG,APAC,Men,50-59,Individual contributor,10 years +,Hybrid,0,0,,,,,,,,,,,,,,,,,,,,
R03569,T143,People & Workplace,SG,APAC,Men,40-49,Individual contributor,6-10 years,Onsite,0,1,2026-05-05,7,2,2,3,4,3,4,3,2,3,5,4,4,3,5,3,4,3,2
R03570,T143,People & Workplace,SG,APAC,Women,30-39,Individual contributor,< 1 year,Onsite,0,1,2026-05-06,7,4,5,5,5,3,3,3,3,5,2,2,3,4,5,4,4,4,3
R03571,T144,People & Workplace,PL,EMEA,Women,30-39,Individual contributor,10 years +,Onsite,1,1,2026-05-22,9,5,5,5,3,3,3,3,4,5,4,4,4,5,4,4,5,4,5
R03572,T144,People & Workplace,PL,EMEA,Non-binary / self-described,50-59,Senior leader,10 years +,Hybrid,0,1,2026-05-18,9,5,5,4,5,5,4,4,4,4,5,4,4,5,5,5,4,4,4
R03573,T144,People & Workplace,PL,EMEA,Men,30-39,Team lead,1-2 years,Hybrid,0,0,,,,,,,,,,,,,,,,,,,,
R03574,T144,People & Workplace,PL,EMEA,Women,50-59,Individual contributor,6-10 years,Onsite,0,1,2026-05-05,9,5,5,5,3,2,2,4,4,5,3,3,3,5,5,4,4,4,3
R03575,T144,People & Workplace,PL,EMEA,Men,50-59,Individual contributor,3-5 years,Onsite,0,1,2026-05-19,7,4,4,5,4,4,4,3,4,4,5,5,5,4,5,4,5,4,4
R03576,T144,People & Workplace,PL,EMEA,Men,40-49,Individual contributor,< 1 year,Hybrid,0,1,2026-05-08,9,4,4,5,4,4,4,4,4,5,4,3,4,5,5,4,5,5,3
R03577,T144,People & Workplace,PL,EMEA,Women,30-39,Team lead,3-5 years,Onsite,0,1,2026-05-10,9,5,3,5,3,5,4,4,2,4,2,1,3,3,5,5,4,5,3
R03578,T144,People & Workplace,PL,EMEA,Women,40-49,Team lead,10 years +,Hybrid,0,1,2026-05-06,6,5,5,5,4,4,4,5,4,5,3,2,3,5,5,4,5,3,4
R03579,T144,People & Workplace,PL,EMEA,Men,60+,Individual contributor,< 1 year,Onsite,0,1,2026-05-10,7,4,4,5,5,4,5,3,3,4,2,2,2,5,4,3,4,4,2
R03580,T144,People & Workplace,PL,EMEA,Women,18-29,Individual contributor,1-2 years,Onsite,0,1,2026-05-15,9,4,4,5,4,2,2,3,4,3,4,4,4,4,5,5,4,4,3
R03581,T144,People & Workplace,PL,EMEA,Women,60+,Individual contributor,1-2 years,Hybrid,0,1,2026-05-07,10,4,3,4,5,5,5,3,2,4,4,2,3,4,5,5,5,5,5
R03582,T144,People & Workplace,PL,EMEA,Men,40-49,Team lead,3-5 years,Hybrid,0,1,2026-05-17,7,5,5,5,2,2,3,4,4,4,4,4,4,5,5,5,5,4,4
R03583,T144,People & Workplace,PL,EMEA,Men,18-29,Individual contributor,< 1 year,Onsite,0,1,2026-05-17,8,5,5,3,4,4,4,4,4,5,4,4,4,4,4,3,5,5,4
R03584,T144,People & Workplace,PL,EMEA,Women,40-49,Individual contributor,1-2 years,Remote,0,1,2026-05-04,10,5,5,5,3,4,4,3,3,1,4,5,5,4,5,5,5,5,3
R03585,T144,People & Workplace,PL,EMEA,Men,40-49,Individual contributor,10 years +,Onsite,0,1,2026-05-17,8,3,5,3,5,4,4,4,3,4,5,5,5,3,4,3,5,5,4
R03586,T144,People & Workplace,PL,EMEA,Women,30-39,Individual contributor,10 years +,Hybrid,0,0,,,,,,,,,,,,,,,,,,,,
R03587,T144,People & Workplace,PL,EMEA,Women,30-39,Team lead,6-10 years,Hybrid,0,0,,,,,,,,,,,,,,,,,,,,
R03588,T144,People & Workplace,PL,EMEA,Men,60+,Team lead,3-5 years,Remote,0,1,2026-05-08,8,5,5,5,3,3,3,4,3,5,5,5,5,5,5,5,4,4,4
R03589,T144,People & Workplace,PL,EMEA,Men,30-39,Team lead,1-2 years,Onsite,0,1,2026-05-19,9,5,5,5,4,4,3,2,1,2,4,4,4,4,4,5,4,5,5
R03590,T144,People & Workplace,PL,EMEA,Men,40-49,Individual contributor,< 1 year,Hybrid,0,1,2026-05-18,7,5,4,5,3,3,3,5,5,5,4,4,5,4,5,4,5,4,4
R03591,T144,People & Workplace,PL,EMEA,Women,30-39,Individual contributor,6-10 years,Onsite,0,1,2026-05-04,9,4,3,3,2,3,3,5,5,5,4,4,4,4,5,4,3,3,4
R03592,T144,People & Workplace,PL,EMEA,Women,40-49,Individual contributor,10 years +,Onsite,0,1,2026-05-07,9,5,5,5,3,4,3,4,5,5,5,4,5,5,5,5,5,4,5
R03593,T144,People & Workplace,PL,EMEA,Men,40-49,Individual contributor,6-10 years,Onsite,0,1,2026-05-05,7,4,5,3,4,2,4,3,4,5,2,3,4,3,4,3,4,4,5
R03594,T144,People & Workplace,PL,EMEA,Men,30-39,Individual contributor,6-10 years,Onsite,0,1,2026-05-22,8,5,5,4,4,3,5,4,2,4,2,4,3,5,5,5,4,4,3
R03595,T144,People & Workplace,PL,EMEA,Men,18-29,Individual contributor,1-2 years,Remote,0,1,2026-05-13,9,4,4,4,4,3,5,4,4,5,3,4,4,5,5,5,3,4,5
R03596,T144,People & Workplace,PL,EMEA,Men,30-39,Individual contributor,10 years +,Remote,0,1,2026-05-15,9,3,4,5,3,4,3,4,3,4,2,4,4,4,4,4,4,4,5
R03597,T144,People & Workplace,PL,EMEA,Women,50-59,Individual contributor,3-5 years,Hybrid,0,0,,,,,,,,,,,,,,,,,,,,
R03598,T144,People & Workplace,PL,EMEA,Women,40-49,Individual contributor,1-2 years,Hybrid,0,1,2026-05-15,10,4,5,5,3,4,4,5,5,5,3,3,4,5,5,5,5,5,5
R03599,T144,People & Workplace,PL,EMEA,Non-binary / self-described,40-49,Manager,6-10 years,Hybrid,0,1,2026-05-09,8,3,4,3,3,5,2,4,4,4,4,5,5,4,3,4,4,3,4
R03600,T144,People & Workplace,PL,EMEA,Women,18-29,Team lead,< 1 year,Onsite,0,1,2026-05-21,8,5,5,4,5,5,5,3,3,3,3,5,4,3,3,2,5,4,4
R03601,T144,People & Workplace,PL,EMEA,Men,30-39,Individual contributor,6-10 years,Onsite,0,1,2026-05-17,9,5,5,5,3,4,4,4,3,5,3,5,5,5,5,4,5,5,5
R03602,T144,People & Workplace,PL,EMEA,Men,40-49,Individual contributor,1-2 years,Hybrid,0,1,2026-05-05,8,5,5,5,3,5,5,5,5,5,3,3,2,4,5,5,4,4,5
R03603,T144,People & Workplace,PL,EMEA,Women,30-39,Individual contributor,< 1 year,Onsite,0,1,2026-05-17,9,5,5,4,4,4,3,5,5,5,5,5,5,5,5,5,5,5,5
R03604,T144,People & Workplace,PL,EMEA,Women,40-49,Team lead,< 1 year,Remote,0,1,2026-05-15,8,5,5,5,5,5,4,5,4,4,3,2,4,5,5,4,5,4,4
R03605,T144,People & Workplace,PL,EMEA,Men,40-49,Individual contributor,1-2 years,Onsite,0,0,,,,,,,,,,,,,,,,,,,,
R03606,T144,People & Workplace,PL,EMEA,Men,40-49,Individual contributor,3-5 years,Onsite,0,1,2026-05-14,10,5,5,4,5,5,5,4,3,4,4,4,5,3,3,5,5,5,5
R03607,T144,People & Workplace,PL,EMEA,Women,40-49,Team lead,10 years +,Onsite,1,1,2026-05-15,7,5,5,5,3,5,3,2,5,4,3,3,3,5,5,4,5,4,5
R03608,T144,People & Workplace,PL,EMEA,Men,18-29,Individual contributor,< 1 year,Onsite,0,1,2026-05-10,8,5,5,4,4,5,4,4,5,5,3,4,3,5,5,4,5,3,4
R03609,T144,People & Workplace,PL,EMEA,Men,18-29,Individual contributor,< 1 year,Remote,0,1,2026-05-22,9,5,5,5,4,4,3,4,5,4,3,2,4,4,5,4,4,4,5
R03610,T144,People & Workplace,PL,EMEA,Men,50-59,Team lead,6-10 years,Hybrid,0,1,2026-05-15,8,4,4,5,4,5,3,5,4,4,2,4,4,4,4,4,4,4,3
R03611,T144,People & Workplace,PL,EMEA,Men,40-49,Manager,3-5 years,Remote,0,1,2026-05-10,9,5,5,5,5,5,5,3,2,4,3,4,3,5,5,5,5,4,4
R03612,T144,People & Workplace,PL,EMEA,Women,18-29,Manager,10 years +,Onsite,0,1,2026-05-15,7,5,5,5,5,4,5,5,2,5,4,3,5,4,5,5,5,5,5
R03613,T144,People & Workplace,PL,EMEA,Men,30-39,Individual contributor,< 1 year,Remote,0,1,2026-05-21,8,5,5,5,5,5,5,5,5,5,3,2,4,5,5,5,4,4,3
R03614,T144,People & Workplace,PL,EMEA,Men,18-29,Individual contributor,1-2 years,Hybrid,0,1,2026-05-22,6,3,4,3,5,5,4,1,2,1,3,3,5,4,3,3,4,3,3
R03615,T144,People & Workplace,PL,EMEA,Men,18-29,Individual contributor,1-2 years,Onsite,0,1,2026-05-05,6,4,5,5,2,4,3,4,3,4,3,2,3,5,4,3,4,4,3
R03616,T144,People & Workplace,PL,EMEA,Women,60+,Individual contributor,3-5 years,Hybrid,0,1,2026-05-17,9,5,5,5,4,4,4,4,3,4,4,3,5,3,3,3,4,3,4
R03617,T144,People & Workplace,PL,EMEA,Men,40-49,Individual contributor,< 1 year,Hybrid,0,1,2026-05-17,7,4,5,5,2,3,4,3,3,3,5,5,5,5,5,4,4,4,4
R03618,T144,People & Workplace,PL,EMEA,Women,50-59,Individual contributor,10 years +,Hybrid,0,1,2026-05-04,9,5,5,5,4,4,4,3,4,3,4,4,5,2,4,4,5,5,3
R03619,T144,People & Workplace,PL,EMEA,Men,18-29,Individual contributor,< 1 year,Hybrid,0,0,,,,,,,,,,,,,,,,,,,,
R03620,T145,People & Workplace,CA,North America,Women,60+,Team lead,3-5 years,Onsite,0,1,2026-05-15,8,4,5,5,2,3,3,5,5,5,2,2,2,5,5,4,4,4,4
R03621,T145,People & Workplace,CA,North America,Men,30-39,Manager,1-2 years,Onsite,0,1,2026-05-17,10,5,5,4,3,5,4,5,5,5,5,5,5,5,5,5,5,5,5
R03622,T145,People & Workplace,CA,North America,Women,18-29,Individual contributor,1-2 years,Hybrid,0,1,2026-05-16,10,4,4,5,4,5,5,5,4,5,5,5,5,5,5,3,5,5,5
R03623,T145,People & Workplace,CA,North America,Men,30-39,Individual contributor,1-2 years,Onsite,0,1,2026-05-18,9,3,3,3,4,4,3,4,2,4,4,4,5,4,5,4,4,4,3
R03624,T145,People & Workplace,CA,North America,Women,50-59,Individual contributor,1-2 years,Hybrid,0,1,2026-05-11,6,3,4,5,3,4,4,4,3,4,4,2,3,5,5,5,5,4,3
R03625,T145,People & Workplace,CA,North America,Women,50-59,Manager,6-10 years,Hybrid,0,1,2026-05-10,9,4,4,3,4,2,3,3,4,2,4,5,5,5,5,5,5,4,4
R03626,T145,People & Workplace,CA,North America,Men,18-29,Individual contributor,1-2 years,Onsite,0,1,2026-05-04,10,5,4,5,2,4,4,3,4,5,3,4,4,4,5,3,4,3,3
R03627,T145,People & Workplace,CA,North America,Men,30-39,Individual contributor,3-5 years,Onsite,0,1,2026-05-04,9,4,4,4,3,5,4,5,3,4,3,3,3,5,4,4,5,5,3
R03628,T145,People & Workplace,CA,North America,Women,18-29,Team lead,3-5 years,Remote,0,1,2026-05-17,7,5,5,4,4,4,5,3,3,4,3,3,4,5,4,2,3,4,2
R03629,T145,People & Workplace,CA,North America,Men,30-39,Team lead,6-10 years,Hybrid,0,1,2026-05-11,9,5,5,5,3,4,3,3,5,4,4,4,4,5,5,5,5,5,5
R03630,T145,People & Workplace,CA,North America,Women,50-59,Individual contributor,10 years +,Hybrid,0,1,2026-05-04,10,5,5,4,3,3,2,4,5,5,4,4,3,4,3,2,5,5,5
R03631,T145,People & Workplace,CA,North America,Men,18-29,Individual contributor,1-2 years,Hybrid,0,1,2026-05-14,10,5,4,4,5,4,5,4,4,4,4,3,4,3,3,4,4,4,3
R03632,T145,People & Workplace,CA,North America,Women,40-49,Individual contributor,10 years +,Onsite,0,0,,,,,,,,,,,,,,,,,,,,
R03633,T145,People & Workplace,CA,North America,Men,30-39,Manager,1-2 years,Remote,0,1,2026-05-05,10,5,5,5,5,5,5,5,5,5,5,5,5,5,5,4,5,5,4
R03634,T145,People & Workplace,CA,North America,Women,40-49,Individual contributor,< 1 year,Hybrid,0,1,2026-05-04,9,5,5,5,5,4,5,5,5,5,4,5,5,4,4,4,4,5,3
R03635,T145,People & Workplace,CA,North America,Women,50-59,Individual contributor,6-10 years,Hybrid,0,1,2026-05-18,9,4,4,3,2,2,3,4,3,4,2,4,3,5,5,5,5,4,4
R03636,T145,People & Workplace,CA,North America,Women,30-39,Individual contributor,6-10 years,Hybrid,0,1,2026-05-04,8,5,5,4,4,5,4,3,2,4,2,2,1,4,4,4,3,5,5
R03637,T145,People & Workplace,CA,North America,Men,50-59,Individual contributor,3-5 years,Onsite,0,1,2026-05-11,10,5,5,4,4,5,4,5,4,3,5,5,5,5,5,5,4,4,4
R03638,T145,People & Workplace,CA,North America,Men,50-59,Individual contributor,1-2 years,Hybrid,0,1,2026-05-22,8,3,4,3,4,5,5,2,3,2,2,1,2,5,5,4,3,3,3
R03639,T145,People & Workplace,CA,North America,Men,50-59,Individual contributor,3-5 years,Hybrid,0,1,2026-05-05,7,3,4,5,4,4,3,5,5,4,5,5,5,4,3,1,5,4,3
R03640,T145,People & Workplace,CA,North America,Men,30-39,Manager,1-2 years,Onsite,0,1,2026-05-08,10,5,5,5,2,3,3,3,4,5,4,4,5,5,5,5,5,5,4
R03641,T145,People & Workplace,CA,North America,Women,40-49,Individual contributor,< 1 year,Remote,0,1,2026-05-20,9,5,5,5,3,4,2,5,4,5,4,4,4,4,4,4,4,5,4
R03642,T145,People & Workplace,CA,North America,Men,40-49,Individual contributor,1-2 years,Hybrid,0,0,,,,,,,,,,,,,,,,,,,,
R03643,T145,People & Workplace,CA,North America,Men,40-49,Team lead,6-10 years,Hybrid,0,1,2026-05-10,10,4,5,5,4,5,4,2,2,3,4,3,4,5,5,5,5,4,4
R03644,T145,People & Workplace,CA,North America,Women,50-59,Team lead,1-2 years,Onsite,0,1,2026-05-06,8,3,4,4,5,5,5,5,5,5,3,2,2,5,5,5,4,4,3
R03645,T145,People & Workplace,CA,North America,Men,50-59,Individual contributor,1-2 years,Hybrid,0,1,2026-05-22,8,5,5,5,3,3,4,4,4,3,4,4,4,3,2,2,5,4,4
R03646,T145,People & Workplace,CA,North America,Women,60+,Individual contributor,6-10 years,Onsite,0,1,2026-05-21,6,5,5,5,3,5,3,3,4,3,4,5,4,5,4,4,2,3,3
R03647,T145,People & Workplace,CA,North America,Men,18-29,Individual contributor,3-5 years,Onsite,0,1,2026-05-21,7,4,5,4,4,4,5,4,4,4,5,5,5,4,4,4,5,5,4
R03648,T145,People & Workplace,CA,North America,Women,18-29,Manager,3-5 years,Hybrid,0,1,2026-05-06,10,5,5,4,5,4,5,5,5,5,4,4,4,5,5,4,5,5,5
R03649,T145,People & Workplace,CA,North America,Men,30-39,Individual contributor,1-2 years,Onsite,0,1,2026-05-07,7,4,4,3,3,5,5,4,2,4,4,4,4,5,5,5,4,5,4
R03650,T145,People & Workplace,CA,North America,Women,40-49,Individual contributor,1-2 years,Hybrid,0,1,2026-05-06,6,5,5,4,4,5,4,3,3,3,4,2,3,5,5,5,4,4,4
R03651,T146,People & Workplace,IN,APAC,Men,18-29,Individual contributor,6-10 years,Onsite,0,1,2026-05-18,10,3,3,4,5,4,4,3,3,5,4,3,4,5,5,5,4,4,4
R03652,T146,People & Workplace,IN,APAC,Women,18-29,Individual contributor,< 1 year,Onsite,1,1,2026-05-11,8,3,4,3,3,3,3,5,5,5,3,4,3,4,4,4,3,5,4
R03653,T146,People & Workplace,IN,APAC,Men,30-39,Individual contributor,6-10 years,Hybrid,0,0,,,,,,,,,,,,,,,,,,,,
R03654,T146,People & Workplace,IN,APAC,Women,30-39,Individual contributor,1-2 years,Onsite,0,1,2026-05-06,7,3,3,4,5,5,3,3,3,4,4,3,4,3,4,5,3,5,3
R03655,T146,People & Workplace,IN,APAC,Women,18-29,Individual contributor,10 years +,Hybrid,0,0,,,,,,,,,,,,,,,,,,,,
R03656,T146,People & Workplace,IN,APAC,Women,18-29,Individual contributor,< 1 year,Onsite,0,1,2026-05-15,6,4,5,3,3,4,3,4,3,3,2,2,3,5,5,4,4,3,3
R03657,T146,People & Workplace,IN,APAC,Women,30-39,Individual contributor,1-2 years,Hybrid,0,1,2026-05-18,10,5,5,4,4,4,3,4,5,5,3,3,5,3,4,3,5,5,3
R03658,T146,People & Workplace,IN,APAC,Women,18-29,Team lead,6-10 years,Onsite,0,1,2026-05-05,7,5,5,5,5,4,5,3,3,4,3,2,4,5,5,5,2,2,4
R03659,T146,People & Workplace,IN,APAC,Men,30-39,Senior leader,6-10 years,Hybrid,0,1,2026-05-22,7,2,4,3,3,4,4,4,3,4,5,4,4,3,4,3,2,2,4
R03660,T146,People & Workplace,IN,APAC,Women,30-39,Individual contributor,1-2 years,Hybrid,0,1,2026-05-04,6,3,5,4,4,4,5,3,3,3,4,5,5,3,4,3,3,4,2
R03661,T146,People & Workplace,IN,APAC,Women,30-39,Team lead,1-2 years,Remote,0,1,2026-05-12,8,5,5,4,5,3,4,3,3,4,4,4,4,5,4,4,5,4,4
R03662,T146,People & Workplace,IN,APAC,Women,18-29,Individual contributor,1-2 years,Hybrid,0,1,2026-05-19,8,4,4,5,4,4,4,5,4,5,2,2,3,5,4,4,5,4,4
R03663,T146,People & Workplace,IN,APAC,Non-binary / self-described,30-39,Individual contributor,< 1 year,Remote,0,1,2026-05-10,5,4,4,4,2,3,3,4,3,4,4,2,3,3,4,2,3,4,3
R03664,T146,People & Workplace,IN,APAC,Women,18-29,Manager,< 1 year,Hybrid,0,1,2026-05-22,7,4,5,5,5,4,5,3,3,4,4,4,4,5,4,3,4,4,2
R03665,T146,People & Workplace,IN,APAC,Women,30-39,Individual contributor,1-2 years,Onsite,0,0,,,,,,,,,,,,,,,,,,,,
R03666,T146,People & Workplace,IN,APAC,Non-binary / self-described,18-29,Individual contributor,< 1 year,Hybrid,0,0,,,,,,,,,,,,,,,,,,,,
R03667,T146,People & Workplace,IN,APAC,Women,40-49,Individual contributor,3-5 years,Onsite,0,0,,,,,,,,,,,,,,,,,,,,
R03668,T146,People & Workplace,IN,APAC,Women,40-49,Individual contributor,3-5 years,Onsite,1,0,,,,,,,,,,,,,,,,,,,,
R03669,T146,People & Workplace,IN,APAC,Women,18-29,Manager,1-2 years,Onsite,0,1,2026-05-12,10,5,4,5,5,4,4,5,5,5,2,3,3,5,5,5,5,5,5
R03670,T146,People & Workplace,IN,APAC,Men,40-49,Individual contributor,6-10 years,Onsite,0,1,2026-05-22,7,3,3,3,4,4,5,2,3,3,4,3,3,4,4,4,4,4,2
R03671,T146,People & Workplace,IN,APAC,Men,30-39,Individual contributor,3-5 years,Hybrid,0,1,2026-05-15,8,3,5,4,5,4,4,3,4,4,4,5,5,5,5,5,5,4,5
R03672,T146,People & Workplace,IN,APAC,Men,30-39,Individual contributor,6-10 years,Onsite,0,1,2026-05-11,7,4,5,4,2,2,2,4,3,5,4,5,4,4,5,4,5,4,4
R03673,T146,People & Workplace,IN,APAC,Women,40-49,Individual contributor,< 1 year,Remote,0,1,2026-05-05,8,4,5,5,4,5,4,4,5,4,4,4,4,5,3,3,5,3,3
R03674,T146,People & Workplace,IN,APAC,Men,18-29,Manager,3-5 years,Remote,0,1,2026-05-19,6,5,5,5,3,4,4,3,4,4,4,4,5,5,5,5,5,5,5
R03675,T146,People & Workplace,IN,APAC,Women,30-39,Individual contributor,3-5 years,Onsite,0,0,,,,,,,,,,,,,,,,,,,,
R03676,T146,People & Workplace,IN,APAC,Men,50-59,Individual contributor,< 1 year,Onsite,0,0,,,,,,,,,,,,,,,,,,,,
R03677,T146,People & Workplace,IN,APAC,Women,30-39,Individual contributor,1-2 years,Hybrid,0,0,,,,,,,,,,,,,,,,,,,,
R03678,T146,People & Workplace,IN,APAC,Women,50-59,Individual contributor,3-5 years,Hybrid,0,0,,,,,,,,,,,,,,,,,,,,
R03679,T146,People & Workplace,IN,APAC,Men,30-39,Individual contributor,3-5 years,Onsite,0,1,2026-05-22,9,3,2,4,4,4,3,4,3,4,2,1,2,5,5,5,4,4,4
R03680,T146,People & Workplace,IN,APAC,Women,50-59,Manager,3-5 years,Onsite,0,1,2026-05-12,7,5,4,2,3,4,4,4,4,4,4,3,4,4,5,4,3,3,3
R03681,T146,People & Workplace,IN,APAC,Men,30-39,Individual contributor,1-2 years,Hybrid,0,1,2026-05-12,6,4,4,3,1,4,2,3,4,4,4,3,4,5,4,4,3,4,4
R03682,T146,People & Workplace,IN,APAC,Men,30-39,Individual contributor,< 1 year,Remote,0,1,2026-05-15,9,5,5,5,4,4,5,4,4,4,5,4,5,5,4,4,5,4,4
R03683,T146,People & Workplace,IN,APAC,Men,18-29,Manager,1-2 years,Remote,0,1,2026-05-17,7,5,5,5,5,5,4,4,5,5,3,4,3,3,3,3,4,4,4
R03684,T146,People & Workplace,IN,APAC,Women,18-29,Individual contributor,1-2 years,Hybrid,0,1,2026-05-17,7,4,4,5,4,5,4,4,4,5,2,3,3,3,2,3,4,4,4
R03685,T146,People & Workplace,IN,APAC,Men,30-39,Team lead,10 years +,Onsite,0,1,2026-05-11,10,4,5,4,4,3,3,5,5,5,5,4,4,5,5,5,5,5,4
R03686,T146,People & Workplace,IN,APAC,Non-binary / self-described,30-39,Individual contributor,3-5 years,Onsite,0,1,2026-05-09,8,5,5,5,3,4,3,4,4,4,4,3,4,4,5,5,4,4,4
R03687,T146,People & Workplace,IN,APAC,Men,18-29,Individual contributor,1-2 years,Onsite,0,0,,,,,,,,,,,,,,,,,,,,
R03688,T146,People & Workplace,IN,APAC,Men,30-39,Individual contributor,6-10 years,Remote,0,1,2026-05-11,8,5,4,5,3,3,3,4,5,4,3,3,3,4,3,3,5,4,4
R03689,T146,People & Workplace,IN,APAC,Non-binary / self-described,30-39,Individual contributor,6-10 years,Onsite,1,1,2026-05-15,8,3,3,3,2,2,3,3,3,4,2,1,2,3,3,4,5,4,5
R03690,T146,People & Workplace,IN,APAC,Women,60+,Individual contributor,6-10 years,Hybrid,0,1,2026-05-22,6,4,5,5,1,2,3,5,5,5,2,2,4,5,5,5,3,3,4
R03691,T146,People & Workplace,IN,APAC,Men,40-49,Senior leader,1-2 years,Hybrid,0,1,2026-05-04,9,3,4,5,5,5,5,4,5,4,4,4,4,5,5,4,5,4,4
R03692,T146,People & Workplace,IN,APAC,Men,50-59,Individual contributor,< 1 year,Remote,0,1,2026-05-04,9,5,4,5,2,4,2,2,3,2,5,5,5,4,4,4,5,3,4
R03693,T146,People & Workplace,IN,APAC,Men,30-39,Individual contributor,< 1 year,Onsite,0,1,2026-05-17,10,5,5,5,5,5,5,2,3,2,4,2,3,4,3,3,5,5,3
R03694,T146,People & Workplace,IN,APAC,Women,18-29,Individual contributor,3-5 years,Remote,0,1,2026-05-16,8,3,4,3,2,4,3,4,4,4,5,3,4,3,4,2,3,3,3
R03695,T146,People & Workplace,IN,APAC,Men,40-49,Team lead,1-2 years,Remote,0,1,2026-05-09,7,4,5,5,2,3,3,3,3,3,3,4,2,4,5,4,3,3,4
R03696,T146,People & Workplace,IN,APAC,Women,18-29,Individual contributor,3-5 years,Onsite,0,0,,,,,,,,,,,,,,,,,,,,
R03697,T146,People & Workplace,IN,APAC,Men,60+,Individual contributor,1-2 years,Hybrid,0,0,,,,,,,,,,,,,,,,,,,,
R03698,T146,People & Workplace,IN,APAC,Men,30-39,Individual contributor,10 years +,Hybrid,0,1,2026-05-11,10,2,3,3,5,4,3,5,5,5,3,4,3,4,5,4,3,3,5
R03699,T146,People & Workplace,IN,APAC,Women,18-29,Individual contributor,6-10 years,Onsite,0,1,2026-05-06,8,5,4,4,4,3,3,3,4,5,4,3,4,5,3,2,5,4,3
R03700,T146,People & Workplace,IN,APAC,Women,18-29,Individual contributor,3-5 years,Onsite,0,0,,,,,,,,,,,,,,,,,,,,
R03701,T146,People & Workplace,IN,APAC,Women,18-29,Team lead,1-2 years,Hybrid,0,1,2026-05-09,7,4,4,3,4,5,4,2,4,3,5,5,5,5,5,4,5,4,3
R03702,T146,People & Workplace,IN,APAC,Men,18-29,Individual contributor,6-10 years,Hybrid,0,1,2026-05-06,9,5,5,5,3,4,4,4,5,4,2,4,4,5,4,4,4,4,4
R03703,T147,People & Workplace,CA,North America,Men,30-39,Individual contributor,6-10 years,Hybrid,0,0,,,,,,,,,,,,,,,,,,,,
R03704,T147,People & Workplace,CA,North America,Women,50-59,Individual contributor,< 1 year,Onsite,0,0,,,,,,,,,,,,,,,,,,,,
R03705,T147,People & Workplace,CA,North America,Men,30-39,Manager,6-10 years,Onsite,0,0,,,,,,,,,,,,,,,,,,,,
R03706,T147,People & Workplace,CA,North America,Women,30-39,Individual contributor,10 years +,Remote,0,1,2026-05-04,6,3,3,3,3,4,3,3,2,1,1,3,2,3,4,3,3,2,2
R03707,T147,People & Workplace,CA,North America,Women,30-39,Individual contributor,1-2 years,Hybrid,0,1,2026-05-16,8,3,3,3,3,5,2,4,3,5,3,2,2,3,4,4,4,4,2
R03708,T147,People & Workplace,CA,North America,Women,30-39,Team lead,3-5 years,Hybrid,0,1,2026-05-15,7,3,4,3,5,5,5,2,2,3,2,2,2,2,2,2,5,4,4
R03709,T147,People & Workplace,CA,North America,Men,30-39,Individual contributor,6-10 years,Onsite,0,0,,,,,,,,,,,,,,,,,,,,
R03710,T147,People & Workplace,CA,North America,Men,40-49,Individual contributor,1-2 years,Hybrid,0,1,2026-05-04,5,4,4,3,2,3,3,1,2,3,1,2,2,2,3,2,3,2,2
R03711,T147,People & Workplace,CA,North America,Women,40-49,Individual contributor,3-5 years,Onsite,0,1,2026-05-11,5,3,4,2,1,2,1,2,2,2,2,1,2,5,5,4,2,2,2
R03712,T147,People & Workplace,CA,North America,Women,30-39,Individual contributor,< 1 year,Onsite,0,1,2026-05-22,7,4,4,4,4,5,5,3,2,2,2,1,3,5,4,3,4,3,3
R03713,T147,People & Workplace,CA,North America,Men,30-39,Team lead,< 1 year,Remote,0,1,2026-05-22,7,3,4,5,4,4,4,2,3,3,2,3,3,4,5,3,4,4,4
R03714,T147,People & Workplace,CA,North America,Women,40-49,Individual contributor,3-5 years,Hybrid,0,1,2026-05-06,5,3,3,1,3,2,3,3,3,3,2,1,1,2,4,2,2,1,1
R03715,T147,People & Workplace,CA,North America,Women,18-29,Individual contributor,< 1 year,Hybrid,0,1,2026-05-07,9,5,5,4,4,3,3,2,3,1,1,2,2,4,3,3,4,5,2
R03716,T147,People & Workplace,CA,North America,Men,30-39,Individual contributor,6-10 years,Onsite,0,1,2026-05-21,9,3,4,3,2,4,4,2,2,2,4,3,5,4,3,2,4,3,3
R03717,T147,People & Workplace,CA,North America,Men,50-59,Individual contributor,1-2 years,Hybrid,0,1,2026-05-18,6,4,4,4,1,2,3,2,2,2,2,3,2,2,3,1,3,1,3
R03718,T147,People & Workplace,CA,North America,Men,40-49,Individual contributor,10 years +,Hybrid,0,1,2026-05-05,7,4,5,4,3,2,1,2,1,2,2,3,3,5,5,5,4,2,3
R03719,T147,People & Workplace,CA,North America,Men,40-49,Individual contributor,6-10 years,Hybrid,0,0,,,,,,,,,,,,,,,,,,,,
R03720,T147,People & Workplace,CA,North America,Men,30-39,Senior leader,6-10 years,Onsite,0,1,2026-05-04,5,3,4,2,3,3,3,2,2,2,2,3,4,2,2,2,1,2,3
R03721,T147,People & Workplace,CA,North America,Non-binary / self-described,30-39,Individual contributor,< 1 year,Onsite,0,1,2026-05-14,7,1,3,3,2,2,3,1,2,1,2,3,3,3,3,3,3,2,1
R03722,T147,People & Workplace,CA,North America,Men,30-39,Individual contributor,3-5 years,Hybrid,0,1,2026-05-06,7,3,3,4,3,3,4,4,4,4,4,2,4,2,3,3,4,3,2
R03723,T147,People & Workplace,CA,North America,Men,40-49,Individual contributor,10 years +,Onsite,0,0,,,,,,,,,,,,,,,,,,,,
R03724,T147,People & Workplace,CA,North America,Women,50-59,Individual contributor,10 years +,Remote,0,1,2026-05-22,5,4,2,3,2,2,1,4,3,4,1,3,2,3,2,2,4,2,3
R03725,T147,People & Workplace,CA,North America,Men,18-29,Individual contributor,3-5 years,Onsite,0,0,,,,,,,,,,,,,,,,,,,,
R03726,T147,People & Workplace,CA,North America,Women,40-49,Individual contributor,1-2 years,Onsite,0,1,2026-05-04,5,4,3,2,3,2,3,2,2,4,2,3,3,1,2,2,2,3,2
R03727,T147,People & Workplace,CA,North America,Women,40-49,Individual contributor,10 years +,Onsite,0,1,2026-05-07,8,3,3,2,2,3,1,2,2,2,2,2,3,3,3,2,3,1,2
R03728,T147,People & Workplace,CA,North America,Men,30-39,Individual contributor,6-10 years,Hybrid,0,1,2026-05-17,6,4,4,4,4,4,3,3,2,4,2,3,3,1,2,2,3,3,3
R03729,T147,People & Workplace,CA,North America,Women,50-59,Individual contributor,1-2 years,Hybrid,0,1,2026-05-04,7,3,4,4,2,3,3,2,2,2,3,2,2,5,4,4,2,3,3
R03730,T147,People & Workplace,CA,North America,Women,18-29,Team lead,1-2 years,Hybrid,0,0,,,,,,,,,,,,,,,,,,,,
R03731,T147,People & Workplace,CA,North America,Non-binary / self-described,18-29,Individual contributor,1-2 years,Hybrid,0,1,2026-05-07,5,1,3,2,3,3,2,3,3,4,2,2,3,3,3,2,2,2,1
R03732,T147,People & Workplace,CA,North America,Women,30-39,Team lead,3-5 years,Hybrid,0,1,2026-05-07,10,5,5,5,2,3,2,4,2,4,1,1,3,3,3,3,5,4,4
R03733,T147,People & Workplace,CA,North America,Women,40-49,Individual contributor,< 1 year,Onsite,0,1,2026-05-16,5,3,4,3,3,3,3,4,4,2,4,2,3,3,4,2,4,3,3
R03734,T147,People & Workplace,CA,North America,Men,40-49,Individual contributor,3-5 years,Hybrid,0,1,2026-05-20,5,3,3,1,3,4,3,1,1,1,3,3,3,1,1,2,2,2,2
R03735,T147,People & Workplace,CA,North America,Men,50-59,Manager,6-10 years,Remote,0,1,2026-05-21,6,2,2,3,2,2,2,2,3,3,2,2,2,4,4,4,4,4,3
R03736,T147,People & Workplace,CA,North America,Women,30-39,Individual contributor,< 1 year,Onsite,0,1,2026-05-08,6,3,4,4,2,3,3,2,1,3,3,3,3,2,2,2,4,3,3
R03737,T147,People & Workplace,CA,North America,Men,18-29,Individual contributor,3-5 years,Hybrid,0,0,,,,,,,,,,,,,,,,,,,,
R03738,T147,People & Workplace,CA,North America,Men,50-59,Individual contributor,1-2 years,Hybrid,0,1,2026-05-04,7,2,1,1,3,2,5,5,4,4,3,3,4,3,3,3,3,4,3
R03739,T147,People & Workplace,CA,North America,Women,30-39,Team lead,< 1 year,Hybrid,0,1,2026-05-15,6,3,2,3,3,3,3,2,1,1,4,2,4,4,4,3,4,3,3
R03740,T147,People & Workplace,CA,North America,Women,30-39,Individual contributor,< 1 year,Hybrid,0,1,2026-05-16,3,3,3,2,3,2,3,2,2,3,4,4,5,3,3,3,2,3,2
R03741,T147,People & Workplace,CA,North America,Men,18-29,Individual contributor,< 1 year,Onsite,0,0,,,,,,,,,,,,,,,,,,,,
R03742,T147,People & Workplace,CA,North America,Women,40-49,Individual contributor,1-2 years,Hybrid,0,1,2026-05-16,7,4,5,5,2,3,2,3,3,3,3,3,3,4,4,3,3,4,2
R03743,T147,People & Workplace,CA,North America,Men,40-49,Team lead,1-2 years,Hybrid,0,1,2026-05-15,7,3,4,5,3,3,4,4,5,5,2,1,2,3,3,3,4,4,3
R03744,T147,People & Workplace,CA,North America,Men,50-59,Individual contributor,10 years +,Hybrid,0,1,2026-05-09,5,4,3,4,2,3,3,5,4,5,4,2,3,3,3,2,3,3,3
R03745,T147,People & Workplace,CA,North America,Women,30-39,Individual contributor,3-5 years,Onsite,0,1,2026-05-15,9,4,4,2,4,4,4,1,1,2,2,3,4,3,3,2,4,3,3
R03746,T147,People & Workplace,CA,North America,Men,50-59,Individual contributor,< 1 year,Onsite,0,0,,,,,,,,,,,,,,,,,,,,
R03747,T148,People & Workplace,SG,APAC,Men,30-39,Team lead,< 1 year,Hybrid,0,1,2026-05-21,7,5,5,5,4,4,3,5,3,4,4,4,4,5,4,4,4,4,4
R03748,T148,People & Workplace,SG,APAC,Men,40-49,Team lead,< 1 year,Hybrid,0,1,2026-05-22,10,5,5,5,4,3,4,5,4,5,4,4,4,5,5,5,5,5,5
R03749,T148,People & Workplace,SG,APAC,Men,40-49,Individual contributor,10 years +,Onsite,0,1,2026-05-11,8,3,5,4,5,4,3,5,4,5,3,3,4,5,5,5,4,5,4
R03750,T148,People & Workplace,SG,APAC,Men,50-59,Team lead,< 1 year,Remote,0,1,2026-05-15,7,5,5,5,3,4,4,2,3,3,3,5,5,5,5,5,4,3,3
R03751,T148,People & Workplace,SG,APAC,Men,30-39,Individual contributor,3-5 years,Onsite,0,1,2026-05-20,8,5,5,5,3,3,2,4,4,5,1,1,3,5,4,5,4,4,3
R03752,T148,People & Workplace,SG,APAC,Women,30-39,Team lead,10 years +,Onsite,0,1,2026-05-22,10,5,5,3,4,5,4,4,3,3,3,4,3,5,5,4,4,5,4
R03753,T148,People & Workplace,SG,APAC,Women,18-29,Individual contributor,1-2 years,Hybrid,0,1,2026-05-05,7,4,4,4,2,1,2,5,2,5,2,2,3,5,5,4,5,4,3
R03754,T148,People & Workplace,SG,APAC,Men,40-49,Individual contributor,3-5 years,Onsite,0,1,2026-05-22,7,3,4,3,4,4,3,5,5,5,3,4,4,5,5,5,3,2,2
R03755,T148,People & Workplace,SG,APAC,Women,40-49,Team lead,3-5 years,Hybrid,0,1,2026-05-11,9,5,3,4,4,4,4,5,4,3,5,5,5,5,5,4,5,4,5
R03756,T148,People & Workplace,SG,APAC,Women,18-29,Team lead,3-5 years,Hybrid,0,0,,,,,,,,,,,,,,,,,,,,
R03757,T148,People & Workplace,SG,APAC,Men,30-39,Individual contributor,3-5 years,Onsite,0,1,2026-05-22,7,2,4,4,4,3,4,5,4,4,4,2,3,5,5,5,5,5,4
R03758,T148,People & Workplace,SG,APAC,Men,50-59,Individual contributor,10 years +,Hybrid,0,1,2026-05-22,10,5,5,5,4,4,4,4,4,5,2,1,3,5,5,5,5,5,4
R03759,T148,People & Workplace,SG,APAC,Women,18-29,Individual contributor,< 1 year,Onsite,0,1,2026-05-07,6,5,5,4,5,5,5,4,4,4,3,4,5,5,5,5,3,4,3
R03760,T148,People & Workplace,SG,APAC,Men,40-49,Individual contributor,10 years +,Onsite,0,1,2026-05-10,8,5,4,4,2,4,4,2,2,4,4,3,4,4,4,4,5,5,5
R03761,T148,People & Workplace,SG,APAC,Women,40-49,Individual contributor,< 1 year,Onsite,1,1,2026-05-07,8,4,3,3,4,2,4,4,4,4,2,2,2,4,5,5,4,4,4
R03762,T148,People & Workplace,SG,APAC,Men,50-59,Team lead,1-2 years,Onsite,0,1,2026-05-04,9,3,3,3,4,4,3,2,4,5,4,3,4,5,5,5,4,5,4
R03763,T148,People & Workplace,SG,APAC,Men,18-29,Individual contributor,3-5 years,Onsite,0,1,2026-05-22,3,4,4,4,3,3,4,4,5,4,4,2,2,3,4,2,3,1,2
R03764,T148,People & Workplace,SG,APAC,Non-binary / self-described,40-49,Individual contributor,6-10 years,Onsite,0,0,,,,,,,,,,,,,,,,,,,,
R03765,T148,People & Workplace,SG,APAC,Men,60+,Individual contributor,< 1 year,Onsite,0,1,2026-05-22,10,4,5,5,4,5,4,4,4,4,2,3,4,5,3,4,5,5,5
R03766,T148,People & Workplace,SG,APAC,Men,40-49,Individual contributor,6-10 years,Hybrid,0,1,2026-05-16,7,4,4,4,1,2,2,5,4,5,5,3,4,5,5,5,3,3,3
R03767,T149,People & Workplace,DE,EMEA,Women,30-39,Individual contributor,10 years +,Onsite,0,0,,,,,,,,,,,,,,,,,,,,
R03768,T149,People & Workplace,DE,EMEA,Men,30-39,Individual contributor,1-2 years,Hybrid,0,1,2026-05-10,7,4,4,5,3,2,3,4,4,4,5,4,4,4,4,4,5,5,3
R03769,T149,People & Workplace,DE,EMEA,Women,18-29,Manager,6-10 years,Hybrid,0,1,2026-05-22,7,5,5,5,5,4,4,4,3,3,4,4,4,2,5,4,4,3,3
R03770,T149,People & Workplace,DE,EMEA,Women,30-39,Team lead,1-2 years,Remote,0,1,2026-05-22,10,3,5,3,4,4,5,5,5,5,4,4,4,3,4,3,5,4,4
R03771,T149,People & Workplace,DE,EMEA,Women,18-29,Individual contributor,6-10 years,Hybrid,0,1,2026-05-15,7,4,4,4,1,2,2,1,1,2,2,3,2,4,3,3,3,4,3
R03772,T149,People & Workplace,DE,EMEA,Women,50-59,Individual contributor,3-5 years,Hybrid,0,0,,,,,,,,,,,,,,,,,,,,
R03773,T149,People & Workplace,DE,EMEA,Men,40-49,Individual contributor,3-5 years,Onsite,0,1,2026-05-04,6,3,3,3,4,4,3,2,2,2,4,4,5,5,5,5,3,2,2
R03774,T149,People & Workplace,DE,EMEA,Women,30-39,Individual contributor,6-10 years,Hybrid,0,1,2026-05-06,8,5,5,3,5,3,4,3,4,5,5,5,5,5,5,4,4,4,4
R03775,T149,People & Workplace,DE,EMEA,Women,40-49,Team lead,6-10 years,Hybrid,0,1,2026-05-15,8,3,3,3,4,5,4,4,4,4,3,3,4,5,4,4,4,3,2
R03776,T149,People & Workplace,DE,EMEA,Women,40-49,Individual contributor,6-10 years,Onsite,0,1,2026-05-11,5,5,5,4,4,5,3,2,3,4,3,4,3,2,4,3,2,3,4
R03777,T149,People & Workplace,DE,EMEA,Men,50-59,Team lead,6-10 years,Hybrid,0,1,2026-05-20,8,2,4,2,5,5,4,4,4,5,4,4,4,4,4,4,3,4,4
R03778,T149,People & Workplace,DE,EMEA,Women,40-49,Team lead,3-5 years,Hybrid,0,1,2026-05-15,7,5,5,4,3,4,2,3,3,3,3,3,4,3,3,2,3,3,3
R03779,T149,People & Workplace,DE,EMEA,Women,40-49,Individual contributor,6-10 years,Remote,0,1,2026-05-22,5,4,3,4,5,4,4,3,3,3,5,3,5,3,4,4,4,4,4
R03780,T149,People & Workplace,DE,EMEA,Men,30-39,Individual contributor,< 1 year,Onsite,1,1,2026-05-18,10,4,5,3,5,5,4,4,5,5,5,5,5,5,5,4,5,5,5
R03781,T149,People & Workplace,DE,EMEA,Men,30-39,Team lead,6-10 years,Onsite,0,1,2026-05-15,10,5,5,4,2,2,3,4,4,4,4,4,4,5,4,5,4,5,4
R03782,T149,People & Workplace,DE,EMEA,Women,40-49,Individual contributor,6-10 years,Onsite,0,1,2026-05-10,7,4,5,5,3,3,3,3,3,3,2,3,4,2,3,2,3,3,3
R03783,T149,People & Workplace,DE,EMEA,Women,30-39,Individual contributor,< 1 year,Onsite,0,1,2026-05-16,4,4,3,3,4,3,3,5,5,4,2,2,4,5,5,5,5,4,4
R03784,T149,People & Workplace,DE,EMEA,Women,18-29,Individual contributor,3-5 years,Onsite,0,1,2026-05-08,7,3,3,4,2,4,5,2,3,4,3,4,4,5,5,4,4,2,2
R03785,T149,People & Workplace,DE,EMEA,Women,40-49,Individual contributor,< 1 year,Hybrid,0,1,2026-05-15,5,4,4,4,2,3,2,4,5,4,3,4,4,2,2,3,3,4,4
R03786,T149,People & Workplace,DE,EMEA,Men,18-29,Team lead,6-10 years,Onsite,0,1,2026-05-15,8,3,5,4,5,4,5,4,3,4,5,5,5,5,5,5,5,5,5
R03787,T149,People & Workplace,DE,EMEA,Women,18-29,Senior leader,< 1 year,Remote,0,1,2026-05-06,6,3,4,4,3,3,4,2,2,3,4,4,5,5,4,4,4,4,3
R03788,T149,People & Workplace,DE,EMEA,Women,40-49,Manager,6-10 years,Hybrid,0,1,2026-05-05,9,5,5,4,4,3,4,5,5,5,4,4,5,5,5,5,5,5,4
R03789,T149,People & Workplace,DE,EMEA,Men,50-59,Individual contributor,< 1 year,Remote,0,1,2026-05-22,9,4,3,2,2,3,3,5,4,5,4,3,3,4,5,5,5,4,4
R03790,T149,People & Workplace,DE,EMEA,Men,40-49,Individual contributor,10 years +,Hybrid,0,1,2026-05-04,7,3,4,4,4,3,4,4,4,4,5,5,5,5,5,4,5,4,5
R03791,T149,People & Workplace,DE,EMEA,Men,30-39,Individual contributor,6-10 years,Hybrid,0,1,2026-05-15,5,4,4,4,5,5,5,4,3,5,4,3,4,4,5,5,3,4,3
R03792,T149,People & Workplace,DE,EMEA,Men,30-39,Individual contributor,1-2 years,Hybrid,0,1,2026-05-17,8,3,4,3,4,4,4,3,2,3,3,5,4,5,5,4,3,2,4
R03793,T149,People & Workplace,DE,EMEA,Women,18-29,Individual contributor,10 years +,Onsite,0,1,2026-05-07,8,5,5,4,4,5,4,4,4,5,4,4,4,3,4,2,4,3,3
R03794,T149,People & Workplace,DE,EMEA,Men,18-29,Team lead,10 years +,Onsite,0,1,2026-05-20,7,4,4,4,5,5,5,2,2,3,4,3,4,5,5,5,4,3,4
R03795,T149,People & Workplace,DE,EMEA,Men,18-29,Individual contributor,6-10 years,Onsite,0,1,2026-05-06,5,3,3,3,3,4,5,4,4,5,3,1,1,4,4,4,4,3,2
R03796,T149,People & Workplace,DE,EMEA,Men,40-49,Individual contributor,< 1 year,Onsite,0,1,2026-05-18,10,5,4,5,3,3,3,5,5,5,5,4,4,4,4,4,4,4,4
R03797,T149,People & Workplace,DE,EMEA,Women,40-49,Manager,1-2 years,Onsite,0,1,2026-05-17,7,5,5,4,5,5,5,3,3,4,3,4,4,4,4,4,4,4,4
R03798,T149,People & Workplace,DE,EMEA,Men,18-29,Manager,1-2 years,Onsite,0,1,2026-05-18,10,5,5,5,4,5,2,4,5,4,5,4,3,4,5,5,4,5,5
R03799,T149,People & Workplace,DE,EMEA,Men,40-49,Team lead,< 1 year,Onsite,0,1,2026-05-17,9,4,3,4,2,2,3,5,5,5,5,4,5,5,5,5,5,4,5
R03800,T149,People & Workplace,DE,EMEA,Men,30-39,Individual contributor,1-2 years,Hybrid,0,1,2026-05-15,9,5,5,5,5,5,5,4,2,4,4,4,4,4,5,4,4,3,4
